# Blender v2.82 (sub 7) OBJ File: 'forest-monster-final.blend'
# www.blender.org
mtllib forest-monster-final.mtl
o Tree_Plane.001
v -1.132658 23.242546 4.697418
v -0.962353 23.225517 5.016663
v -0.778437 23.526495 4.934478
v -0.948762 23.543421 4.615307
v 0.490964 22.047720 5.025204
v 0.499921 22.080990 5.140966
v 0.578864 22.167046 5.110127
v 0.569906 22.133778 4.994363
v -3.274045 22.476734 6.664526
v -3.538373 22.595627 6.402911
v -3.660708 22.870939 6.651402
v -3.396448 22.751753 6.913181
v -4.343546 21.520777 6.820319
v -4.302015 21.687107 6.711449
v -4.475111 21.772057 6.775202
v -4.516642 21.605728 6.884074
v -4.485875 21.541395 6.033742
v -4.448566 21.638107 6.023802
v -4.544722 21.676378 6.035274
v -4.582029 21.579668 6.045209
v -3.463714 21.536192 7.755372
v -3.527651 21.516333 7.770920
v -3.532045 21.568321 7.816342
v -3.468364 21.587118 7.801299
v -1.530205 22.475718 8.603416
v -1.984237 22.319120 8.627039
v -2.033222 22.526188 9.058258
v -1.579189 22.682787 9.034636
v -0.501282 21.599449 8.243673
v -0.397528 21.555733 8.313596
v -0.387194 21.674122 8.372276
v -0.490948 21.717836 8.302353
v -1.109810 20.688822 8.693396
v -1.255635 20.839735 8.550747
v -1.381743 20.913866 8.758086
v -1.235918 20.762955 8.900736
v 0.114903 22.342663 7.464049
v 0.229345 22.307642 7.520987
v 0.217163 22.407715 7.607023
v 0.102721 22.442738 7.550086
v -1.919712 20.492395 8.782565
v -1.945050 20.549053 8.740984
v -1.954523 20.590096 8.802683
v -1.929185 20.533438 8.844263
v -0.533920 23.468126 7.606456
v -0.385056 23.276461 7.778541
v -0.187115 23.488768 7.843774
v -0.335979 23.680433 7.671689
v -0.678051 23.214029 6.922549
v -0.556826 23.066471 7.003541
v -0.395230 23.196430 6.998436
v -0.516456 23.343985 6.917445
v 0.265677 22.863344 5.904199
v 0.308239 22.806019 5.958912
v 0.364323 22.871685 5.984088
v 0.321761 22.929010 5.929375
v 1.243593 23.048008 13.360672
v 1.214537 23.020611 13.393822
v 1.211476 23.061836 13.425207
v 1.240533 23.089230 13.392056
v -0.852977 27.781763 2.919722
v -0.954352 27.762611 2.926855
v -0.965752 27.845554 2.987556
v -0.864377 27.864706 2.980424
v 2.309811 27.255030 10.222439
v 2.392929 27.213543 10.297793
v 2.351243 27.285778 10.383540
v 2.268126 27.327263 10.308185
v -3.105377 28.758383 6.473560
v -3.079495 28.792503 6.430234
v -3.042780 28.817560 6.471896
v -3.068662 28.783438 6.515224
v -4.124089 28.170885 6.970025
v -4.057768 28.167931 6.987344
v -4.065969 28.222532 7.028066
v -4.132291 28.225487 7.010746
v -6.772165 26.969082 8.594898
v -6.761894 26.989861 8.567430
v -6.760983 27.018345 8.589318
v -6.771254 26.997570 8.616788
v -5.141050 24.117985 13.195797
v -5.222741 24.117748 13.179967
v -5.227255 24.197845 13.202063
v -5.145564 24.198082 13.217890
v 2.291342 25.715919 4.873765
v 2.313260 25.683796 4.923713
v 2.324606 25.738319 4.953802
v 2.302689 25.770443 4.903852
v -2.558367 27.866444 4.492539
v -2.495239 27.895208 4.464188
v -2.504812 27.956974 4.505541
v -2.567939 27.928207 4.533894
v 3.129513 24.945366 9.800016
v 3.150836 24.904022 9.862942
v 3.182587 24.968258 9.894388
v 3.161263 25.009604 9.831463
v -2.099822 22.453106 12.501311
v -2.114757 22.460011 12.488551
v -2.123141 22.470848 12.504230
v -2.108207 22.463943 12.516990
v -2.048841 23.940741 7.147928
v -2.478207 23.260080 7.912482
v -2.013649 23.789827 8.698338
v -1.473675 24.361126 7.994019
v -2.170009 24.037430 7.281234
v -2.652882 23.526543 7.911074
v -2.237449 24.000269 8.613829
v -1.731900 24.595425 7.941157
v -2.266464 24.901663 7.472884
v -2.822543 24.994909 8.145717
v -2.124391 24.783642 8.496338
v -1.596966 25.171152 7.939415
v -2.094335 25.369270 7.559682
v -2.464896 25.462051 8.093443
v -1.967527 25.263933 8.473177
v -1.438264 25.664108 7.943476
v -1.938721 25.792015 7.638153
v -2.268956 25.874699 8.113827
v -1.921219 25.673317 8.384127
v -1.571652 25.940586 7.549175
v -1.348511 26.330982 7.677668
v -1.157909 26.103153 8.038881
v -0.801339 25.573425 7.466855
v -0.960616 25.763813 7.165005
v -0.774148 26.090048 7.272380
v -0.614870 25.899662 7.574229
v -1.928611 23.526905 6.365994
v -1.489635 23.659458 6.386507
v -1.558321 24.126606 6.483367
v -2.034919 24.055008 6.490711
v -2.052872 23.325235 6.937399
v -1.313339 23.436333 6.926004
v -1.419917 24.161201 7.076300
v -1.830201 23.664560 5.867191
v -1.523552 23.557972 6.079222
v -1.372373 23.912807 6.038919
v -1.679032 24.019354 5.826920
v -2.088367 23.643343 6.047203
v -2.221333 23.912815 6.301712
v -2.023955 23.735424 6.592649
v -3.611172 22.178806 6.964762
v -3.816924 22.218880 6.822128
v -3.891999 22.399420 6.980772
v -3.685421 22.362938 7.121540
v -3.911263 21.912527 7.052278
v -3.928885 22.027493 6.885655
v -4.074501 22.136728 6.975852
v -4.056988 22.021288 7.142711
v -3.680936 21.963112 7.184490
v -3.838770 21.914078 7.222878
v -3.850249 22.039787 7.336256
v -3.692415 22.088821 7.297868
v -1.323413 22.677906 8.264082
v -2.070464 22.650625 8.154980
v -2.171676 23.133234 8.727324
v -1.424625 23.160513 8.836426
v -1.104401 21.882866 8.805418
v -1.335515 21.699781 8.852324
v -1.329413 21.766609 9.143236
v -1.098299 21.949694 9.096333
v -0.997051 21.588236 8.710482
v -0.846626 21.511820 8.848754
v -0.786757 21.716078 8.896503
v -0.937182 21.792492 8.758234
v -0.943611 21.413429 8.927499
v -1.120886 21.500803 8.768353
v -1.296429 21.475069 8.949765
v -1.119153 21.387695 9.108909
v -0.907027 23.423298 7.389525
v -0.837340 23.079390 7.891631
v -0.750417 23.585218 8.226027
v -0.820104 23.929127 7.723923
v -1.521129 25.665007 8.390644
v -2.071792 26.065187 8.589495
v -1.576195 26.081703 8.664122
v -1.685503 24.944208 9.495689
v -2.138125 24.929123 9.427534
v -2.188417 25.309685 9.677299
v -1.735794 25.324770 9.745453
v -0.663675 23.739435 12.147366
v -0.773448 23.635937 12.272596
v -0.785010 23.791672 12.391166
v -0.675236 23.895168 12.265936
v -0.295836 25.552984 6.888714
v -0.625373 25.554449 6.821423
v -0.595078 25.925201 6.788192
v -0.289696 25.888493 6.865950
v -0.244866 25.540743 6.596336
v -0.557737 25.542131 6.532448
v -0.551907 25.860674 6.510830
v -0.239036 25.859283 6.574719
v -0.196400 25.529102 6.318322
v -0.493423 25.530422 6.257668
v -0.487889 25.832829 6.237147
v -0.190866 25.831509 6.297801
v -0.225149 25.861328 5.525496
v -0.483435 25.812531 5.543667
v -0.512480 26.023857 5.698325
v -0.254193 26.072657 5.680149
v -1.380675 24.964584 9.864302
v -1.451418 24.727695 10.186658
v -1.621697 24.980629 10.407676
v -1.532682 25.283308 10.065161
v 0.665793 25.464798 10.782987
v 0.623235 25.322289 10.976913
v 0.531789 25.514030 11.097749
v 0.574348 25.656540 10.903820
v 0.978798 25.742994 10.783733
v 1.127053 25.668995 10.918140
v 1.052699 25.797838 11.071087
v 0.904444 25.871836 10.936678
v -0.854049 25.849680 6.878970
v -0.566813 26.170822 7.019391
v -0.849940 26.060061 7.120630
v -1.425333 26.804626 6.136686
v -1.247960 26.874016 6.073260
v -1.245385 27.005819 6.224659
v -1.422758 26.936430 6.288084
v -1.732864 27.187275 6.131010
v -1.661743 27.281040 6.011949
v -1.560855 27.349886 6.126434
v -1.631976 27.256124 6.245496
v -3.166103 24.108994 8.575042
v -3.365021 24.466412 8.028184
v -2.764540 24.626793 8.767401
v -4.210317 24.835436 9.265671
v -4.332733 25.055395 8.929128
v -4.085606 25.374062 9.047509
v -3.963190 25.154102 9.384055
v -4.670556 25.522062 9.137153
v -4.352702 25.579712 9.118198
v -4.347763 25.655876 9.432665
v -4.665617 25.598228 9.451619
v -4.790524 26.291731 8.981823
v -4.528417 26.339268 8.966192
v -4.524344 26.402075 9.225504
v -4.786450 26.354536 9.241134
v -4.695745 26.760258 8.618877
v -4.483198 26.750792 8.674382
v -4.509485 26.925787 8.804894
v -4.722033 26.935253 8.749389
v -5.157118 26.521114 8.971161
v -5.098282 26.640125 8.813822
v -5.093060 26.803316 8.939208
v -5.151896 26.684305 9.096548
v -4.405416 24.933325 9.971640
v -4.705447 24.932453 9.913502
v -4.722027 25.226629 9.994655
v -4.421996 25.227501 10.052789
v 0.108068 25.629616 5.659399
v 0.193825 25.503922 5.854843
v 0.238220 25.717270 5.972580
v 0.152463 25.842968 5.777133
v -1.633490 27.046968 5.845057
v -1.490871 27.111959 5.781002
v -1.512496 27.251493 5.874427
v -1.655115 27.186502 5.938483
v 1.079083 25.425249 10.730516
v 1.135317 25.316219 10.896454
v 1.219045 25.485624 10.979387
v 1.162811 25.594654 10.813447
v -1.577201 24.570332 10.239796
v -1.942836 24.449793 10.338592
v -2.005603 24.794304 10.526628
v -1.031799 23.920425 11.775564
v -1.255574 23.846653 11.836029
v -1.293989 24.057503 11.951109
v -1.070213 24.131273 11.890647
v -1.213252 23.493069 12.153320
v -1.339720 23.551544 12.045265
v -1.410721 23.643316 12.178029
v -1.284253 23.584843 12.286084
v -1.928611 23.526905 6.365994
v -1.489635 23.659458 6.386507
v -1.558321 24.126606 6.483367
v -2.034919 24.055008 6.490711
v 0.904444 25.871836 10.936679
v 1.052699 25.797838 11.071088
v 1.127053 25.668997 10.918141
v 0.978798 25.742994 10.783733
v -2.581827 26.855938 5.486247
v -6.534361 27.164690 11.915331
v -5.364281 30.034925 3.622949
v -9.316816 30.343674 10.052040
v -3.935303 28.852409 3.608813
v -3.002201 27.828817 4.142036
v -7.880342 28.209881 12.076687
v -8.733622 29.227245 11.413637
v -3.354145 28.457203 9.371477
v -5.762045 25.563425 8.030101
v -4.787750 31.990459 5.968740
v -7.861447 28.296520 4.256452
v -3.943843 31.252605 7.306898
v -3.497255 30.037266 8.423718
v -6.796605 26.072151 6.585735
v -7.527686 26.945591 5.310427
v -4.700109 26.677269 10.803797
v -5.435969 26.847143 7.114016
v -7.242887 24.929972 11.230470
v -7.978747 25.099834 7.540682
v -6.244732 25.543585 11.470968
v -5.421049 26.102770 11.371263
v -6.329233 26.312420 6.817407
v -7.138055 25.749805 6.991629
v -4.267404 25.544395 8.743172
v -5.868676 27.980019 9.174644
v -6.422593 23.395531 10.092850
v -8.466628 26.504631 10.643639
v -5.460777 23.741562 9.577366
v -4.763183 24.489494 9.133078
v -6.957278 27.826839 9.724297
v -7.844063 27.366678 10.219564
v -6.525412 26.955315 5.477531
v -2.590777 27.065315 11.924047
v -9.297492 30.266018 7.112988
v -5.362858 30.376011 13.559507
v -8.716133 29.057161 5.831907
v -7.866002 27.993282 5.241813
v -3.009954 28.129036 13.197979
v -3.939546 29.190687 13.657879
v -3.345590 28.402882 7.936974
v -5.770598 25.617760 9.464605
v -6.856538 32.106983 7.671351
v -9.952077 28.551754 9.621376
v -5.317584 31.295666 7.527673
v -4.178769 30.024784 7.636055
v -7.501561 26.208555 9.729239
v -8.926888 27.150372 9.801340
v -1.421922 27.605753 7.550511
v -2.262283 26.672262 3.365858
v -2.629164 33.488220 6.480694
v -3.469520 32.554703 2.296019
v -2.102735 31.461105 7.315248
v -1.706715 29.582211 7.700926
v -2.743866 28.430071 2.536288
v -3.122913 30.327818 2.235111
v -3.486988 26.872311 5.847996
v -0.197214 27.405674 5.068369
v -4.940022 32.995071 5.982830
v -0.740603 33.675915 4.987628
v -4.955776 30.873077 6.056401
v -4.428694 28.839083 6.001324
v 0.079019 29.569904 4.933060
v -0.059376 31.666920 4.896024
v -1.771101 28.391914 6.788240
v 0.353974 23.482559 4.117341
v 1.710389 33.448483 0.263746
v 3.835454 28.539194 -2.407103
v 0.224177 32.145390 2.908655
v -0.914870 30.571758 5.030041
v 1.707855 24.512743 1.733681
v 2.803980 26.185541 -0.333750
v -2.699537 25.737591 4.235689
v 1.282402 26.136864 6.669917
v -0.296354 32.094467 -1.990785
v 4.773631 32.598537 1.109406
v -1.700021 29.916643 -0.285789
v -2.450712 27.801962 1.821557
v 3.005394 28.349056 5.156962
v 4.226573 30.510954 3.337251
v 1.762522 27.996819 5.770395
v -1.655980 23.588814 5.741173
v 5.777520 24.865814 8.385360
v 2.359027 20.457769 8.356092
v 4.691522 26.469555 7.442962
v 3.437192 27.519146 6.603829
v -0.781851 22.078852 6.567744
v 0.541519 21.118271 7.407452
v 0.868060 25.174185 3.763986
v -0.761523 26.411484 7.747606
v 6.059792 23.004797 5.865534
v 3.979612 24.584244 10.950679
v 4.576937 23.539835 4.559443
v 2.825191 24.279037 3.910674
v 0.592302 25.974430 9.369122
v 2.151511 25.381428 10.488562
v 1.949538 27.840233 14.105051
v 0.585402 24.384531 7.666163
v 1.731045 33.427074 11.152921
v 0.366912 29.971363 4.714025
v 1.956001 31.776707 12.909270
v 2.039913 30.018177 13.921947
v 0.356323 25.753222 5.975206
v 0.299962 27.581520 5.092555
v -1.589378 26.274498 11.403848
v 4.124320 25.950260 10.367365
v -2.238770 32.885262 10.267962
v 5.054802 32.471378 8.944884
v -2.890878 30.730961 10.804152
v -2.600190 28.523159 11.169313
v 5.228828 28.078892 9.749102
v 5.613214 30.248383 9.261477
v 2.011023 25.660591 13.989064
v 0.635370 25.417961 7.737617
v 6.990923 27.535858 12.820438
v 5.615272 27.293221 6.568990
v 5.337464 26.883753 13.911850
v 3.752764 26.284227 14.350115
v 2.054961 25.984783 6.634705
v 3.667443 26.589205 6.322688
v 0.461096 27.890018 10.961811
v 2.185299 23.188526 10.764864
v 5.620813 30.501362 11.457460
v 7.824556 24.499348 11.212492
v 3.640254 30.345367 11.325426
v 1.942222 29.413910 11.156553
v 4.304760 22.971840 10.886687
v 6.206910 23.347706 11.033340
v -0.185624 26.731899 9.964348
v -1.157102 20.951820 14.690666
v 4.090028 29.298429 13.981911
v 3.118546 23.518400 18.708244
v 2.647968 28.988840 12.023550
v 1.285258 28.223328 10.686152
v 0.093891 21.097559 16.509064
v 1.468603 21.971987 17.761269
v 1.488139 22.369013 10.970169
v -2.830865 25.314735 13.684848
v 6.666795 26.089172 13.405411
v 1.153562 29.849373 16.870697
v 5.597131 24.401325 12.180997
v 3.814806 23.199539 11.404516
v -2.103173 27.235807 15.124207
v -0.831136 28.785620 16.221422
v 3.582737 26.288746 13.788008
v -1.047797 25.936010 7.983205
v 6.900173 30.809551 10.866959
v 2.269638 30.456821 5.062147
v 6.196078 29.212646 12.544229
v 5.177912 27.764992 13.540525
v -0.537001 27.329649 6.376347
v 0.574682 28.784424 5.497273
v -0.419904 28.140684 12.108387
v 2.954844 24.084072 9.662827
v 3.695691 33.367023 11.030702
v 8.003584 28.188721 7.908915
v 1.810812 32.241577 11.761695
v 0.482786 30.446766 12.089153
v 5.106931 24.888325 8.738199
v 6.833684 26.203842 8.121798
v 2.716823 24.231857 13.433641
v -0.070430 26.846701 8.293045
v 7.619018 25.133354 11.234210
v 4.831764 27.748201 6.093613
v 6.144686 24.527618 12.579489
v 4.599184 24.211826 13.337434
v 1.159212 27.439016 6.993012
v 2.761003 27.702002 6.338883
v 1.403394 27.788870 11.964155
v 1.243001 23.289677 9.762522
v 7.121956 28.629652 11.406511
v 6.917215 22.886425 8.596107
v 5.240150 29.033335 11.927074
v 3.331879 28.694630 12.084356
v 3.112109 22.529758 9.067627
v 5.001430 22.336897 8.650223
v -0.839495 20.084152 12.216402
v -0.501249 27.601198 12.433867
v 4.608532 19.741951 15.565821
v 4.949584 27.260998 15.775202
v 2.601050 19.060215 14.334711
v 0.848347 19.093845 13.258366
v 1.268257 28.373245 13.520878
v 3.028300 28.196121 14.544058
v -2.212703 23.840643 14.837378
v 0.869972 23.843132 9.817663
v 2.781962 21.502647 18.859241
v 6.717023 21.505808 12.451511
v 0.648458 22.281609 18.281696
v -0.976383 23.060966 16.875866
v 3.247558 23.064379 9.997746
v 5.236621 22.285307 10.810486
v 0.976195 20.776392 11.362104
v -3.322521 26.757370 12.924219
v -2.869227 17.458813 13.482128
v -7.167959 23.439831 15.044292
v -1.018863 18.018467 12.548438
v 0.258969 19.023136 11.851954
v -5.047487 26.404552 13.779533
v -6.237445 25.279299 14.444834
v -2.442805 23.546062 9.494718
v 0.096471 23.987732 14.791651
v -5.543642 18.544811 10.492456
v -2.302242 19.108517 17.254025
v -4.896039 20.144764 9.354660
v -3.829440 21.817583 9.090889
v -0.350081 22.422762 16.348873
v -1.116666 20.802101 17.238478
v -2.308980 23.639790 10.337521
v -6.930287 26.520142 9.318050
v -4.319024 22.524731 16.291412
v -8.940648 25.402933 15.274681
v -3.097986 22.618383 14.249420
v -2.405977 22.947922 12.347579
v -8.109504 26.502789 11.089373
v -8.708182 26.115072 13.011795
v -5.600967 23.267960 9.156730
v -3.638298 26.891968 10.498837
v -6.680742 20.873737 15.265459
v -4.175382 25.499805 16.978670
v -6.619171 21.120880 13.025183
v -6.233751 21.966042 11.006375
v -3.544465 26.931740 12.845367
v -3.697997 26.514763 15.022745
v -4.780685 27.462193 10.683336
v -5.355394 26.062218 7.234478
v -7.829374 27.240978 11.281158
v -8.404084 25.841007 7.832302
v -6.665533 27.470749 11.433998
v -5.681075 27.555899 11.276918
v -6.390369 25.828079 7.020407
v -7.363221 25.771206 7.247137
v -4.867104 25.398476 9.478998
v -5.268977 28.125940 8.438819
v -7.742465 25.168692 11.141390
v -8.255460 28.650311 9.813601
v -6.722919 24.830671 10.745385
v -5.769687 24.942694 10.177741
v -6.320341 28.679914 8.752466
v -7.321055 28.890135 9.197216
v -2.268812 24.873835 6.589553
v -6.847379 29.146807 10.812032
v -1.899817 28.302923 3.519539
v -6.478385 32.575912 7.742027
v -1.543369 26.605865 4.177837
v -1.615586 25.461958 5.120699
v -7.266362 30.735561 10.331999
v -7.101679 31.793186 9.303860
v -2.976906 27.726398 9.690676
v -6.139282 26.294235 7.710902
v -0.953147 30.259964 5.740591
v -4.989937 28.431784 3.213389
v -1.147003 29.633152 7.358243
v -1.862670 28.770023 8.649220
v -6.195817 26.807644 5.936493
v -5.853784 27.501558 4.411604
v -1.798300 28.160046 4.378810
v -1.730550 26.950483 8.160440
v -5.299748 32.235161 5.744990
v -5.231997 31.025585 9.526619
v -4.040936 30.891094 4.846398
v -2.917624 29.595160 4.369655
v -2.834009 28.102333 9.036869
v -3.958687 29.422688 9.437237
v -0.558836 28.497368 6.549360
v -2.970015 26.613171 5.989894
v -3.784553 33.199684 7.006187
v -6.862437 30.794498 6.292016
v -2.342777 31.918674 6.938962
v -1.298861 30.326759 6.779417
v -4.602701 27.744991 6.012816
v -5.931499 29.114296 6.106258
v -3.615247 26.933191 6.327484
v -0.068956 27.344795 4.588881
v -5.714526 30.806557 2.962490
v -2.168232 31.218147 1.223880
v -5.334889 29.361975 4.365224
v -4.696812 28.114433 5.462972
v -0.320049 28.622417 3.317222
v -1.029742 29.861631 2.254577
v -2.220052 26.037994 4.426617
v -1.464152 28.240019 6.489752
v -5.387426 29.541662 1.198997
v -4.422521 32.352619 3.832630
v -4.446544 28.039036 1.961245
v -3.380934 26.899752 3.063923
v -2.345187 29.917030 5.890874
v -3.321491 31.316502 5.031972
v 0.912483 23.145283 5.577888
v -0.805939 28.440365 5.933671
v 5.940595 24.917072 3.494529
v 4.222178 30.212116 3.850288
v 4.306377 23.709890 4.209763
v 2.709664 23.087660 4.874944
v 0.588821 29.622749 5.314049
v 2.220241 30.138029 4.641674
v 0.871131 25.918427 7.836486
v -0.764596 25.667242 3.675109
v 6.637755 26.341732 6.210554
v 4.549741 26.021101 0.898520
v 4.964204 26.238810 7.385123
v 3.020746 26.094448 7.873045
v 0.779443 25.750273 2.171041
v 2.529640 25.864962 1.191453
v 1.475754 24.959429 3.408717
v -2.892892 26.915051 7.496882
v -0.850650 31.984484 -2.437997
v -5.219303 33.940220 1.650200
v 0.457942 29.235144 -0.761304
v 1.248850 26.960314 1.074263
v -4.142841 29.373898 6.119775
v -4.845527 31.609287 4.201660
v 0.959098 27.393002 6.538458
v -2.376235 24.481453 4.367137
v 0.225199 34.382015 -0.157687
v -4.032373 30.665335 -2.929396
v 0.976855 32.494957 2.404435
v 1.178161 30.127464 4.608275
v -3.391980 26.138004 1.633109
v -3.987356 28.161486 -0.827267
v -2.614745 26.787142 5.432709
v -6.567278 27.095896 11.861794
v -5.397199 29.966129 3.569409
v -9.349734 30.274879 9.998503
v -3.968220 28.783613 3.555276
v -3.035119 27.760025 4.088498
v -7.913259 28.141087 12.023149
v -8.766539 29.158449 11.360100
v -3.387062 28.388409 9.317940
v -5.794962 25.494631 7.976562
v -4.820667 31.921658 5.915200
v -7.894363 28.227722 4.202910
v -3.976761 31.183811 7.253360
v -3.530172 29.968468 8.370178
v -6.829521 26.003353 6.532195
v -7.560603 26.876797 5.256889
v -4.733027 26.608475 10.750258
v -5.468886 26.778345 7.060477
v -7.275806 24.861176 11.176934
v -8.011664 25.031040 7.487144
v -6.277650 25.474789 11.417432
v -5.453965 26.033970 11.317722
v -6.362150 26.243626 6.763869
v -7.170973 25.681009 6.938090
v -4.300321 25.475595 8.689632
v -5.901593 27.911224 9.121109
v -6.455510 23.326733 10.039311
v -8.499546 26.435833 10.590097
v -5.493694 23.672766 9.523825
v -4.796099 24.420694 9.079537
v -6.990195 27.758039 9.670759
v -7.876981 27.297884 10.166027
v -6.558330 26.886517 5.423996
v -2.623693 26.996515 11.870506
v -9.330409 30.197224 7.059451
v -5.395775 30.307213 13.505968
v -8.749051 28.988367 5.778368
v -7.898920 27.924484 5.188276
v -3.042872 28.060242 13.144440
v -3.972464 29.121893 13.604343
v -3.378507 28.334084 7.883436
v -5.803516 25.548965 9.411069
v -6.889456 32.038189 7.617815
v -9.984994 28.482960 9.567839
v -5.350500 31.226868 7.474132
v -4.211687 29.955990 7.582519
v -7.534478 26.139761 9.675702
v -8.959806 27.081577 9.747803
v -1.454839 27.536959 7.496976
v -2.295200 26.603470 3.312321
v -2.662082 33.419422 6.427155
v -3.502437 32.485905 2.242481
v -2.135653 31.392307 7.261711
v -1.739632 29.513412 7.647388
v -2.776783 28.361277 2.482751
v -3.155830 30.259020 2.181575
v -3.519906 26.803514 5.794459
v -0.230131 27.336878 5.014830
v -4.972939 32.926277 5.929292
v -0.773521 33.607121 4.934090
v -4.988693 30.804279 6.002863
v -4.461612 28.770287 5.947786
v 0.046102 29.501106 4.879521
v -0.092294 31.598125 4.842487
v -1.804018 28.323116 6.734701
v 0.321057 23.413763 4.063802
v 1.677472 33.379684 0.210209
v 3.802537 28.470398 -2.460643
v 0.191259 32.076588 2.855115
v -0.947787 30.502964 4.976504
v 1.674938 24.443947 1.680141
v 2.771064 26.116743 -0.387291
v -2.732454 25.668798 4.182152
v 1.249485 26.068068 6.616380
v -0.329263 32.025654 -2.044282
v 4.740749 32.529713 1.056010
v -1.732938 29.847851 -0.339326
v -2.483629 27.733170 1.768021
v 2.972477 28.280262 5.103425
v 4.193656 30.442154 3.283712
v 1.729605 27.928024 5.716858
v -1.688897 23.520016 5.687632
v 5.744603 24.797018 8.331820
v 2.326111 20.388969 8.302551
v 4.658605 26.400757 7.389421
v 3.404275 27.450350 6.550294
v -0.814768 22.010054 6.514206
v 0.508603 21.049473 7.353911
v 0.835143 25.105387 3.710447
v -0.794440 26.342686 7.694065
v 6.026875 22.935999 5.811995
v 3.946696 24.515446 10.897140
v 4.544021 23.471039 4.505904
v 2.792274 24.210241 3.857137
v 0.559385 25.905634 9.315584
v 2.118595 25.312626 10.435023
v 1.916621 27.771435 14.051510
v 0.552485 24.315737 7.612625
v 1.698128 33.358280 11.099383
v 0.333995 29.902567 4.660486
v 1.923083 31.707909 12.855734
v 2.006997 29.949383 13.868410
v 0.323406 25.684427 5.921667
v 0.267045 27.512724 5.039019
v -1.622295 26.205704 11.350310
v 4.091402 25.881466 10.313828
v -2.271687 32.816463 10.214422
v 5.021886 32.402580 8.891340
v -2.923795 30.662163 10.750614
v -2.633107 28.454365 11.115778
v 5.195913 28.010096 9.695561
v 5.580296 30.179588 9.207940
v 1.978106 25.591795 13.935527
v 0.602453 25.349165 7.684081
v 6.958008 27.467060 12.766899
v 5.582355 27.224426 6.515450
v 5.304547 26.814959 13.858313
v 3.719847 26.215429 14.296576
v 2.022045 25.915987 6.581168
v 3.634526 26.520411 6.269152
v 0.428179 27.821220 10.908274
v 2.152383 23.119728 10.711324
v 5.587915 30.432554 11.403976
v 7.791639 24.430552 11.158953
v 3.607341 30.276571 11.271899
v 1.909305 29.345114 11.103014
v 4.271843 22.903042 10.833148
v 6.173994 23.278912 10.979802
v -0.218541 26.663105 9.910810
v -1.190018 20.883022 14.637125
v 4.057110 29.229635 13.928371
v 3.085629 23.449608 18.654711
v 2.615051 28.920042 11.970011
v 1.252341 28.154530 10.632610
v 0.060971 21.028728 16.455620
v 1.435687 21.903185 17.707727
v 1.455222 22.300215 10.916630
v -2.863782 25.245941 13.631312
v 6.633880 26.020376 13.351870
v 1.120645 29.780579 16.817162
v 5.564215 24.332531 12.127461
v 3.781889 23.130741 11.350977
v -2.136090 27.167009 15.070667
v -0.864055 28.716824 16.167883
v 3.549821 26.219948 13.734468
v -1.080714 25.867214 7.929667
v 6.867254 30.740757 10.813421
v 2.236721 30.388027 5.008610
v 6.163161 29.143850 12.490691
v 5.144995 27.696196 13.486986
v -0.569918 27.260853 6.322808
v 0.541766 28.715630 5.443735
v -0.452820 28.071886 12.054846
v 2.921927 24.015274 9.609287
v 3.662775 33.298225 10.977163
v 7.970667 28.119923 7.855379
v 1.777894 32.172783 11.708157
v 0.449869 30.377972 12.035616
v 5.074015 24.819530 8.684661
v 6.800768 26.135046 8.068257
v 2.683906 24.163057 13.380105
v -0.103347 26.777903 8.239506
v 7.586102 25.064556 11.180669
v 4.798846 27.679405 6.040074
v 6.111771 24.458820 12.525949
v 4.566268 24.143028 13.283897
v 1.126295 27.370218 6.939473
v 2.728086 27.633204 6.285344
v 1.370477 27.720074 11.910616
v 1.210084 23.220879 9.708982
v 7.089040 28.560854 11.352972
v 6.884299 22.817627 8.542568
v 5.207233 28.964540 11.873535
v 3.298962 28.625835 12.030817
v 3.079192 22.460964 9.014088
v 4.968514 22.268101 8.596682
v -0.872426 20.015337 12.162909
v -0.534166 27.532400 12.380328
v 4.575612 19.673149 15.512295
v 4.916660 27.192190 15.721685
v 2.568135 18.991417 14.281172
v 0.815431 19.025049 13.204828
v 1.235340 28.304443 13.467338
v 2.995307 28.127243 14.490747
v -2.245620 23.771849 14.783844
v 0.837055 23.774334 9.764124
v 2.749046 21.433846 18.805698
v 6.684107 21.437010 12.397970
v 0.615541 22.212814 18.228163
v -1.009301 22.992172 16.822330
v 3.214642 22.995583 9.944206
v 5.203705 22.216507 10.756947
v 0.943279 20.707596 11.308565
v -3.355438 26.688572 12.870680
v -2.902143 17.390017 13.428589
v -7.200876 23.371037 14.990753
v -1.051779 17.949673 12.494896
v 0.226053 18.954338 11.798416
v -5.080399 26.335749 13.725998
v -6.270362 25.210501 14.391296
v -2.475722 23.477264 9.441180
v 0.063555 23.918938 14.738115
v -5.576558 18.476019 10.438917
v -2.335157 19.039717 17.200485
v -4.928956 20.075968 9.301119
v -3.862357 21.748787 9.037350
v -0.382997 22.353960 16.295332
v -1.149583 20.733303 17.184937
v -2.341896 23.570992 10.283983
v -6.963205 26.451347 9.264517
v -4.351945 22.455931 16.237892
v -8.973565 25.334139 15.221144
v -3.130903 22.549587 14.195881
v -2.438894 22.879124 12.294041
v -8.142421 26.433990 11.035831
v -8.741099 26.046274 12.958256
v -5.633884 23.199162 9.103192
v -3.671215 26.823170 10.445297
v -6.713659 20.804939 15.211922
v -4.208299 25.431011 16.925131
v -6.652088 21.052082 12.971641
v -6.266667 21.897242 10.952837
v -3.577384 26.862946 12.791830
v -3.730915 26.445969 14.969210
v -4.813602 27.393398 10.629799
v -5.388311 25.993420 7.180939
v -7.862292 27.172180 11.227619
v -8.437001 25.772209 7.778763
v -6.698451 27.401955 11.380459
v -5.713992 27.487103 11.223379
v -6.423286 25.759281 6.966867
v -7.396139 25.702408 7.193598
v -4.900021 25.329681 9.425460
v -5.301893 28.057144 8.385279
v -7.775383 25.099897 11.087853
v -8.288377 28.581514 9.760061
v -6.755836 24.761875 10.691848
v -5.802604 24.873898 10.124203
v -6.353259 28.611120 8.698929
v -7.353973 28.821341 9.143677
v -2.301729 24.805042 6.536014
v -6.880296 29.078011 10.758494
v -1.932734 28.234129 3.466000
v -6.511304 32.507122 7.688492
v -1.576286 26.537073 4.124301
v -1.648503 25.393162 5.067161
v -7.299279 30.666763 10.278458
v -7.134597 31.724392 9.250322
v -3.009823 27.657600 9.637136
v -6.172199 26.225439 7.657364
v -0.986064 30.191166 5.687051
v -5.022855 28.362988 3.159851
v -1.179919 29.564354 7.304705
v -1.895587 28.701229 8.595682
v -6.228735 26.738848 5.882954
v -5.886701 27.432762 4.358067
v -1.831217 28.091251 4.325274
v -1.763466 26.881683 8.106900
v -5.332666 32.166363 5.691453
v -5.264915 30.956787 9.473080
v -4.073853 30.822300 4.792862
v -2.950542 29.526363 4.316117
v -2.866925 28.033535 8.983328
v -3.991604 29.353889 9.383698
v -0.591753 28.428568 6.495822
v -3.002932 26.544373 5.936357
v -3.817471 33.130890 6.952648
v -6.895353 30.725704 6.238480
v -2.375695 31.849880 6.885424
v -1.331779 30.257965 6.725880
v -4.635618 27.676193 5.959276
v -5.964417 29.045502 6.052720
v -3.648165 26.864393 6.273943
v -0.101873 27.276001 4.535344
v -5.747444 30.737759 2.908952
v -2.201149 31.149351 1.170340
v -5.367807 29.293179 4.311687
v -4.729730 28.045639 5.409432
v -0.352966 28.553623 3.263685
v -1.062660 29.792835 2.201041
v -2.252969 25.969200 4.373077
v -1.497069 28.171219 6.436212
v -5.420343 29.472870 1.145461
v -4.455440 32.283829 3.779096
v -4.479462 27.970240 1.907709
v -3.413851 26.830961 3.010385
v -2.378104 29.848236 5.837337
v -3.354409 31.247707 4.978435
v 0.879566 23.076485 5.524349
v -0.838857 28.371569 5.880134
v 5.907679 24.848276 3.440988
v 4.189260 30.143320 3.796749
v 4.273462 23.641090 4.156222
v 2.676748 23.018862 4.821406
v 0.555904 29.553949 5.260509
v 2.187323 30.069233 4.588135
v 0.838215 25.849628 7.782948
v -0.797513 25.598446 3.621572
v 6.604839 26.272936 6.157015
v 4.516825 25.952307 0.844982
v 4.931288 26.170013 7.331585
v 2.987830 26.025652 7.819507
v 0.746526 25.681475 2.117500
v 2.496723 25.796167 1.137914
v 1.442837 24.890633 3.355178
v -2.925809 26.846254 7.443346
v -0.883568 31.915693 -2.491536
v -5.252221 33.871422 1.596663
v 0.425024 29.166353 -0.814838
v 1.215934 26.891516 1.020721
v -4.175759 29.305101 6.066236
v -4.878444 31.540493 4.148122
v 0.926181 27.324203 6.484920
v -2.409152 24.412659 4.313598
v 0.192282 34.313221 -0.211223
v -4.065291 30.596544 -2.982931
v 0.943938 32.426159 2.350900
v 1.145244 30.058664 4.554735
v -3.424897 26.069208 1.579570
v -4.020273 28.092693 -0.880804
vt 0.015602 0.666633
vt 0.015602 0.999900
vt 0.655756 0.999900
vt 0.655756 0.666633
vt 0.015602 0.000100
vt 0.015602 0.333367
vt 0.655756 0.333367
vt 0.655756 0.000100
vt 0.015602 0.666633
vt 0.015602 0.999900
vt 0.655756 0.999900
vt 0.655756 0.666633
vt 0.015602 0.000100
vt 0.015602 0.333367
vt 0.655756 0.333367
vt 0.655756 0.000100
vt 0.015602 0.666633
vt 0.015602 0.999900
vt 0.655756 0.999900
vt 0.655756 0.666633
vt 0.015602 0.000100
vt 0.015602 0.333367
vt 0.655756 0.333367
vt 0.655756 0.000100
vt 0.015602 0.666633
vt 0.015602 0.999900
vt 0.655756 0.999900
vt 0.655756 0.666633
vt 0.015602 0.000100
vt 0.015602 0.333367
vt 0.655756 0.333367
vt 0.655756 0.000100
vt 0.015602 0.666633
vt 0.015602 0.999900
vt 0.655756 0.999900
vt 0.655756 0.666633
vt 0.015602 0.000100
vt 0.015602 0.333367
vt 0.655756 0.333367
vt 0.655756 0.000100
vt 0.015602 0.666633
vt 0.015602 0.999900
vt 0.655756 0.999900
vt 0.655756 0.666633
vt 0.015602 0.000100
vt 0.015602 0.333367
vt 0.655756 0.333367
vt 0.655756 0.000100
vt 0.015602 0.666633
vt 0.015602 0.999900
vt 0.655756 0.999900
vt 0.655756 0.666633
vt 0.015602 0.000100
vt 0.015602 0.333367
vt 0.655756 0.333367
vt 0.655756 0.000100
vt 0.015602 0.666633
vt 0.015602 0.999900
vt 0.655756 0.999900
vt 0.655756 0.666633
vt 0.015602 0.000100
vt 0.015602 0.333367
vt 0.655756 0.333367
vt 0.655756 0.000100
vt 0.015602 0.666633
vt 0.015602 0.999900
vt 0.655756 0.999900
vt 0.655756 0.666633
vt 0.015602 0.000100
vt 0.015602 0.333367
vt 0.655756 0.333367
vt 0.655756 0.000100
vt 0.015602 0.666633
vt 0.015602 0.999900
vt 0.655756 0.999900
vt 0.655756 0.666633
vt 0.015602 0.000100
vt 0.015602 0.333367
vt 0.655756 0.333367
vt 0.655756 0.000100
vt 0.015602 0.666633
vt 0.015602 0.999900
vt 0.655756 0.999900
vt 0.655756 0.666633
vt 0.015602 0.000100
vt 0.015602 0.333367
vt 0.655756 0.333367
vt 0.655756 0.000100
vt 0.015602 0.666633
vt 0.015602 0.999900
vt 0.655756 0.999900
vt 0.655756 0.666633
vt 0.015602 0.000100
vt 0.015602 0.333367
vt 0.655756 0.333367
vt 0.655756 0.000100
vt 0.015602 0.666633
vt 0.015602 0.999900
vt 0.655756 0.999900
vt 0.655756 0.666633
vt 0.015602 0.000100
vt 0.015602 0.333367
vt 0.655756 0.333367
vt 0.655756 0.000100
vt 0.015602 0.666633
vt 0.015602 0.999900
vt 0.655756 0.999900
vt 0.655756 0.666633
vt 0.015602 0.000100
vt 0.015602 0.333367
vt 0.655756 0.333367
vt 0.655756 0.000100
vt 0.015602 0.666633
vt 0.015602 0.999900
vt 0.655756 0.999900
vt 0.655756 0.666633
vt 0.015602 0.000100
vt 0.015602 0.333367
vt 0.655756 0.333367
vt 0.655756 0.000100
vt 0.015602 0.666633
vt 0.015602 0.999900
vt 0.655756 0.999900
vt 0.655756 0.666633
vt 0.015602 0.000100
vt 0.015602 0.333367
vt 0.655756 0.333367
vt 0.655756 0.000100
vt 0.015602 0.666633
vt 0.015602 0.999900
vt 0.655756 0.999900
vt 0.655756 0.666633
vt 0.015602 0.000100
vt 0.015602 0.333367
vt 0.655756 0.333367
vt 0.655756 0.000100
vt 0.015602 0.666633
vt 0.015602 0.999900
vt 0.655756 0.999900
vt 0.655756 0.666633
vt 0.015602 0.000100
vt 0.015602 0.333367
vt 0.655756 0.333367
vt 0.655756 0.000100
vt 0.015602 0.666633
vt 0.015602 0.999900
vt 0.655756 0.999900
vt 0.655756 0.666633
vt 0.015602 0.000100
vt 0.015602 0.333367
vt 0.655756 0.333367
vt 0.655756 0.000100
vt 0.015602 0.666633
vt 0.015602 0.999900
vt 0.655756 0.999900
vt 0.655756 0.666633
vt 0.015602 0.000100
vt 0.015602 0.333367
vt 0.655756 0.333367
vt 0.655756 0.000100
vt 0.015602 0.666633
vt 0.015602 0.999900
vt 0.655756 0.999900
vt 0.655756 0.666633
vt 0.015602 0.000100
vt 0.015602 0.333367
vt 0.655756 0.333367
vt 0.655756 0.000100
vt 0.015602 0.666633
vt 0.015602 0.999900
vt 0.655756 0.999900
vt 0.655756 0.666633
vt 0.015602 0.000100
vt 0.015602 0.333367
vt 0.655756 0.333367
vt 0.655756 0.000100
vt 0.015602 0.666633
vt 0.015602 0.999900
vt 0.655756 0.999900
vt 0.655756 0.666633
vt 0.015602 0.000100
vt 0.015602 0.333367
vt 0.655756 0.333367
vt 0.655756 0.000100
vt 0.015602 0.666633
vt 0.015602 0.999900
vt 0.655756 0.999900
vt 0.655756 0.666633
vt 0.015602 0.000100
vt 0.015602 0.333367
vt 0.655756 0.333367
vt 0.655756 0.000100
vt 0.015602 0.666633
vt 0.015602 0.999900
vt 0.655756 0.999900
vt 0.655756 0.666633
vt 0.015602 0.000100
vt 0.015602 0.333367
vt 0.655756 0.333367
vt 0.655756 0.000100
vt 0.015602 0.666633
vt 0.015602 0.999900
vt 0.655756 0.999900
vt 0.655756 0.666633
vt 0.015602 0.000100
vt 0.015602 0.333367
vt 0.655756 0.333367
vt 0.655756 0.000100
vt 0.015602 0.666633
vt 0.015602 0.999900
vt 0.655756 0.999900
vt 0.655756 0.666633
vt 0.015602 0.000100
vt 0.015602 0.333367
vt 0.655756 0.333367
vt 0.655756 0.000100
vt 0.015602 0.666633
vt 0.015602 0.999900
vt 0.655756 0.999900
vt 0.655756 0.666633
vt 0.015602 0.000100
vt 0.015602 0.333367
vt 0.655756 0.333367
vt 0.655756 0.000100
vt 0.015602 0.666633
vt 0.015602 0.999900
vt 0.655756 0.999900
vt 0.655756 0.666633
vt 0.015602 0.000100
vt 0.015602 0.333367
vt 0.655756 0.333367
vt 0.655756 0.000100
vt 0.015602 0.666633
vt 0.015602 0.999900
vt 0.655756 0.999900
vt 0.655756 0.666633
vt 0.015602 0.000100
vt 0.015602 0.333367
vt 0.655756 0.333367
vt 0.655756 0.000100
vt 0.015602 0.666633
vt 0.015602 0.999900
vt 0.655756 0.999900
vt 0.655756 0.666633
vt 0.015602 0.000100
vt 0.015602 0.333367
vt 0.655756 0.333367
vt 0.655756 0.000100
vt 0.015602 0.666633
vt 0.015602 0.999900
vt 0.655756 0.999900
vt 0.655756 0.666633
vt 0.015602 0.000100
vt 0.015602 0.333367
vt 0.655756 0.333367
vt 0.655756 0.000100
vt 0.015602 0.666633
vt 0.015602 0.999900
vt 0.655756 0.999900
vt 0.655756 0.666633
vt 0.015602 0.000100
vt 0.015602 0.333367
vt 0.655756 0.333367
vt 0.655756 0.000100
vt 0.015602 0.666633
vt 0.015602 0.999900
vt 0.655756 0.999900
vt 0.655756 0.666633
vt 0.015602 0.000100
vt 0.015602 0.333367
vt 0.655756 0.333367
vt 0.655756 0.000100
vt 0.015602 0.666633
vt 0.015602 0.999900
vt 0.655756 0.999900
vt 0.655756 0.666633
vt 0.015602 0.000100
vt 0.015602 0.333367
vt 0.655756 0.333367
vt 0.655756 0.000100
vt 0.015602 0.666633
vt 0.015602 0.999900
vt 0.655756 0.999900
vt 0.655756 0.666633
vt 0.015602 0.000100
vt 0.015602 0.333367
vt 0.655756 0.333367
vt 0.655756 0.000100
vt 0.015602 0.666633
vt 0.015602 0.999900
vt 0.655756 0.999900
vt 0.655756 0.666633
vt 0.015602 0.000100
vt 0.015602 0.333367
vt 0.655756 0.333367
vt 0.655756 0.000100
vt 0.015602 0.666633
vt 0.015602 0.999900
vt 0.655756 0.999900
vt 0.655756 0.666633
vt 0.015602 0.000100
vt 0.015602 0.333367
vt 0.655756 0.333367
vt 0.655756 0.000100
vt 0.015602 0.666633
vt 0.015602 0.999900
vt 0.655756 0.999900
vt 0.655756 0.666633
vt 0.015602 0.000100
vt 0.015602 0.333367
vt 0.655756 0.333367
vt 0.655756 0.000100
vt 0.015602 0.666633
vt 0.015602 0.999900
vt 0.655756 0.999900
vt 0.655756 0.666633
vt 0.015602 0.000100
vt 0.015602 0.333367
vt 0.655756 0.333367
vt 0.655756 0.000100
vt 0.015602 0.666633
vt 0.655756 0.666633
vt 0.655756 0.999900
vt 0.015602 0.999900
vt 0.015602 0.000100
vt 0.655756 0.000100
vt 0.655756 0.333367
vt 0.015602 0.333367
vt 0.015602 0.666633
vt 0.655756 0.666633
vt 0.655756 0.999900
vt 0.015602 0.999900
vt 0.015602 0.000100
vt 0.655756 0.000100
vt 0.655756 0.333367
vt 0.015602 0.333367
vt 0.015602 0.666633
vt 0.655756 0.666633
vt 0.655756 0.999900
vt 0.015602 0.999900
vt 0.015602 0.000100
vt 0.655756 0.000100
vt 0.655756 0.333367
vt 0.015602 0.333367
vt 0.015602 0.666633
vt 0.655756 0.666633
vt 0.655756 0.999900
vt 0.015602 0.999900
vt 0.015602 0.000100
vt 0.655756 0.000100
vt 0.655756 0.333367
vt 0.015602 0.333367
vt 0.015602 0.666633
vt 0.655756 0.666633
vt 0.655756 0.999900
vt 0.015602 0.999900
vt 0.015602 0.000100
vt 0.655756 0.000100
vt 0.655756 0.333367
vt 0.015602 0.333367
vt 0.015602 0.666633
vt 0.655756 0.666633
vt 0.655756 0.999900
vt 0.015602 0.999900
vt 0.015602 0.000100
vt 0.655756 0.000100
vt 0.655756 0.333367
vt 0.015602 0.333367
vt 0.015602 0.666633
vt 0.655756 0.666633
vt 0.655756 0.999900
vt 0.015602 0.999900
vt 0.015602 0.000100
vt 0.655756 0.000100
vt 0.655756 0.333367
vt 0.015602 0.333367
vt 0.015602 0.666633
vt 0.655756 0.666633
vt 0.655756 0.999900
vt 0.015602 0.999900
vt 0.015602 0.000100
vt 0.655756 0.000100
vt 0.655756 0.333367
vt 0.015602 0.333367
vt 0.015602 0.666633
vt 0.655756 0.666633
vt 0.655756 0.999900
vt 0.015602 0.999900
vt 0.015602 0.000100
vt 0.655756 0.000100
vt 0.655756 0.333367
vt 0.015602 0.333367
vt 0.015602 0.666633
vt 0.655756 0.666633
vt 0.655756 0.999900
vt 0.015602 0.999900
vt 0.015602 0.000100
vt 0.655756 0.000100
vt 0.655756 0.333367
vt 0.015602 0.333367
vt 0.015602 0.666633
vt 0.655756 0.666633
vt 0.655756 0.999900
vt 0.015602 0.999900
vt 0.015602 0.000100
vt 0.655756 0.000100
vt 0.655756 0.333367
vt 0.015602 0.333367
vt 0.015602 0.666633
vt 0.655756 0.666633
vt 0.655756 0.999900
vt 0.015602 0.999900
vt 0.015602 0.000100
vt 0.655756 0.000100
vt 0.655756 0.333367
vt 0.015602 0.333367
vt 0.015602 0.666633
vt 0.655756 0.666633
vt 0.655756 0.999900
vt 0.015602 0.999900
vt 0.015602 0.000100
vt 0.655756 0.000100
vt 0.655756 0.333367
vt 0.015602 0.333367
vt 0.015602 0.666633
vt 0.655756 0.666633
vt 0.655756 0.999900
vt 0.015602 0.999900
vt 0.015602 0.000100
vt 0.655756 0.000100
vt 0.655756 0.333367
vt 0.015602 0.333367
vt 0.015602 0.666633
vt 0.655756 0.666633
vt 0.655756 0.999900
vt 0.015602 0.999900
vt 0.015602 0.000100
vt 0.655756 0.000100
vt 0.655756 0.333367
vt 0.015602 0.333367
vt 0.015602 0.666633
vt 0.655756 0.666633
vt 0.655756 0.999900
vt 0.015602 0.999900
vt 0.015602 0.000100
vt 0.655756 0.000100
vt 0.655756 0.333367
vt 0.015602 0.333367
vt 0.015602 0.666633
vt 0.655756 0.666633
vt 0.655756 0.999900
vt 0.015602 0.999900
vt 0.015602 0.000100
vt 0.655756 0.000100
vt 0.655756 0.333367
vt 0.015602 0.333367
vt 0.015602 0.666633
vt 0.655756 0.666633
vt 0.655756 0.999900
vt 0.015602 0.999900
vt 0.015602 0.000100
vt 0.655756 0.000100
vt 0.655756 0.333367
vt 0.015602 0.333367
vt 0.015602 0.666633
vt 0.655756 0.666633
vt 0.655756 0.999900
vt 0.015602 0.999900
vt 0.015602 0.000100
vt 0.655756 0.000100
vt 0.655756 0.333367
vt 0.015602 0.333367
vt 0.015602 0.666633
vt 0.655756 0.666633
vt 0.655756 0.999900
vt 0.015602 0.999900
vt 0.015602 0.000100
vt 0.655756 0.000100
vt 0.655756 0.333367
vt 0.015602 0.333367
vt 0.015602 0.666633
vt 0.655756 0.666633
vt 0.655756 0.999900
vt 0.015602 0.999900
vt 0.015602 0.000100
vt 0.655756 0.000100
vt 0.655756 0.333367
vt 0.015602 0.333367
vt 0.015602 0.666633
vt 0.655756 0.666633
vt 0.655756 0.999900
vt 0.015602 0.999900
vt 0.015602 0.000100
vt 0.655756 0.000100
vt 0.655756 0.333367
vt 0.015602 0.333367
vt 0.015602 0.666633
vt 0.655756 0.666633
vt 0.655756 0.999900
vt 0.015602 0.999900
vt 0.015602 0.000100
vt 0.655756 0.000100
vt 0.655756 0.333367
vt 0.015602 0.333367
vt 0.015602 0.666633
vt 0.655756 0.666633
vt 0.655756 0.999900
vt 0.015602 0.999900
vt 0.015602 0.000100
vt 0.655756 0.000100
vt 0.655756 0.333367
vt 0.015602 0.333367
vt 0.015602 0.666633
vt 0.655756 0.666633
vt 0.655756 0.999900
vt 0.015602 0.999900
vt 0.015602 0.000100
vt 0.655756 0.000100
vt 0.655756 0.333367
vt 0.015602 0.333367
vt 0.015602 0.666633
vt 0.655756 0.666633
vt 0.655756 0.999900
vt 0.015602 0.999900
vt 0.015602 0.000100
vt 0.655756 0.000100
vt 0.655756 0.333367
vt 0.015602 0.333367
vt 0.015602 0.666633
vt 0.655756 0.666633
vt 0.655756 0.999900
vt 0.015602 0.999900
vt 0.015602 0.000100
vt 0.655756 0.000100
vt 0.655756 0.333367
vt 0.015602 0.333367
vt 0.015602 0.666633
vt 0.655756 0.666633
vt 0.655756 0.999900
vt 0.015602 0.999900
vt 0.015602 0.000100
vt 0.655756 0.000100
vt 0.655756 0.333367
vt 0.015602 0.333367
vt 0.015602 0.666633
vt 0.655756 0.666633
vt 0.655756 0.999900
vt 0.015602 0.999900
vt 0.015602 0.000100
vt 0.655756 0.000100
vt 0.655756 0.333367
vt 0.015602 0.333367
vt 0.015602 0.666633
vt 0.655756 0.666633
vt 0.655756 0.999900
vt 0.015602 0.999900
vt 0.015602 0.000100
vt 0.655756 0.000100
vt 0.655756 0.333367
vt 0.015602 0.333367
vt 0.015602 0.666633
vt 0.655756 0.666633
vt 0.655756 0.999900
vt 0.015602 0.999900
vt 0.015602 0.000100
vt 0.655756 0.000100
vt 0.655756 0.333367
vt 0.015602 0.333367
vt 0.015602 0.666633
vt 0.655756 0.666633
vt 0.655756 0.999900
vt 0.015602 0.999900
vt 0.015602 0.000100
vt 0.655756 0.000100
vt 0.655756 0.333367
vt 0.015602 0.333367
vt 0.015602 0.666633
vt 0.655756 0.666633
vt 0.655756 0.999900
vt 0.015602 0.999900
vt 0.015602 0.000100
vt 0.655756 0.000100
vt 0.655756 0.333367
vt 0.015602 0.333367
vt 0.015602 0.666633
vt 0.655756 0.666633
vt 0.655756 0.999900
vt 0.015602 0.999900
vt 0.015602 0.000100
vt 0.655756 0.000100
vt 0.655756 0.333367
vt 0.015602 0.333367
vt 0.015602 0.666633
vt 0.655756 0.666633
vt 0.655756 0.999900
vt 0.015602 0.999900
vt 0.015602 0.000100
vt 0.655756 0.000100
vt 0.655756 0.333367
vt 0.015602 0.333367
vt 0.015602 0.666633
vt 0.655756 0.666633
vt 0.655756 0.999900
vt 0.015602 0.999900
vt 0.015602 0.000100
vt 0.655756 0.000100
vt 0.655756 0.333367
vt 0.015602 0.333367
vt 0.015602 0.666633
vt 0.655756 0.666633
vt 0.655756 0.999900
vt 0.015602 0.999900
vt 0.015602 0.000100
vt 0.655756 0.000100
vt 0.655756 0.333367
vt 0.015602 0.333367
vt 0.015602 0.666633
vt 0.655756 0.666633
vt 0.655756 0.999900
vt 0.015602 0.999900
vt 0.015602 0.000100
vt 0.655756 0.000100
vt 0.655756 0.333367
vt 0.015602 0.333367
vt 0.015602 0.666633
vt 0.655756 0.666633
vt 0.655756 0.999900
vt 0.015602 0.999900
vt 0.015602 0.000100
vt 0.655756 0.000100
vt 0.655756 0.333367
vt 0.015602 0.333367
vt 0.015602 0.666633
vt 0.655756 0.666633
vt 0.655756 0.999900
vt 0.015602 0.999900
vt 0.015602 0.000100
vt 0.655756 0.000100
vt 0.655756 0.333367
vt 0.015602 0.333367
vt 0.886615 0.212551
vt 0.886530 0.161265
vt 0.899999 0.160788
vt 0.906899 0.210547
vt 0.915709 0.158455
vt 0.925610 0.207379
vt 0.849016 0.209463
vt 0.854580 0.159070
vt 0.872428 0.160925
vt 0.868203 0.211295
vt 0.789119 0.066643
vt 0.706562 0.179629
vt 0.735016 -0.253167
vt 0.875508 0.615890
vt 0.829476 0.781697
vt 0.840994 0.553197
vt 0.728372 0.825121
vt 0.704824 0.583527
vt 0.773381 0.568475
vt 0.776896 0.822676
vt 0.973824 0.565305
vt 0.909428 0.427781
vt 0.959413 0.097480
vt 0.804214 0.579838
vt 0.847707 0.522406
vt 0.801202 0.982275
vt 0.834864 0.562343
vt 0.828101 0.830152
vt 0.806832 0.646294
vt 0.789109 0.261408
vt 0.818856 0.453624
vt 0.969641 0.763357
vt 0.913407 0.791909
vt 0.904776 0.522931
vt 0.768836 1.224172
vt 0.881765 0.849771
vt 0.890215 0.566363
vt 0.952021 0.583963
vt 0.934719 0.840539
vt 0.963748 -0.137879
vt 0.900586 -0.144763
vt 0.829245 -0.146809
vt 0.765515 -0.144468
vt 0.761204 0.653435
vt 0.790756 0.770292
vt 0.713445 0.407775
vt 0.887046 0.841964
vt 0.881909 0.496312
vt 0.919030 0.657098
vt 0.888747 0.676423
vt 0.713140 -0.142353
vt 0.875636 0.713478
vt 0.874356 0.958504
vt 0.827080 1.123114
vt 0.858490 0.875139
vt 0.894586 0.892506
vt 0.876641 0.973129
vt 0.844058 1.108294
vt 0.880727 1.067810
vt 0.792418 0.892111
vt 0.806554 1.097097
vt 0.770539 1.049900
vt 0.893568 1.025723
vt 0.975082 0.557186
vt 0.897608 0.394593
vt 0.975082 0.383012
vt 0.898725 0.617474
vt 0.752422 0.968678
vt 0.772784 1.023870
vt 0.855618 0.632587
vt 0.845141 0.011516
vt 0.865174 0.008940
vt 0.898557 0.627551
vt 0.757475 0.620837
vt 0.809454 0.006624
vt 0.828221 0.011516
vt 0.811923 0.631224
vt 0.883723 0.002290
vt 0.944954 0.609249
vt 0.951565 0.735192
vt 0.728581 0.387514
vt 0.731201 0.588410
vt 0.686709 0.615094
vt 0.947913 1.057816
vt 0.912190 1.034925
vt 0.961442 0.981255
vt 0.773206 0.457449
vt 0.722378 0.474557
vt 0.770623 0.273699
vt 0.795107 0.422491
vt 0.842046 0.451739
vt 0.835179 0.362602
vt 0.901737 0.493428
vt 0.912947 0.252056
vt 0.981302 0.256842
vt 0.706724 0.262680
vt 0.907054 0.659560
vt 0.901405 0.400385
vt 0.927156 0.434646
vt 0.845931 0.282734
vt 0.959903 0.510782
vt 0.740520 1.044242
vt 0.802062 1.052904
vt 0.859991 1.056948
vt 0.927112 1.041785
vt 0.986947 1.018497
vt 0.723561 0.426915
vt 0.775674 0.387577
vt 0.708952 0.518458
vt 0.877170 0.686325
vt 0.853004 0.727242
vt 0.851409 0.716432
vt 0.845964 0.719960
vt 0.846713 0.716625
vt 0.848914 0.719521
vt 0.949403 0.554436
vt 0.946771 0.575579
vt 0.937466 0.569551
vt 0.951744 0.592039
vt 0.907505 0.593395
vt 0.931902 0.574322
vt 0.758302 0.554334
vt 0.778144 0.433622
vt 0.795998 0.466049
vt 0.805473 0.509618
vt 0.859540 0.546407
vt 0.825097 0.511700
vt 0.864932 0.448785
vt 0.832643 0.482892
vt 0.829397 0.473585
vt 0.789956 1.341239
vt 0.741279 1.273721
vt 0.897882 1.312252
vt 0.846499 1.334531
vt 0.904519 0.557066
vt 0.927984 0.569912
vt 0.906326 0.575219
vt 0.947516 0.524119
vt 0.947260 0.539471
vt 0.908419 0.520926
vt 0.922970 1.052683
vt 0.941611 1.281645
vt 0.931572 0.565743
vt 0.906459 0.539067
vt 0.891437 0.317033
vt 0.930820 0.430440
vt 0.845693 0.285645
vt 0.797557 0.343447
vt 0.800114 0.355251
vt 0.753129 0.420682
vt 0.900042 0.094808
vt 0.945519 0.176266
vt 0.776754 0.287596
vt 0.896332 0.299494
vt 0.847546 -0.007941
vt 0.789771 0.105677
vt 0.737978 0.162484
vt 0.851576 0.309083
vt 0.856980 0.161557
vt 0.837848 0.645746
vt 0.829042 0.645269
vt 0.829520 0.636463
vt 0.838326 0.636940
vt 0.843034 0.113737
vt 0.867526 0.112790
vt 0.868473 0.137283
vt 0.843981 0.138230
vt 0.959754 0.086781
vt 0.959424 0.093183
vt 0.953022 0.092852
vt 0.953352 0.086451
vt 0.824898 0.853519
vt 0.807546 0.853898
vt 0.807166 0.836547
vt 0.824518 0.836167
vt 0.703164 0.935328
vt 0.744268 0.891695
vt 0.782311 0.903740
vt 0.706164 0.972790
vt 0.820701 0.082404
vt 0.839932 0.083047
vt 0.839289 0.102278
vt 0.820058 0.101635
vt 0.830094 0.949662
vt 0.816346 0.950113
vt 0.815978 0.933259
vt 0.829726 0.932808
vt 0.834951 0.098057
vt 0.857473 0.099102
vt 0.856429 0.121624
vt 0.833907 0.120580
vt 0.925444 0.825956
vt 0.925181 0.831160
vt 0.919977 0.830898
vt 0.920239 0.825693
vt 0.887326 0.833974
vt 0.877093 0.833974
vt 0.877093 0.823741
vt 0.887326 0.823741
vt 0.807944 0.906172
vt 0.834783 0.906212
vt 0.834742 0.933051
vt 0.807904 0.933011
vt 0.856061 0.271468
vt 0.869652 0.271023
vt 0.870097 0.284614
vt 0.856506 0.285060
vt 0.863474 0.057301
vt 0.849969 0.057891
vt 0.849643 0.033450
vt 0.863148 0.032860
vt 0.855672 0.039141
vt 0.854820 0.044946
vt 0.849016 0.044094
vt 0.849868 0.038289
vt 0.845981 0.720015
vt 0.842153 0.721749
vt 0.842052 0.721700
vt 0.846719 0.722903
vt 0.894488 0.011213
vt 0.854254 0.010966
vt 0.854414 -0.051217
vt 0.894648 -0.050969
vt 0.910749 0.965595
vt 0.827908 0.840001
vt 0.801732 0.835719
vt 0.803683 0.797433
vt 0.846897 0.806550
vt 0.820116 1.065763
vt 0.797396 1.044137
vt 0.819567 0.907065
vt 0.772489 1.032721
vt 0.825060 0.594321
vt 0.842936 0.594710
vt 0.842547 0.612586
vt 0.824671 0.612197
vt 0.885170 0.095380
vt 0.876240 0.095380
vt 0.876240 0.086451
vt 0.885170 0.086451
vt 0.748535 1.041878
vt 0.899235 1.005553
vt 0.887191 1.037898
vt 0.858380 0.911707
vt 0.828221 -0.024742
vt 0.845141 -0.024742
vt 0.842552 0.743773
vt 0.841995 0.750225
vt 0.837543 -0.452813
vt 0.783563 -0.532611
vt 0.858546 0.409613
vt 0.905852 0.414083
vt 0.899918 0.428304
vt 0.859763 0.438398
vt 0.722450 0.962743
vt 0.875706 1.119465
vt 0.832532 1.196871
vt 0.860964 0.644908
vt 0.814697 0.666692
vt 0.831880 0.430659
vt 0.854460 0.387285
vt 0.924059 1.241792
vt 0.889181 -0.508881
vt 0.895686 0.348830
vt 0.911196 0.360605
vt 0.916105 0.399007
vt 0.823613 0.788513
vt 0.837150 0.790509
vt 0.824966 0.872141
vt 0.850066 0.387030
vt 0.937396 0.895165
vt 0.752797 0.800674
vt 0.773879 0.829298
vt 0.745552 0.826329
vt 0.738978 0.811813
vt 0.875917 0.610616
vt 0.841165 0.547983
vt 0.882212 0.620703
vt 0.931822 0.612839
vt 0.935171 0.783421
vt 0.880104 0.922447
vt 0.766104 0.801615
vt 0.785650 0.809106
vt 0.858668 0.821382
vt 0.854309 0.837814
vt 0.959672 1.580249
vt 0.735750 -0.837236
vt 0.895134 0.484263
vt 0.894092 0.500352
vt 0.843899 0.487229
vt 0.853987 0.465414
vt 0.821330 1.036294
vt 0.883381 0.964762
vt 0.806345 0.678977
vt 0.838712 0.676134
vt 0.848439 0.714432
vt 0.847485 0.975917
vt 0.915849 0.718395
vt 0.946522 -0.476528
vt 0.955565 0.428329
vt 0.943733 0.699133
vt 0.919348 0.903596
vt 0.869308 0.866613
vt 0.783307 1.091194
vt 0.812956 1.120168
vt 0.763016 0.299964
vt 0.704779 0.342927
vt 0.774163 0.166498
vt 0.846415 0.173273
vt 0.917478 0.470341
vt 0.903417 0.471248
vt 0.905889 0.441676
vt 0.919062 0.442374
vt 0.804999 0.419464
vt 0.780248 0.718531
vt 0.841914 0.772352
vt 0.828889 0.767325
vt 0.738169 1.077681
vt 0.690008 0.996975
vt 0.726962 0.557362
vt 0.775191 0.567047
vt 0.720307 0.674428
vt 0.687088 0.690832
vt 0.946683 0.874020
vt 0.898192 0.993150
vt 0.853462 0.890978
vt 0.826547 0.612635
vt 0.854898 0.884667
vt 0.757144 0.762406
vt 0.738961 0.766632
vt 0.827838 0.932348
vt 0.895410 0.914041
vt 0.918787 0.984719
vt 0.803153 0.999727
vt 0.744754 0.877575
vt 0.773819 0.711747
vt 0.866566 0.094178
vt 0.895219 0.095160
vt 0.904807 0.093989
vt 0.816141 0.400668
vt 0.807296 0.596352
vt 0.772288 0.405680
vt 0.860269 0.401628
vt 0.903863 0.408543
vt 0.860595 0.597511
vt 0.946122 0.421286
vt 0.877714 0.602673
vt 0.722848 0.888738
vt 0.753719 0.911270
vt 0.724482 0.948224
vt 0.687456 0.898331
vt 0.789165 0.920539
vt 0.782662 0.973871
vt 0.827883 0.920282
vt 0.846176 0.964232
vt 0.867617 0.903624
vt 0.900158 0.925500
vt 0.943083 0.683630
vt 0.970217 1.034446
vt 0.908300 1.043254
vt 0.895681 0.686123
vt 0.800292 0.685485
vt 0.778551 1.041605
vt 0.706285 1.024088
vt 0.755535 0.679438
vt 0.846257 0.687819
vt 0.846006 1.045851
vt 0.916126 0.000454
vt 0.976388 0.000707
vt 0.976389 0.022279
vt 0.918664 0.020233
vt 0.916365 0.062239
vt 0.973828 0.062434
vt 0.974166 0.081236
vt 0.912750 0.085543
vt 0.919149 0.038473
vt 0.974554 0.043637
vt 0.764391 0.008229
vt 0.810776 0.009647
vt 0.934737 0.010598
vt 0.852585 0.050371
vt 0.854872 0.032756
vt 0.853110 0.026401
vt 0.768593 0.703390
vt 0.809072 0.748332
vt 0.762285 0.857643
vt 0.704896 0.727728
vt 0.844668 0.760298
vt 0.842230 0.909112
vt 0.878236 0.753389
vt 0.925313 0.857997
vt 0.914214 0.713500
vt 0.976792 0.726729
vt 0.844379 0.492188
vt 0.807949 0.492580
vt 0.883649 0.495317
vt 0.919553 0.492399
vt 0.772659 0.486423
vt 0.878576 0.053786
vt 0.836498 0.056320
vt 0.820621 0.051678
vt 0.711645 -0.029302
vt 0.763483 -0.039871
vt 0.827276 -0.047143
vt 0.902246 -0.057171
vt 0.973008 -0.052708
vt 0.883635 0.283341
vt 0.960397 0.897871
vt 0.909254 0.902681
vt 0.842914 0.284676
vt 0.806564 0.902914
vt 0.755400 0.898337
vt 0.829372 0.283465
vt 0.857913 0.904364
vt 0.788134 0.800304
vt 0.821295 0.777029
vt 0.899742 0.780946
vt 0.938683 0.795513
vt 0.859975 0.768691
vt 0.856823 0.050920
vt 0.925106 0.054340
vt 0.861581 0.907554
vt 0.788455 0.050819
vt 0.781140 0.907434
vt 0.720163 0.054034
vt 0.993142 0.061070
vt 0.888285 0.910196
vt 0.849171 0.316194
vt 0.912442 0.319976
vt 0.698026 0.329444
vt 0.781582 0.313626
vt 0.981607 0.329170
vt 0.873084 0.644911
vt 0.891334 0.644911
vt 0.866872 0.824200
vt 0.854852 0.645729
vt 0.856681 0.825116
vt 0.836675 0.647363
vt 0.909566 0.645728
vt 0.897547 0.824200
vt 0.788018 0.610845
vt 0.785097 0.584644
vt 0.784122 0.526135
vt 0.788841 0.501259
vt 0.784122 0.556258
vt 0.953343 0.647072
vt 0.930629 0.826480
vt 0.939095 0.645632
vt 0.924794 0.644911
vt 0.915028 0.825693
vt 0.910474 0.644911
vt 0.967500 0.649228
vt 0.935781 0.827264
vt 0.835849 0.024316
vt 0.902888 0.042235
vt 0.772350 0.020040
vt 0.689586 -0.006864
vt 0.984413 0.040048
vt 0.785124 0.413980
vt 0.784122 0.387133
vt 0.786092 0.438198
vt 0.785698 0.460427
vt 0.784122 0.482431
vt 0.919362 0.857461
vt 0.878971 0.121149
vt 0.901429 0.119156
vt 0.991337 0.851073
vt 0.847121 0.858984
vt 0.774942 0.855637
vt 0.703152 0.847435
vt 0.811506 0.118021
vt 1.000882 0.150637
vt 0.856996 0.936897
vt 0.843444 0.934025
vt 0.923252 0.134185
vt 0.765920 0.129798
vt 0.802332 0.935373
vt 0.687761 0.141906
vt 0.844675 0.127215
vt 0.768064 0.887532
vt 0.838694 0.889893
vt 0.697738 0.880568
vt 0.800910 0.099739
vt 0.909328 0.887639
vt 0.858521 0.101664
vt 0.877672 0.099797
vt 0.979664 0.880780
vt 0.970943 0.212856
vt 0.859038 0.839536
vt 0.841845 0.837166
vt 0.903671 0.203582
vt 0.767981 0.201161
vt 0.789900 0.838302
vt 0.700420 0.208029
vt 0.835875 0.199676
vt 0.955387 0.249839
vt 0.940923 0.249093
vt 0.972237 0.092853
vt 0.984334 0.249093
vt 0.969870 0.249839
vt 0.965835 0.093183
vt 0.926517 0.247603
vt 0.946645 0.092193
vt 0.851774 0.859273
vt 0.787149 0.858173
vt 0.819475 0.137813
vt 0.916360 0.856777
vt 0.892872 0.134975
vt 0.980707 0.850691
vt 0.722685 0.853480
vt 0.795029 0.136033
vt 0.834601 0.132121
vt 0.820713 0.636934
vt 0.771601 0.134964
vt 0.959695 0.146737
vt 0.847030 0.638360
vt 0.897541 0.136061
vt 0.812008 0.638349
vt 0.709271 0.144555
vn 0.6025 0.7241 0.3356
vn -0.7184 0.3088 0.6233
vn 0.5434 -0.8266 -0.1464
vn -0.4329 -0.1265 -0.8925
vn 0.6068 0.6969 -0.3823
vn 0.2423 0.2959 0.9240
vn -0.9612 -0.1558 0.2278
vn -0.2256 -0.0321 -0.9737
vn -0.8501 -0.0852 -0.5197
vn 0.4167 -0.7118 -0.5653
vn 0.4170 -0.7116 -0.5655
vn 0.3639 -0.2763 -0.8895
vn -0.4202 -0.9010 0.1080
vn -0.9824 0.0557 0.1782
vn -0.1855 -0.1841 -0.9652
vn -0.3440 0.9381 0.0393
vn 0.0628 0.0642 -0.9960
vn 0.0639 0.0652 -0.9958
vn 0.0637 0.0650 -0.9959
vn 0.7332 -0.5001 -0.4608
vn 0.7322 -0.5004 -0.4621
vn 0.7343 -0.4992 -0.4601
vn 0.0733 -0.6156 0.7846
vn -0.5803 0.6975 0.4205
vn -0.4408 0.1652 -0.8823
vn 0.0320 0.8978 0.4393
vn -0.1509 0.4388 -0.8858
vn -0.5309 0.0032 0.8474
vn -0.5244 -0.0007 0.8515
vn -0.5130 0.0016 0.8584
vn 0.2937 0.9386 0.1809
vn -0.4311 -0.0750 -0.8992
vn -0.4308 -0.0748 -0.8993
vn -0.4313 -0.0752 -0.8991
vn -0.7732 0.5443 0.3253
vn -0.4528 -0.8362 -0.3094
vn -0.4528 -0.8361 -0.3096
vn -0.8832 0.4682 0.0274
vn 0.1364 -0.9256 0.3530
vn -0.4411 -0.3758 -0.8150
vn 0.7913 0.3584 0.4954
vn -0.5257 0.8126 0.2519
vn 0.7751 0.6057 0.1798
vn -0.0997 -0.1638 0.9814
vn -0.2430 -0.7079 -0.6632
vn 0.8079 0.2308 -0.5423
vn 0.3652 0.0561 0.9292
vn -0.0811 0.9963 -0.0283
vn 0.6764 0.5905 0.4403
vn 0.6764 0.5904 0.4403
vn -0.7261 0.4344 0.5329
vn -0.7261 0.4344 0.5330
vn -0.6025 -0.7241 -0.3356
vn 0.7184 -0.3088 -0.6233
vn -0.5434 0.8266 0.1464
vn 0.4329 0.1265 0.8925
vn -0.6068 -0.6969 0.3823
vn -0.6068 -0.6969 0.3822
vn -0.2423 -0.2959 -0.9240
vn 0.9612 0.1558 -0.2278
vn 0.2256 0.0321 0.9737
vn 0.8501 0.0852 0.5197
vn -0.4167 0.7118 0.5653
vn -0.4170 0.7116 0.5655
vn -0.3639 0.2763 0.8895
vn 0.4202 0.9010 -0.1080
vn 0.9824 -0.0557 -0.1782
vn 0.1855 0.1841 0.9652
vn 0.3440 -0.9381 -0.0393
vn -0.0628 -0.0642 0.9960
vn -0.0639 -0.0652 0.9958
vn -0.0637 -0.0650 0.9959
vn -0.7332 0.5001 0.4608
vn -0.7322 0.5004 0.4621
vn -0.7343 0.4992 0.4601
vn -0.0733 0.6156 -0.7846
vn 0.5803 -0.6975 -0.4205
vn 0.4408 -0.1652 0.8823
vn -0.0320 -0.8978 -0.4393
vn 0.1509 -0.4388 0.8858
vn 0.5309 -0.0032 -0.8475
vn 0.5244 0.0007 -0.8515
vn 0.5130 -0.0016 -0.8584
vn -0.2937 -0.9386 -0.1809
vn 0.4311 0.0750 0.8992
vn 0.4308 0.0748 0.8993
vn 0.4313 0.0752 0.8991
vn 0.7732 -0.5443 -0.3253
vn 0.4528 0.8362 0.3094
vn 0.4528 0.8361 0.3096
vn 0.8832 -0.4682 -0.0274
vn -0.1364 0.9256 -0.3530
vn 0.4411 0.3758 0.8150
vn -0.7913 -0.3584 -0.4954
vn 0.5257 -0.8126 -0.2519
vn -0.7751 -0.6057 -0.1798
vn 0.0997 0.1638 -0.9814
vn 0.2430 0.7079 0.6632
vn -0.8079 -0.2308 0.5423
vn -0.3652 -0.0561 -0.9292
vn 0.0811 -0.9963 0.0283
vn -0.6764 -0.5905 -0.4403
vn -0.6764 -0.5904 -0.4403
vn 0.7261 -0.4344 -0.5330
vn -0.6684 0.0383 0.7427
vn -0.7363 -0.3468 0.5810
vn 0.3007 -0.9260 0.2283
vn 0.3079 -0.9513 0.0151
vn 0.7688 0.1498 -0.6216
vn 0.3261 -0.3172 -0.8905
vn -0.6406 0.7660 -0.0541
vn -0.6724 0.5909 -0.4456
vn 0.0187 -0.0692 0.9974
vn 0.9373 0.3385 -0.0833
vn 0.4208 0.1939 0.8862
vn -0.5574 -0.6896 -0.4624
vn 0.6071 -0.7885 -0.0983
vn -0.6208 -0.7186 -0.3132
vn 0.7951 -0.5808 -0.1744
vn 0.6234 -0.7818 -0.0104
vn 0.1537 0.2681 0.9510
vn 0.2477 0.4291 0.8686
vn -0.2426 0.1588 -0.9570
vn -0.0530 0.2965 -0.9536
vn -0.2859 0.2383 -0.9282
vn -0.8617 0.5056 0.0418
vn -0.0435 0.9582 -0.2827
vn -0.7620 0.6446 -0.0610
vn -0.7907 0.5793 0.1980
vn 0.4964 0.1152 0.8604
vn -0.1788 0.2391 0.9544
vn -0.7546 0.0283 0.6555
vn 0.4373 0.8613 0.2585
vn 0.4159 0.8675 -0.2730
vn -0.7272 0.4710 -0.4993
vn 0.6618 0.2392 0.7105
vn -0.4442 -0.2549 -0.8589
vn -0.3252 -0.3067 -0.8945
vn 0.3271 -0.9282 0.1773
vn -0.3762 -0.3067 -0.8743
vn -0.6448 0.7568 -0.1073
vn 0.4548 0.1693 0.8743
vn 0.6376 -0.7688 0.0497
vn -0.3864 -0.1274 -0.9134
vn 0.6410 -0.5067 -0.5764
vn -0.5181 -0.6771 0.5226
vn 0.6692 -0.7412 0.0518
vn -0.7171 0.6445 0.2652
vn 0.5495 0.6808 0.4842
vn 0.7461 0.3417 0.5714
vn 0.8146 0.5769 0.0594
vn -0.0998 0.3816 -0.9189
vn 0.6225 0.7627 0.1752
vn 0.7479 0.0743 0.6596
vn -0.1233 0.9923 -0.0041
vn -0.4674 -0.8714 -0.1488
vn 0.0466 -0.9644 0.2600
vn -0.7942 -0.3007 -0.5279
vn -0.8050 0.5201 0.2855
vn 0.8875 0.4404 0.1352
vn 0.7360 -0.2611 0.6245
vn 0.3924 -0.8880 0.2397
vn 0.2093 0.5133 0.8323
vn 0.6369 0.5102 0.5780
vn -0.5842 0.2318 0.7777
vn 0.0044 0.5551 -0.8318
vn 0.7677 -0.1355 -0.6263
vn 0.0647 -0.9434 -0.3251
vn -0.6447 -0.4614 -0.6094
vn -0.0887 -0.7322 0.6753
vn 0.1209 -0.6358 0.7623
vn 0.8762 0.1468 0.4589
vn 0.7178 0.6556 0.2345
vn -0.2473 0.8411 -0.4810
vn -0.0308 0.7341 0.6783
vn -0.3590 -0.9319 0.0514
vn 0.7938 -0.5021 -0.3431
vn 0.6532 -0.6923 -0.3065
vn -0.5721 -0.8014 -0.1742
vn 0.6494 -0.5757 -0.4968
vn 0.5574 -0.8189 0.1367
vn 0.0576 0.6179 0.7841
vn 0.0529 0.9985 0.0085
vn -0.8074 0.3322 0.4876
vn -0.8397 0.4579 0.2919
vn -0.6416 -0.6610 -0.3891
vn -0.7155 0.6984 0.0169
vn 0.4227 0.8946 0.1451
vn -0.7976 0.5144 0.3148
vn 0.4870 0.8663 0.1106
vn -0.6816 -0.4640 -0.5658
vn 0.5066 -0.2084 -0.8366
vn -0.1058 -0.4436 -0.8899
vn -0.6464 -0.6475 -0.4035
vn 0.0434 -0.1969 -0.9795
vn 0.1218 0.4775 -0.8701
vn -0.1876 -0.2840 -0.9402
vn 0.8765 0.4230 0.2297
vn 0.4859 -0.0049 0.8740
vn 0.5260 0.7497 -0.4016
vn 0.5374 0.8125 -0.2257
vn -0.9255 0.3497 -0.1454
vn -0.4793 0.4626 -0.7458
vn -0.5365 -0.7821 -0.3168
vn -0.5716 -0.7759 -0.2667
vn -0.8597 -0.4913 0.1400
vn -0.2017 0.6388 0.7424
vn -0.4615 -0.2539 -0.8500
vn 0.3357 0.5492 0.7653
vn 0.9422 -0.1124 -0.3155
vn 0.7186 0.6500 0.2471
vn -0.0140 0.0640 0.9978
vn -0.4928 0.0083 0.8701
vn 0.6619 -0.2564 -0.7043
vn 0.5951 0.7995 0.0811
vn 0.6208 -0.2002 -0.7579
vn 0.2290 0.0615 0.9715
vn 0.9712 -0.1925 -0.1404
vn -0.8606 0.4819 0.1648
vn -0.0974 0.1986 -0.9752
vn 0.6684 -0.1593 -0.7265
vn -0.4593 0.8724 -0.1669
vn -0.9422 -0.3305 -0.0544
vn -0.8038 -0.5913 -0.0656
vn -0.1679 -0.3708 0.9134
vn -0.9745 0.0021 0.2242
vn -0.5216 -0.5832 -0.6226
vn 0.2850 -0.9562 0.0665
vn 0.5923 0.6406 -0.4885
vn 0.9030 0.0384 0.4280
vn 0.4405 -0.8972 -0.0301
vn 0.1299 -0.2950 -0.9466
vn -0.8628 0.4972 0.0914
vn 0.0983 0.9352 -0.3402
vn 0.2440 -0.0051 -0.9697
vn -0.7170 -0.4430 -0.5381
vn 0.4562 0.7895 -0.4106
vn 0.8486 0.2144 0.4837
vn 0.6455 -0.7618 -0.0550
vn 0.2531 -0.1867 -0.9492
vn -0.3721 -0.3525 -0.8586
vn -0.5288 -0.6633 -0.5295
vn 0.5980 -0.4930 -0.6319
vn 0.5321 -0.8336 -0.1483
vn 0.4190 0.3878 0.8210
vn -0.6974 0.3846 0.6047
vn -0.6358 -0.7100 0.3027
vn 0.4806 -0.7068 0.5190
vn -0.7248 0.2377 0.6467
vn -0.4025 0.8897 -0.2153
vn -0.4311 -0.0043 -0.9023
vn -0.7534 -0.6563 -0.0403
vn -0.4825 0.8361 -0.2608
vn 0.6161 0.7872 0.0260
vn 0.7520 -0.1174 -0.6485
vn -0.3467 -0.0685 -0.9355
vn -0.2975 0.3398 0.8922
vn 0.1874 0.9790 0.0805
vn -0.5004 0.5096 -0.6999
vn -0.9852 -0.1296 0.1117
vn -0.2256 0.9660 -0.1263
vn 0.5685 0.5697 0.5935
vn 0.9667 -0.1204 -0.2256
vn 0.1726 0.2759 -0.9455
vn 0.5257 -0.0171 -0.8505
vn -0.5935 -0.2286 -0.7717
vn -0.7193 0.6872 -0.1015
vn 0.3999 0.8986 -0.1803
vn 0.7755 0.5740 0.2629
vn 0.1382 -0.0269 0.9900
vn 0.2053 -0.9310 0.3016
vn 0.8426 -0.3301 -0.4254
vn 0.4594 0.6143 -0.6415
vn 0.9932 -0.0931 0.0692
vn 0.2894 -0.9174 -0.2730
vn -0.2674 -0.1993 -0.9427
vn -0.4904 -0.3622 0.7926
vn -0.8441 0.4968 0.2013
vn -0.7092 -0.1396 -0.6910
vn -0.3013 -0.9474 -0.1076
vn 0.6405 -0.6148 -0.4602
vn 0.0610 -0.6124 0.7882
vn -0.1687 -0.9464 0.2752
vn -0.5576 -0.5567 -0.6157
vn -0.2695 0.9347 -0.2318
vn 0.7318 0.6313 0.2568
vn 0.8375 -0.2474 -0.4872
vn -0.1561 0.0655 -0.9855
vn -0.7782 -0.3786 -0.5010
vn 0.6097 0.4410 0.6586
vn -0.3492 -0.2902 0.8910
vn 0.0436 -0.2926 0.9552
vn 0.7309 0.3659 0.5760
vn -0.2615 0.2499 0.9322
vn 0.4064 0.9115 0.0628
vn 0.4870 0.8306 0.2701
vn 0.6053 -0.2138 -0.7667
vn 0.7019 0.2014 0.6831
vn -0.3392 -0.1132 0.9339
vn -0.2631 -0.9460 0.1894
vn 0.7782 -0.6249 -0.0624
vn -0.8101 -0.3576 -0.4645
vn -0.4057 0.6845 -0.6056
vn 0.6433 0.2874 -0.7096
vn 0.2181 -0.7570 -0.6159
vn 0.0515 -0.9902 0.1293
vn -0.8521 0.4686 0.2331
vn -0.0485 0.0861 0.9951
vn -0.7171 0.4610 0.5227
vn -0.9197 -0.3760 0.1127
vn -0.9916 0.0878 0.0943
vn -0.4294 -0.8270 0.3630
vn 0.3105 0.1533 0.9381
vn -0.4877 0.1039 0.8668
vn -0.2843 0.2032 0.9369
vn -0.4563 -0.8885 -0.0472
vn -0.5468 -0.6173 -0.5656
vn 0.5703 -0.3116 -0.7600
vn 0.5972 -0.8018 -0.0211
vn 0.5632 0.7529 0.3405
vn 0.6549 -0.6401 0.4016
vn 0.5825 0.0358 0.8120
vn 0.3462 0.9280 -0.1378
vn 0.6350 0.7412 -0.2173
vn -0.7008 -0.0962 -0.7068
vn 0.6072 0.5478 0.5755
vn -0.5312 0.8404 0.1077
vn -0.1201 0.9927 -0.0108
vn 0.8818 -0.4625 0.0920
vn 0.5729 -0.8036 0.1615
vn 0.7567 -0.5688 0.3221
vn 0.6404 0.3960 0.6580
vn -0.3393 -0.3802 -0.8604
vn -0.6895 -0.4517 -0.5661
vn 0.3676 0.4814 -0.7956
vn 0.0223 0.8279 -0.5604
vn 0.7520 0.1739 0.6358
vn 0.3844 0.8654 -0.3213
vn 0.6001 0.6567 0.4567
vn 0.6208 0.5740 0.5339
vn -0.2087 -0.2024 -0.9568
vn -0.9889 -0.1469 -0.0234
vn 0.7925 -0.4777 -0.3791
vn 0.7544 -0.2298 -0.6149
vn -0.2028 0.0921 0.9749
vn 0.1321 -0.9366 0.3244
vn -0.0127 -0.9463 0.3231
vn -0.3476 0.9295 -0.1234
vn -0.6344 -0.7651 -0.1097
vn -0.4053 -0.3657 -0.8378
vn -0.2279 -0.1756 -0.9577
vn 0.1033 -0.9926 0.0631
vn -0.6651 -0.2357 -0.7085
vn 0.2274 0.2180 -0.9491
vn -0.8010 0.3473 0.4877
vn -0.7732 0.5968 0.2144
vn 0.5434 -0.8293 0.1301
vn -0.0914 -0.9590 0.2680
vn -0.8145 -0.2212 -0.5363
vn -0.7477 -0.6150 -0.2503
vn 0.7651 -0.3997 -0.5048
vn -0.6437 -0.6934 -0.3236
vn -0.6803 -0.1051 0.7254
vn 0.4648 0.2975 0.8339
vn -0.5092 -0.4972 -0.7025
vn -0.5054 0.8503 -0.1464
vn 0.4950 -0.8688 0.0011
vn 0.7085 0.2716 0.6513
vn 0.0388 0.0373 -0.9985
vn 0.7132 -0.6650 -0.2215
vn -0.8255 0.5575 0.0879
vn 0.1640 -0.4120 0.8963
vn -0.4863 0.0178 -0.8736
vn 0.3960 -0.8805 0.2605
vn 0.9138 0.0404 0.4041
vn 0.5325 0.8211 -0.2053
vn 0.9723 -0.1177 0.2018
vn -0.3046 -0.9323 0.1950
vn -0.0493 0.9215 -0.3851
vn -0.9610 0.0286 -0.2750
vn -0.7051 -0.6983 -0.1228
vn 0.6874 -0.7107 0.1496
vn -0.6765 0.6966 -0.2386
vn 0.7277 0.6850 0.0350
usemtl Tree
s off
f 285/1/1 283/2/1 284/3/1 288/4/1
f 281/5/1 286/6/1 287/7/1 282/8/1
f 286/6/1 285/1/1 288/4/1 287/7/1
f 293/9/2 291/10/2 292/11/2 296/12/2
f 289/13/2 294/14/2 295/15/2 290/16/2
f 294/14/2 293/9/2 296/12/2 295/15/2
f 301/17/3 299/18/3 300/19/3 304/20/3
f 297/21/3 302/22/3 303/23/3 298/24/3
f 302/22/3 301/17/3 304/20/3 303/23/3
f 309/25/4 307/26/4 308/27/4 312/28/4
f 305/29/4 310/30/4 311/31/4 306/32/4
f 310/30/4 309/25/4 312/28/4 311/31/4
f 317/33/5 315/34/5 316/35/5 320/36/5
f 313/37/5 318/38/5 319/39/5 314/40/5
f 318/38/5 317/33/5 320/36/5 319/39/5
f 325/41/6 323/42/6 324/43/6 328/44/6
f 321/45/6 326/46/6 327/47/6 322/48/6
f 326/46/6 325/41/6 328/44/6 327/47/6
f 333/49/7 331/50/7 332/51/7 336/52/7
f 329/53/7 334/54/7 335/55/7 330/56/7
f 334/54/7 333/49/7 336/52/7 335/55/7
f 341/57/8 339/58/8 340/59/8 344/60/8
f 337/61/8 342/62/8 343/63/8 338/64/8
f 342/62/8 341/57/8 344/60/8 343/63/8
f 349/65/9 347/66/9 348/67/9 352/68/9
f 345/69/9 350/70/9 351/71/9 346/72/9
f 350/70/9 349/65/9 352/68/9 351/71/9
f 357/73/10 355/74/10 356/75/10 360/76/10
f 353/77/11 358/78/11 359/79/11 354/80/11
f 358/78/11 357/73/11 360/76/11 359/79/11
f 365/81/12 363/82/12 364/83/12 368/84/12
f 361/85/12 366/86/12 367/87/12 362/88/12
f 366/86/12 365/81/12 368/84/12 367/87/12
f 373/89/13 371/90/13 372/91/13 376/92/13
f 369/93/13 374/94/13 375/95/13 370/96/13
f 374/94/13 373/89/13 376/92/13 375/95/13
f 381/97/14 379/98/14 380/99/14 384/100/14
f 377/101/14 382/102/14 383/103/14 378/104/14
f 382/102/14 381/97/14 384/100/14 383/103/14
f 389/105/15 387/106/15 388/107/15 392/108/15
f 385/109/15 390/110/15 391/111/15 386/112/15
f 390/110/15 389/105/15 392/108/15 391/111/15
f 397/113/16 395/114/16 396/115/16 400/116/16
f 393/117/16 398/118/16 399/119/16 394/120/16
f 398/118/16 397/113/16 400/116/16 399/119/16
f 405/121/17 403/122/17 404/123/17 408/124/17
f 401/125/18 406/126/18 407/127/18 402/128/18
f 406/126/19 405/121/19 408/124/19 407/127/19
f 413/129/20 411/130/20 412/131/20 416/132/20
f 409/133/21 414/134/21 415/135/21 410/136/21
f 414/134/22 413/129/22 416/132/22 415/135/22
f 421/137/23 419/138/23 420/139/23 424/140/23
f 417/141/23 422/142/23 423/143/23 418/144/23
f 422/142/23 421/137/23 424/140/23 423/143/23
f 429/145/24 427/146/24 428/147/24 432/148/24
f 425/149/24 430/150/24 431/151/24 426/152/24
f 430/150/24 429/145/24 432/148/24 431/151/24
f 437/153/25 435/154/25 436/155/25 440/156/25
f 433/157/25 438/158/25 439/159/25 434/160/25
f 438/158/25 437/153/25 440/156/25 439/159/25
f 445/161/26 443/162/26 444/163/26 448/164/26
f 441/165/26 446/166/26 447/167/26 442/168/26
f 446/166/26 445/161/26 448/164/26 447/167/26
f 453/169/27 451/170/27 452/171/27 456/172/27
f 449/173/27 454/174/27 455/175/27 450/176/27
f 454/174/27 453/169/27 456/172/27 455/175/27
f 461/177/28 459/178/28 460/179/28 464/180/28
f 457/181/29 462/182/29 463/183/29 458/184/29
f 462/182/30 461/177/30 464/180/30 463/183/30
f 469/185/31 467/186/31 468/187/31 472/188/31
f 465/189/31 470/190/31 471/191/31 466/192/31
f 470/190/31 469/185/31 472/188/31 471/191/31
f 477/193/32 475/194/32 476/195/32 480/196/32
f 473/197/33 478/198/33 479/199/33 474/200/33
f 478/198/34 477/193/34 480/196/34 479/199/34
f 485/201/35 483/202/35 484/203/35 488/204/35
f 481/205/35 486/206/35 487/207/35 482/208/35
f 486/206/35 485/201/35 488/204/35 487/207/35
f 493/209/36 491/210/36 492/211/36 496/212/36
f 489/213/37 494/214/37 495/215/37 490/216/37
f 494/214/37 493/209/37 496/212/37 495/215/37
f 501/217/38 499/218/38 500/219/38 504/220/38
f 497/221/38 502/222/38 503/223/38 498/224/38
f 502/222/38 501/217/38 504/220/38 503/223/38
f 509/225/39 507/226/39 508/227/39 512/228/39
f 505/229/39 510/230/39 511/231/39 506/232/39
f 510/230/39 509/225/39 512/228/39 511/231/39
f 517/233/40 515/234/40 516/235/40 520/236/40
f 513/237/40 518/238/40 519/239/40 514/240/40
f 518/238/40 517/233/40 520/236/40 519/239/40
f 525/241/41 523/242/41 524/243/41 528/244/41
f 521/245/41 526/246/41 527/247/41 522/248/41
f 526/246/41 525/241/41 528/244/41 527/247/41
f 533/249/42 531/250/42 532/251/42 536/252/42
f 529/253/42 534/254/42 535/255/42 530/256/42
f 534/254/42 533/249/42 536/252/42 535/255/42
f 541/257/43 539/258/43 540/259/43 544/260/43
f 537/261/43 542/262/43 543/263/43 538/264/43
f 542/262/43 541/257/43 544/260/43 543/263/43
f 549/265/44 547/266/44 548/267/44 552/268/44
f 545/269/44 550/270/44 551/271/44 546/272/44
f 550/270/44 549/265/44 552/268/44 551/271/44
f 557/273/45 555/274/45 556/275/45 560/276/45
f 553/277/45 558/278/45 559/279/45 554/280/45
f 558/278/45 557/273/45 560/276/45 559/279/45
f 565/281/46 563/282/46 564/283/46 568/284/46
f 561/285/46 566/286/46 567/287/46 562/288/46
f 566/286/46 565/281/46 568/284/46 567/287/46
f 573/289/47 571/290/47 572/291/47 576/292/47
f 569/293/47 574/294/47 575/295/47 570/296/47
f 574/294/47 573/289/47 576/292/47 575/295/47
f 581/297/48 579/298/48 580/299/48 584/300/48
f 577/301/48 582/302/48 583/303/48 578/304/48
f 582/302/48 581/297/48 584/300/48 583/303/48
f 589/305/49 587/306/49 588/307/49 592/308/49
f 585/309/50 590/310/50 591/311/50 586/312/50
f 590/310/49 589/305/49 592/308/49 591/311/49
f 597/313/51 595/314/51 596/315/51 600/316/51
f 593/317/52 598/318/52 599/319/52 594/320/52
f 598/318/52 597/313/52 600/316/52 599/319/52
f 605/321/53 608/322/53 604/323/53 603/324/53
f 601/325/53 602/326/53 607/327/53 606/328/53
f 606/328/53 607/327/53 608/322/53 605/321/53
f 613/329/54 616/330/54 612/331/54 611/332/54
f 609/333/54 610/334/54 615/335/54 614/336/54
f 614/336/54 615/335/54 616/330/54 613/329/54
f 621/337/55 624/338/55 620/339/55 619/340/55
f 617/341/55 618/342/55 623/343/55 622/344/55
f 622/344/55 623/343/55 624/338/55 621/337/55
f 629/345/56 632/346/56 628/347/56 627/348/56
f 625/349/56 626/350/56 631/351/56 630/352/56
f 630/352/56 631/351/56 632/346/56 629/345/56
f 637/353/57 640/354/57 636/355/57 635/356/57
f 633/357/57 634/358/57 639/359/57 638/360/57
f 638/360/58 639/359/58 640/354/58 637/353/58
f 645/361/59 648/362/59 644/363/59 643/364/59
f 641/365/59 642/366/59 647/367/59 646/368/59
f 646/368/59 647/367/59 648/362/59 645/361/59
f 653/369/60 656/370/60 652/371/60 651/372/60
f 649/373/60 650/374/60 655/375/60 654/376/60
f 654/376/60 655/375/60 656/370/60 653/369/60
f 661/377/61 664/378/61 660/379/61 659/380/61
f 657/381/61 658/382/61 663/383/61 662/384/61
f 662/384/61 663/383/61 664/378/61 661/377/61
f 669/385/62 672/386/62 668/387/62 667/388/62
f 665/389/62 666/390/62 671/391/62 670/392/62
f 670/392/62 671/391/62 672/386/62 669/385/62
f 677/393/63 680/394/63 676/395/63 675/396/63
f 673/397/64 674/398/64 679/399/64 678/400/64
f 678/400/64 679/399/64 680/394/64 677/393/64
f 685/401/65 688/402/65 684/403/65 683/404/65
f 681/405/65 682/406/65 687/407/65 686/408/65
f 686/408/65 687/407/65 688/402/65 685/401/65
f 693/409/66 696/410/66 692/411/66 691/412/66
f 689/413/66 690/414/66 695/415/66 694/416/66
f 694/416/66 695/415/66 696/410/66 693/409/66
f 701/417/67 704/418/67 700/419/67 699/420/67
f 697/421/67 698/422/67 703/423/67 702/424/67
f 702/424/67 703/423/67 704/418/67 701/417/67
f 709/425/68 712/426/68 708/427/68 707/428/68
f 705/429/68 706/430/68 711/431/68 710/432/68
f 710/432/68 711/431/68 712/426/68 709/425/68
f 717/433/69 720/434/69 716/435/69 715/436/69
f 713/437/69 714/438/69 719/439/69 718/440/69
f 718/440/69 719/439/69 720/434/69 717/433/69
f 725/441/70 728/442/70 724/443/70 723/444/70
f 721/445/71 722/446/71 727/447/71 726/448/71
f 726/448/72 727/447/72 728/442/72 725/441/72
f 733/449/73 736/450/73 732/451/73 731/452/73
f 729/453/74 730/454/74 735/455/74 734/456/74
f 734/456/75 735/455/75 736/450/75 733/449/75
f 741/457/76 744/458/76 740/459/76 739/460/76
f 737/461/76 738/462/76 743/463/76 742/464/76
f 742/464/76 743/463/76 744/458/76 741/457/76
f 749/465/77 752/466/77 748/467/77 747/468/77
f 745/469/77 746/470/77 751/471/77 750/472/77
f 750/472/77 751/471/77 752/466/77 749/465/77
f 757/473/78 760/474/78 756/475/78 755/476/78
f 753/477/78 754/478/78 759/479/78 758/480/78
f 758/480/78 759/479/78 760/474/78 757/473/78
f 765/481/79 768/482/79 764/483/79 763/484/79
f 761/485/79 762/486/79 767/487/79 766/488/79
f 766/488/79 767/487/79 768/482/79 765/481/79
f 773/489/80 776/490/80 772/491/80 771/492/80
f 769/493/80 770/494/80 775/495/80 774/496/80
f 774/496/80 775/495/80 776/490/80 773/489/80
f 781/497/81 784/498/81 780/499/81 779/500/81
f 777/501/82 778/502/82 783/503/82 782/504/82
f 782/504/83 783/503/83 784/498/83 781/497/83
f 789/505/84 792/506/84 788/507/84 787/508/84
f 785/509/84 786/510/84 791/511/84 790/512/84
f 790/512/84 791/511/84 792/506/84 789/505/84
f 797/513/85 800/514/85 796/515/85 795/516/85
f 793/517/86 794/518/86 799/519/86 798/520/86
f 798/520/87 799/519/87 800/514/87 797/513/87
f 805/521/88 808/522/88 804/523/88 803/524/88
f 801/525/88 802/526/88 807/527/88 806/528/88
f 806/528/88 807/527/88 808/522/88 805/521/88
f 813/529/89 816/530/89 812/531/89 811/532/89
f 809/533/90 810/534/90 815/535/90 814/536/90
f 814/536/90 815/535/90 816/530/90 813/529/90
f 821/537/91 824/538/91 820/539/91 819/540/91
f 817/541/91 818/542/91 823/543/91 822/544/91
f 822/544/91 823/543/91 824/538/91 821/537/91
f 829/545/92 832/546/92 828/547/92 827/548/92
f 825/549/92 826/550/92 831/551/92 830/552/92
f 830/552/92 831/551/92 832/546/92 829/545/92
f 837/553/93 840/554/93 836/555/93 835/556/93
f 833/557/93 834/558/93 839/559/93 838/560/93
f 838/560/93 839/559/93 840/554/93 837/553/93
f 845/561/94 848/562/94 844/563/94 843/564/94
f 841/565/94 842/566/94 847/567/94 846/568/94
f 846/568/94 847/567/94 848/562/94 845/561/94
f 853/569/95 856/570/95 852/571/95 851/572/95
f 849/573/95 850/574/95 855/575/95 854/576/95
f 854/576/95 855/575/95 856/570/95 853/569/95
f 861/577/96 864/578/96 860/579/96 859/580/96
f 857/581/96 858/582/96 863/583/96 862/584/96
f 862/584/96 863/583/96 864/578/96 861/577/96
f 869/585/97 872/586/97 868/587/97 867/588/97
f 865/589/97 866/590/97 871/591/97 870/592/97
f 870/592/97 871/591/97 872/586/97 869/585/97
f 877/593/98 880/594/98 876/595/98 875/596/98
f 873/597/98 874/598/98 879/599/98 878/600/98
f 878/600/98 879/599/98 880/594/98 877/593/98
f 885/601/99 888/602/99 884/603/99 883/604/99
f 881/605/99 882/606/99 887/607/99 886/608/99
f 886/608/99 887/607/99 888/602/99 885/601/99
f 893/609/100 896/610/100 892/611/100 891/612/100
f 889/613/100 890/614/100 895/615/100 894/616/100
f 894/616/100 895/615/100 896/610/100 893/609/100
f 901/617/101 904/618/101 900/619/101 899/620/101
f 897/621/101 898/622/101 903/623/101 902/624/101
f 902/624/101 903/623/101 904/618/101 901/617/101
f 909/625/102 912/626/102 908/627/102 907/628/102
f 905/629/103 906/630/103 911/631/103 910/632/103
f 910/632/102 911/631/102 912/626/102 909/625/102
f 917/633/104 920/634/104 916/635/104 915/636/104
f 913/637/104 914/638/104 919/639/104 918/640/104
f 918/640/104 919/639/104 920/634/104 917/633/104
s 1
f 148/641/105 16/642/106 13/643/107 145/644/108
f 145/644/108 13/643/107 14/645/109 146/646/110
f 146/647/110 14/648/109 15/649/111 147/650/112
f 107/651/113 108/652/114 111/653/115
f 131/654/116 153/655/117 154/656/118
f 141/657/119 9/658/120 12/659/121 144/660/122
f 108/661/114 105/662/123 109/663/124
f 117/664/125 118/665/126 121/666/127
f 144/660/122 12/659/121 11/667/128 143/668/129
f 156/669/130 103/670/131 155/671/132
f 104/672/133 133/673/134 101/674/135
f 156/669/130 171/675/136 103/670/131
f 142/676/137 10/677/138 9/678/120 141/679/119
f 143/668/129 11/667/128 10/677/138 142/676/137
f 127/680/139 9/678/120 10/677/138 138/681/140
f 139/682/141 11/667/128 12/659/121 140/683/142
f 116/684/143 117/664/125 120/685/144
f 120/685/144 117/664/125 121/666/127
f 171/675/136 104/686/133 103/670/131
f 132/687/145 153/655/117 131/654/116
f 119/688/146 116/689/143 173/690/147
f 140/683/142 12/659/121 9/658/120 127/691/139
f 138/681/140 10/677/138 11/667/128 139/682/141
f 118/665/126 174/692/148 121/666/127
f 175/693/149 122/694/150 121/666/127
f 174/692/148 175/693/149 121/666/127
f 119/688/146 174/692/148 118/665/126
f 187/695/151 186/696/152 213/697/153
f 126/698/154 213/697/153 125/699/155
f 185/700/156 123/701/157 124/702/158
f 213/697/153 214/703/159 125/699/155
f 136/704/160 128/705/161 135/706/162
f 136/704/160 129/707/163 128/705/161
f 152/708/164 144/660/122 151/709/165
f 4/710/166 8/711/167 5/712/168 1/713/169
f 2/714/170 6/715/171 7/716/172 3/717/173
f 3/717/173 7/716/172 8/711/167 4/710/166
f 1/713/169 5/712/168 6/718/171 2/719/170
f 129/707/163 136/704/160 137/720/174
f 140/721/142 130/722/175 139/723/141
f 150/724/176 145/725/108 149/726/177
f 262/727/178 263/728/179 176/729/180
f 201/730/181 202/731/182 262/727/178
f 202/731/182 203/732/183 264/733/184
f 264/733/184 178/734/185 177/735/186
f 264/733/184 203/732/183 178/734/185
f 176/729/180 263/728/179 177/736/186
f 194/737/187 199/738/188 198/739/189
f 203/732/183 179/740/190 178/734/185
f 263/741/179 264/733/184 177/735/186
f 135/742/162 2/714/170 3/717/173 136/743/160
f 136/743/160 3/717/173 4/710/166 137/744/174
f 137/744/174 4/710/166 1/713/169 134/745/191
f 134/745/191 1/713/169 2/719/170 135/746/162
f 196/747/192 250/748/193 197/749/194
f 204/750/195 208/751/196 258/752/197
f 209/753/198 260/754/199 261/755/200
f 256/756/201 257/757/202 220/758/203
f 254/759/204 215/760/205 219/761/206
f 276/762/207 273/763/208 131/764/116 101/765/135
f 275/766/209 276/762/207 101/765/135 133/767/134
f 274/768/210 275/766/209 133/767/134 132/769/145
f 273/763/208 274/768/210 132/770/145 131/764/116
f 123/701/157 116/771/143 120/772/144 124/702/158
f 125/699/155 121/773/127 122/774/150 126/698/154
f 217/775/211 222/776/212 218/777/213
f 254/778/204 255/779/214 215/780/205
f 124/781/158 120/782/144 121/773/127 125/699/155
f 217/775/211 221/783/215 222/776/212
f 126/698/154 122/774/150 116/771/143 123/701/157
f 255/779/214 216/784/216 215/780/205
f 256/756/201 220/758/203 221/783/215
f 215/760/205 218/777/213 219/761/206
f 115/785/217 112/786/218 116/689/143 119/688/146
f 114/787/219 115/785/217 119/688/146 118/665/126
f 113/788/220 114/787/219 118/665/126 117/664/125
f 217/775/211 256/756/201 221/783/215
f 218/777/213 222/776/212 219/761/206
f 201/730/181 262/727/178 176/729/180 200/789/221
f 112/790/218 113/788/220 117/664/125 116/684/143
f 111/791/115 108/792/114 112/786/218 115/785/217
f 128/705/161 140/721/142 127/793/139 135/794/162
f 110/795/222 111/791/115 115/785/217 114/787/219
f 109/796/124 110/795/222 114/787/219 113/788/220
f 108/797/114 109/796/124 113/788/220 112/790/218
f 104/672/133 101/674/135 105/662/123 108/661/114
f 103/670/131 104/686/133 108/652/114 107/651/113
f 102/798/223 103/670/131 107/651/113 106/799/224
f 101/674/135 102/798/223 106/799/224 105/662/123
f 100/800/225 99/801/226 98/802/227 97/803/228
f 96/804/229 95/805/230 94/806/231 93/807/232
f 92/808/233 91/809/234 90/810/235 89/811/236
f 88/812/237 87/813/238 86/814/239 85/815/240
f 270/816/241 266/817/242 265/818/243 269/819/244
f 84/820/245 83/821/246 82/822/247 81/823/248
f 80/824/249 79/825/250 78/826/251 77/827/252
f 76/828/253 75/829/254 74/830/255 73/831/256
f 72/832/257 71/833/258 70/834/259 69/835/260
f 68/836/261 67/837/262 66/838/263 65/839/264
f 61/840/265 62/841/266 63/842/267 64/843/268
f 60/844/269 59/845/270 58/846/271 57/847/272
f 56/848/273 55/849/274 54/850/275 53/851/276
f 44/852/277 43/853/278 42/854/279 41/855/280
f 209/753/198 279/856/281 278/857/282 210/858/283
f 261/755/200 280/859/284 279/856/281 209/753/198
f 40/860/285 39/861/286 38/862/287 37/863/288
f 130/722/175 276/762/207 275/766/209 129/707/163
f 214/703/159 212/864/289 124/781/158 125/699/155
f 160/865/290 159/866/291 168/867/292 163/868/293
f 182/869/294 183/870/295 268/871/296
f 180/872/297 269/819/244 265/818/243 268/871/296
f 140/721/142 273/763/208 276/762/207 130/722/175
f 183/870/295 180/872/297 268/871/296
f 24/873/298 23/874/299 22/875/300 21/876/301
f 20/877/302 19/878/303 18/879/304 17/880/305
f 181/881/306 269/819/244 180/872/297
f 271/882/307 272/883/308 267/884/309
f 8/711/167 7/716/172 6/885/171 5/886/168
f 210/858/283 278/857/282 277/887/310 211/888/311
f 129/707/163 275/766/209 274/768/210 128/705/161
f 223/889/312 106/799/224 107/651/113 225/890/313
f 237/891/314 245/892/315 242/893/316 234/894/317
f 128/705/161 274/768/210 273/763/208 140/721/142
f 152/708/164 149/895/177 141/657/119 144/660/122
f 132/687/145 169/896/318 170/897/319 153/655/117
f 195/898/320 192/899/321 252/900/322 253/901/323
f 169/896/318 132/687/145 133/673/134 172/902/324
f 106/799/224 223/889/312 224/903/325 105/662/123
f 240/904/326 241/905/327 244/906/328 245/892/315
f 165/907/329 162/908/330 163/868/293 168/867/292
f 187/695/151 213/697/153 126/698/154 184/909/331
f 236/910/332 240/904/326 245/892/315 237/891/314
f 186/696/152 185/911/156 124/781/158 212/864/289
f 161/912/333 158/913/334 157/914/335 164/915/336
f 131/916/116 154/917/118 102/798/223 101/674/135
f 229/918/337 228/919/338 232/920/339 249/921/340
f 166/922/341 167/923/342 158/913/334 161/912/333
f 164/924/336 157/925/335 160/865/290 163/868/293
f 172/902/324 133/673/134 104/672/133 171/926/136
f 110/927/222 225/890/313 107/651/113 111/653/115
f 239/928/343 240/929/326 236/930/332 235/931/344
f 151/709/165 144/660/122 143/668/129 148/932/105
f 149/726/177 145/725/108 146/933/110 141/679/119
f 130/722/175 129/707/163 137/720/174 139/723/141
f 257/757/202 254/759/204 219/761/206 220/758/203
f 210/858/283 206/934/345 260/754/199 209/753/198
f 171/675/136 156/669/130 153/655/117 170/897/319
f 205/935/346 259/936/347 260/754/199 206/934/345
f 143/668/129 142/676/137 147/937/112 148/932/105
f 207/938/348 211/888/311 208/751/196 204/750/195
f 123/701/157 185/700/156 184/909/331 126/698/154
f 224/903/325 110/939/222 109/663/124 105/662/123
f 194/737/187 198/739/189 197/940/194 193/941/349
f 173/690/147 116/689/143 122/942/150 175/943/149
f 150/944/176 151/709/165 148/932/105 145/945/108
f 253/946/323 250/748/193 196/747/192 199/947/188
f 155/671/132 103/670/131 102/798/223 154/917/118
f 138/948/140 134/949/191 135/794/162 127/793/139
f 267/884/309 272/883/308 182/869/294 268/871/296
f 179/740/190 203/732/183 200/789/221 176/729/180
f 241/950/327 238/951/350 243/952/351 244/953/328
f 250/748/193 251/954/352 193/955/349 197/749/194
f 161/956/333 162/908/330 165/907/329 166/957/341
f 269/819/244 181/881/306 182/958/294 272/959/308
f 239/928/343 235/931/344 234/894/317 238/951/350
f 158/913/334 167/923/342 168/867/292 159/866/291
f 228/960/338 227/961/353 231/962/354 232/963/339
f 249/921/340 232/920/339 233/964/355 248/965/356
f 246/966/357 226/967/358 229/918/337 249/921/340
f 256/756/201 217/775/211 216/784/216 255/779/214
f 142/676/137 141/679/119 146/933/110 147/937/112
f 259/936/347 205/935/346 204/750/195 258/752/197
f 211/888/311 277/887/310 280/859/284 261/755/200
f 195/898/320 253/901/323 199/738/188 194/737/187
f 134/968/191 138/969/140 139/723/141 137/720/174
f 208/751/196 211/888/311 261/755/200 258/752/197
f 230/970/359 231/962/354 227/961/353 247/971/360
f 252/900/322 192/899/321 193/955/349 251/954/352
f 271/882/307 267/884/309 266/972/242 270/973/241
f 230/970/359 247/971/360 248/974/356 233/975/355
f 226/967/358 246/966/357 247/971/360 227/961/353
f 243/952/351 238/951/350 234/894/317 242/893/316
f 206/934/345 210/858/283 211/888/311 207/976/348
f 147/650/112 15/649/111 16/642/106 148/641/105
f 19/878/303 15/649/111 14/648/109 18/977/304
f 20/877/302 16/642/106 15/649/111 19/878/303
f 17/978/305 13/643/107 16/642/106 20/877/302
f 18/979/304 14/645/109 13/643/107 17/978/305
f 152/980/164 24/873/298 21/981/301 149/982/177
f 151/983/165 23/874/299 24/873/298 152/980/164
f 150/984/176 22/985/300 23/874/299 151/983/165
f 149/986/177 21/987/301 22/985/300 150/984/176
f 25/988/361 26/989/362 154/990/118 153/991/117
f 26/989/362 27/992/363 155/993/132 154/990/118
f 27/992/363 28/994/364 156/995/130 155/993/132
f 28/994/364 25/996/361 153/997/117 156/995/130
f 25/988/361 157/914/335 158/913/334 26/989/362
f 27/992/363 159/866/291 160/865/290 28/994/364
f 26/989/362 158/913/334 159/866/291 27/992/363
f 28/994/364 160/865/290 157/925/335 25/996/361
f 29/998/365 161/999/333 164/1000/336 32/1001/366
f 30/1002/367 162/1003/330 161/1004/333 29/1005/365
f 31/1006/368 163/1007/293 162/1003/330 30/1002/367
f 32/1001/366 164/1000/336 163/1007/293 31/1006/368
f 34/1008/369 166/1009/341 165/1010/329 33/1011/370
f 35/1012/371 167/1013/342 166/1014/341 34/1015/369
f 36/1016/372 168/1017/292 167/1013/342 35/1012/371
f 33/1011/370 165/1010/329 168/1017/292 36/1016/372
f 31/1006/368 39/861/286 40/860/285 32/1001/366
f 29/1005/365 37/1018/288 38/1019/287 30/1002/367
f 32/1001/366 40/860/285 37/1020/288 29/998/365
f 30/1002/367 38/1019/287 39/861/286 31/1006/368
f 35/1012/371 43/853/278 44/852/277 36/1016/372
f 34/1015/369 42/1021/279 43/853/278 35/1012/371
f 33/1011/370 41/1022/280 42/1023/279 34/1008/369
f 36/1016/372 44/852/277 41/1022/280 33/1011/370
f 45/1024/373 46/1025/374 170/1026/319 169/1027/318
f 46/1025/374 47/1028/375 171/1029/136 170/1026/319
f 47/1028/375 48/1030/376 172/1031/324 171/1029/136
f 48/1030/376 45/1032/373 169/1033/318 172/1031/324
f 51/1034/377 47/1028/375 46/1025/374 50/1035/378
f 52/1036/379 48/1030/376 47/1028/375 51/1034/377
f 49/1037/380 45/1032/373 48/1030/376 52/1036/379
f 50/1035/378 46/1025/374 45/1024/373 49/1038/380
f 52/1036/379 56/848/273 53/1039/276 49/1037/380
f 51/1034/377 55/849/274 56/848/273 52/1036/379
f 50/1035/378 54/1040/275 55/849/274 51/1034/377
f 49/1038/380 53/1041/276 54/1040/275 50/1035/378
f 177/736/186 119/1042/146 173/1043/147 176/729/180
f 179/740/190 175/1044/149 174/1045/148 178/734/185
f 176/729/180 173/1043/147 175/1044/149 179/740/190
f 178/734/185 174/1045/148 119/1046/146 177/735/186
f 59/1047/270 182/1048/294 181/1049/306 58/846/271
f 60/1050/269 183/1051/295 182/1052/294 59/1053/270
f 57/847/272 180/1054/297 183/1051/295 60/1050/269
f 58/846/271 181/1049/306 180/1054/297 57/847/272
f 184/909/331 185/700/156 189/1055/381 188/1056/382
f 185/911/156 186/696/152 190/1057/383 189/1058/381
f 186/696/152 187/695/151 191/1059/384 190/1057/383
f 187/695/151 184/909/331 188/1056/382 191/1059/384
f 188/1056/382 189/1055/381 193/955/349 192/899/321
f 189/1058/381 190/1057/383 194/737/187 193/941/349
f 190/1057/383 191/1059/384 195/898/320 194/737/187
f 191/1059/384 188/1056/382 192/899/321 195/898/320
f 62/841/266 197/1060/194 198/1061/189 63/1062/267
f 61/840/265 196/1063/192 197/1060/194 62/841/266
f 64/1064/268 199/1065/188 196/1063/192 61/840/265
f 63/1062/267 198/1061/189 199/1066/188 64/1067/268
f 205/935/346 201/1068/181 200/1069/221 204/750/195
f 207/976/348 203/1070/183 202/1071/182 206/934/345
f 204/750/195 200/1069/221 203/1072/183 207/938/348
f 206/934/345 202/1071/182 201/1068/181 205/935/346
f 66/838/263 279/1073/281 280/1074/284 65/839/264
f 67/1075/262 278/1076/282 279/1073/281 66/838/263
f 68/1077/261 277/1078/310 278/1076/282 67/1075/262
f 65/839/264 280/1074/284 277/1079/310 68/1080/261
f 215/760/205 212/1081/289 214/1082/159 218/777/213
f 216/784/216 186/1083/152 212/1084/289 215/780/205
f 217/775/211 213/1085/153 186/1083/152 216/784/216
f 218/777/213 214/1082/159 213/1085/153 217/775/211
f 221/1086/215 71/1087/258 72/832/257 222/1088/212
f 219/1089/206 69/835/260 70/1090/259 220/1091/203
f 222/1088/212 72/832/257 69/835/260 219/1089/206
f 220/1092/203 70/1093/259 71/1087/258 221/1086/215
f 226/967/358 223/1094/312 225/1095/313 229/918/337
f 227/961/353 224/1096/325 223/1094/312 226/967/358
f 228/960/338 110/1097/222 224/1096/325 227/961/353
f 229/918/337 225/1095/313 110/1098/222 228/919/338
f 237/891/314 233/1099/355 232/1100/339 236/910/332
f 234/894/317 230/1101/359 233/1099/355 237/891/314
f 235/931/344 231/1102/354 230/1101/359 234/894/317
f 236/930/332 232/1103/339 231/1102/354 235/931/344
f 240/1104/326 75/1105/254 76/1106/253 241/1107/327
f 239/1108/343 74/830/255 75/1105/254 240/1104/326
f 238/1109/350 73/831/256 74/830/255 239/1108/343
f 241/1110/327 76/1111/253 73/831/256 238/1109/350
f 244/1112/328 79/1113/250 80/1114/249 245/1115/315
f 243/1116/351 78/826/251 79/1117/250 244/1118/328
f 242/1119/316 77/827/252 78/826/251 243/1116/351
f 245/1115/315 80/1114/249 77/827/252 242/1119/316
f 246/1120/357 81/823/248 82/822/247 247/1121/360
f 249/1122/340 84/1123/245 81/823/248 246/1120/357
f 248/1124/356 83/1125/246 84/1126/245 249/1127/340
f 247/1121/360 82/822/247 83/1125/246 248/1124/356
f 252/1128/322 87/1129/238 88/1130/237 253/1131/323
f 251/1132/352 86/814/239 87/1133/238 252/1134/322
f 250/1135/193 85/815/240 86/814/239 251/1132/352
f 253/1131/323 88/1130/237 85/815/240 250/1135/193
f 91/809/234 256/1136/201 255/1137/214 90/810/235
f 89/1138/236 254/1139/204 257/1140/202 92/1141/233
f 90/810/235 255/1137/214 254/1142/204 89/1143/236
f 92/1141/233 257/1140/202 256/1136/201 91/809/234
f 93/807/232 258/1144/197 261/1145/200 96/1146/229
f 94/806/231 259/1147/347 258/1144/197 93/807/232
f 95/1148/230 260/1149/199 259/1147/347 94/806/231
f 96/1146/229 261/1145/200 260/1150/199 95/1151/230
f 262/727/178 265/818/243 266/817/242 263/728/179
f 202/731/182 268/871/296 265/818/243 262/727/178
f 264/733/184 267/884/309 268/871/296 202/731/182
f 263/741/179 266/972/242 267/884/309 264/733/184
f 270/1152/241 98/802/227 99/1153/226 271/1154/307
f 272/1155/308 100/1156/225 97/803/228 269/1157/244
f 271/1154/307 99/1153/226 100/1158/225 272/1159/308
f 269/1157/244 97/803/228 98/802/227 270/1152/241
o Monster_Plane.002
v 1.317120 3.933868 1.311975
v 1.310023 3.885893 1.168822
v 1.687850 3.885893 1.168822
v 1.680753 3.933868 1.311975
v 1.410390 4.355557 0.773850
v 1.310023 3.638428 0.210933
v 1.687850 3.638428 0.210933
v 1.587483 4.355557 0.773850
v 1.409940 3.952516 1.988309
v 1.587933 3.952516 1.988309
v 1.455594 4.391911 1.644754
v 1.542279 4.391911 1.644754
v 1.436441 3.783503 2.545976
v 1.561432 3.783503 2.545976
v 1.468500 4.092058 2.304722
v 1.529373 4.092058 2.304722
v 2.448358 4.237489 1.879725
v 2.428636 4.189942 1.737614
v 2.805129 4.177885 1.708267
v 2.810707 4.225885 1.851480
v 2.512958 4.656654 1.335458
v 2.346338 3.943793 0.782927
v 2.722830 3.931736 0.753580
v 2.689425 4.651003 1.321703
v 2.593978 4.252326 2.546781
v 2.771342 4.246646 2.532956
v 2.626807 4.690466 2.200173
v 2.713186 4.687700 2.193440
v 2.658307 4.081861 3.100915
v 2.782857 4.077872 3.091207
v 2.681361 4.389535 2.857517
v 2.742018 4.387592 2.852788
v 3.600822 3.520990 1.101849
v 3.569500 3.474201 0.961583
v 3.942373 3.451024 0.905169
v 3.959686 3.498684 1.047555
v 3.638388 3.938640 0.553892
v 3.411297 3.231620 0.015582
v 3.784169 3.208443 -0.040832
v 3.813159 3.927776 0.527451
v 3.794553 3.530792 1.756649
v 3.970211 3.519873 1.730073
v 3.815265 3.968137 1.408107
v 3.900813 3.962820 1.395164
v 3.893604 3.357902 2.304881
v 4.016956 3.350235 2.286219
v 3.908149 3.665019 2.060125
v 3.968223 3.661285 2.051036
v 2.648182 3.456636 -6.064284
v 2.661442 3.484899 -5.946525
v 2.459838 3.490949 -5.931799
v 2.454151 3.462459 -6.050111
v 2.630497 3.844648 -5.780223
v 2.724400 3.708966 -5.176660
v 2.522796 3.715015 -5.161935
v 2.536002 3.847484 -5.773320
v 2.555117 3.227364 -6.561911
v 2.460142 3.230214 -6.554974
v 2.550241 3.553965 -6.427254
v 2.503987 3.555353 -6.423876
v 2.506158 2.951806 -6.924169
v 2.439464 2.953807 -6.919298
v 2.502734 3.181154 -6.829608
v 2.470253 3.182128 -6.827236
v 7.453438 1.359584 0.869020
v 7.459394 1.293708 1.004924
v 7.829597 1.246420 0.946044
v 7.809731 1.314073 0.812352
v 7.473875 0.674561 0.949175
v 7.531188 0.795359 1.856561
v 7.901391 0.748071 1.797681
v 7.647395 0.652396 0.921577
v 7.524669 1.809337 0.360061
v 7.699069 1.787060 0.332323
v 7.490332 1.254344 0.296933
v 7.575267 1.243495 0.283424
v 7.570974 2.315806 0.074394
v 7.693443 2.300162 0.054915
v 7.546861 1.926074 0.030063
v 7.606506 1.918455 0.020576
v 8.655374 0.707494 0.672741
v 8.697159 0.675523 0.814435
v 9.036863 0.815915 0.727008
v 8.982316 0.842612 0.588599
v 9.030353 0.150827 0.832775
v 9.032905 0.420459 1.709427
v 9.372609 0.560851 1.622000
v 9.189578 0.216631 0.791796
v 8.473238 1.046791 0.108742
v 8.633268 1.112928 0.067557
v 8.731255 0.550257 0.116650
v 8.809192 0.582467 0.096590
v 8.244362 1.455300 -0.239105
v 8.356743 1.501744 -0.268027
v 8.425550 1.106620 -0.233552
v 8.480280 1.129239 -0.247637
v 5.826794 1.730704 1.480262
v 5.795877 1.742588 1.627735
v 6.015003 1.439252 1.679935
v 6.037686 1.438764 1.530501
v 5.360252 1.331719 1.795303
v 5.565244 1.741539 2.589817
v 5.784369 1.438202 2.642016
v 5.462961 1.189541 1.819769
v 6.152325 1.746978 0.880134
v 6.255553 1.604078 0.904725
v 5.727724 1.405220 1.007012
v 5.777998 1.335626 1.018988
v 6.520325 1.906953 0.456763
v 6.592815 1.806605 0.474030
v 6.222158 1.666961 0.545859
v 6.257464 1.618091 0.554269
v -2.492908 1.013125 -0.624873
v -2.442170 1.023149 -0.766895
v -2.803560 1.023149 -0.877122
v -2.840722 1.013125 -0.730959
v -2.483656 1.607675 -0.974906
v -2.156244 1.158264 -1.704328
v -2.517634 1.158264 -1.814555
v -2.653045 1.607675 -1.026572
v -2.766269 0.773355 -0.046794
v -2.936519 0.773355 -0.098722
v -2.765941 1.310343 -0.204357
v -2.848855 1.310343 -0.229646
v -2.923368 0.405098 0.377431
v -3.042922 0.405098 0.340966
v -2.923138 0.782186 0.266786
v -2.981362 0.782186 0.249027
v -3.761805 1.078213 -0.342229
v -3.699320 1.088237 -0.479489
v -4.050178 1.088237 -0.619674
v -4.099482 1.078213 -0.477148
v -3.723192 1.672763 -0.690249
v -3.335685 1.223352 -1.389601
v -3.686543 1.223352 -1.529786
v -3.887645 1.672763 -0.755956
v -4.082743 0.838443 0.210853
v -4.248030 0.838443 0.144812
v -4.069185 1.375431 0.053874
v -4.149683 1.375431 0.021712
v -4.274910 0.470186 0.620388
v -4.390980 0.470186 0.574013
v -4.265389 0.847274 0.510154
v -4.321917 0.847274 0.487568
v -4.574784 0.711072 -1.627105
v -4.501786 0.721097 -1.759074
v -4.840645 0.721097 -1.926192
v -4.900912 0.711072 -1.787945
v -4.509151 1.305623 -1.971055
v -4.068288 0.856212 -2.638059
v -4.407146 0.856212 -2.805177
v -4.667979 1.305623 -2.049386
v -4.937874 0.471303 -1.100734
v -5.097508 0.471303 -1.179463
v -4.912117 1.008291 -1.256177
v -4.989861 1.008291 -1.294519
v -5.161391 0.103046 -0.707431
v -5.273492 0.103046 -0.762717
v -5.143304 0.480134 -0.816587
v -5.197898 0.480134 -0.843513
v -1.722640 3.374802 -7.712739
v -1.770235 3.356194 -7.602149
v -1.582045 3.356194 -7.528105
v -1.541521 3.374802 -7.641478
v -1.825397 3.625756 -7.315223
v -2.063046 3.270888 -6.857941
v -1.874857 3.270888 -6.783896
v -1.737190 3.625756 -7.280517
v -1.473918 3.351836 -8.209198
v -1.385263 3.351836 -8.174315
v -1.541801 3.602764 -7.969923
v -1.498625 3.602764 -7.952936
v -1.298782 3.234615 -8.615580
v -1.236526 3.234615 -8.591084
v -1.346451 3.410823 -8.447555
v -1.316132 3.410823 -8.435625
v -7.453312 1.418026 4.970455
v -7.459269 1.397694 5.120108
v -7.829472 1.334437 5.078860
v -7.809607 1.357146 4.930756
v -7.473750 0.791922 5.259721
v -7.531063 1.188984 6.084513
v -7.901265 1.125727 6.043264
v -7.647270 0.762273 5.240387
v -7.524544 1.687147 4.346844
v -7.698944 1.657347 4.327412
v -7.490207 1.140051 4.459487
v -7.575141 1.125538 4.450023
v -7.570848 2.079627 3.917805
v -7.693318 2.058700 3.904159
v -7.546736 1.695441 3.996905
v -7.606380 1.685249 3.990259
v -8.655251 1.880025 4.743480
v -8.697037 1.850880 4.885781
v -9.036742 1.989504 4.795577
v -8.982194 2.013441 4.656665
v -9.030231 1.326653 4.914562
v -9.032782 1.613685 5.785672
v -9.372486 1.752308 5.695469
v -9.189457 1.391629 4.872283
v -8.473116 2.208026 4.172838
v -8.633146 2.273330 4.130344
v -8.731133 1.711747 4.190628
v -8.809071 1.743552 4.169931
v -8.244241 2.609529 3.816928
v -8.356621 2.655388 3.787087
v -8.425427 2.261029 3.829420
v -8.480160 2.283362 3.814888
v -5.826669 1.846632 5.265563
v -5.795752 1.939281 5.380914
v -6.014880 1.717603 5.594447
v -6.037561 1.633284 5.471074
v -5.360127 1.693411 5.750293
v -5.565119 2.478677 6.177566
v -5.784245 2.256999 6.391098
v -5.462836 1.589507 5.850379
v -6.152200 1.523092 4.759855
v -6.255429 1.418660 4.860450
v -5.727599 1.311558 5.056758
v -5.777874 1.260699 5.105747
v -6.520199 1.417713 4.319707
v -6.592690 1.344378 4.390346
v -6.222034 1.269168 4.528198
v -6.257339 1.233454 4.562600
v -0.436610 10.763416 10.501029
v -0.073970 10.966532 10.326805
v -0.643177 11.134370 10.587985
v -0.170020 11.343092 10.485818
v 0.184412 11.025714 10.176324
v 0.223144 10.892767 9.809062
v 0.030044 10.738516 9.807200
v -0.223475 10.510645 10.024631
v -0.494560 10.404282 10.141347
v -0.708579 10.477700 10.237679
v -0.678985 10.610422 10.387789
v 0.369886 11.539482 10.128871
v 0.478453 11.444708 9.642818
v 0.320307 11.036411 9.470499
v 0.167147 10.572388 9.583728
v -0.159415 10.354504 9.966592
v -0.446567 10.250342 10.118236
v -0.673005 10.204081 10.179555
v -0.946646 10.782722 10.404834
v -0.908908 10.511936 10.328989
v 0.265726 10.972666 9.982611
v -0.682172 11.020744 9.907047
v -0.430545 11.220605 9.769908
v -0.235924 11.139524 9.709014
v -0.112727 10.951983 9.623680
v -0.173443 10.841578 9.653395
v -0.371933 10.755659 9.633264
v -0.519348 10.697563 9.755498
v -0.625441 10.694232 9.886842
v -0.693338 10.855642 9.896285
v -0.141021 11.061886 9.644563
v -0.765182 9.886477 10.218431
v -0.896809 9.803637 10.197892
v -0.870449 10.340398 10.274783
v -0.889978 9.812944 9.969084
v -0.780576 9.944699 9.989572
v -0.616420 10.148997 10.045710
v -0.501142 10.226650 10.009613
v -0.245556 10.371266 9.772596
v 0.066436 10.598185 9.478742
v 0.198459 11.099998 9.326670
v 0.469414 11.541192 9.639248
v 0.299948 11.648587 10.056077
v -0.229136 11.477301 10.401799
v -0.741553 11.277427 10.462758
v -0.916147 11.281928 10.421027
v -0.802017 9.824253 9.881470
v -0.535322 9.798128 9.771589
v -0.344489 9.998108 9.642760
v -0.066188 9.914804 9.264877
v 0.062372 9.791212 8.963446
v 0.015117 9.555508 8.773518
v -0.094733 9.318468 8.839464
v -0.219728 9.266698 9.161748
v -0.379072 9.217883 9.432316
v -0.531570 9.194845 9.613518
v -0.764211 9.101822 9.760126
v -0.702663 10.011515 10.195909
v -0.862536 10.084837 10.248994
v -0.695295 10.033031 10.007430
v -0.478542 10.141310 9.854690
v -0.252814 10.280126 9.581052
v 0.074959 10.658601 9.111447
v 0.383449 11.175149 9.172591
v -0.625477 9.952130 9.910664
v 0.576470 11.677646 9.561974
v 0.276916 11.947140 10.070707
v -0.075843 11.809979 10.312537
v -0.492976 11.780115 10.433131
v -0.851636 11.756737 10.444325
v -0.038926 10.228202 9.243129
v 0.055745 10.141989 9.080196
v -0.290927 8.993898 8.848995
v -0.471815 9.085366 8.396952
v -0.333402 9.611973 7.738678
v -0.181009 10.339142 7.191879
v 0.177335 9.987753 8.747721
v 0.114001 9.755816 8.473866
v -0.074011 9.453202 8.450754
v -0.241352 9.037479 9.082788
v -0.401357 9.007863 9.326206
v -0.568539 8.902991 9.411039
v -0.696166 8.727880 9.349155
v -0.783011 8.658775 9.148367
v -0.811102 8.692365 8.864704
v -0.551366 8.873009 8.692493
v -0.722818 8.903802 8.457535
v -0.087034 9.805315 7.877120
v 0.188762 10.154816 8.127501
v 0.301488 10.347178 8.522731
v 0.211760 10.529054 8.862906
v -0.893513 9.596178 9.769099
v -0.483998 9.683933 9.721661
v -0.283085 9.737460 9.508346
v -0.122222 9.676930 9.283342
v -0.017049 9.629846 9.046210
v -0.007278 9.531267 8.900475
v -0.041921 9.362788 8.993837
v -0.172943 9.303683 9.227988
v -0.338545 9.260462 9.450165
v -0.491507 9.239432 9.675548
v -0.707066 9.151937 9.845508
v 0.028059 10.376755 7.531204
v 0.147484 11.111939 7.513489
v 0.409105 11.573849 7.824346
v 0.513310 11.995494 8.281479
v 0.723357 12.246067 8.660484
v 0.708246 11.886353 8.871896
v -0.088132 11.301653 7.279604
v 0.152010 12.175043 7.728211
v 0.360737 12.292608 8.059027
v 0.399206 10.869663 7.944405
v 0.417973 10.764715 8.399678
v 0.533682 11.338373 8.813348
v 0.542230 11.825688 9.305502
v 0.561511 12.099467 9.523593
v 0.624362 11.654715 8.540830
v -0.471909 9.619642 9.575895
v -0.322720 9.638121 9.449803
v -0.170089 9.596325 9.265303
v -0.074567 9.550237 9.058421
v -0.039611 9.529099 8.973089
v -0.160130 9.478178 9.088938
v -0.215925 9.446776 9.284979
v -0.377975 9.445895 9.466953
v -0.563968 9.424885 9.672190
v -0.792197 9.367952 9.842837
v -0.874905 9.697866 9.817925
v -0.736837 9.393032 7.722996
v -0.587271 9.966984 7.011824
v 0.605683 12.442376 8.687099
v 0.291635 12.536863 8.540922
v 0.290228 12.861271 8.461838
v 0.292963 13.158927 8.313665
v 0.141115 13.531500 8.322380
v 0.049445 13.624663 8.707945
v 0.112412 13.433099 9.025955
v 0.301308 13.138939 9.089571
v 0.257245 12.944229 9.303622
v 0.382008 12.666568 9.400397
v 0.508390 12.526251 9.369966
v 0.447736 12.315176 9.492169
v 0.373712 12.282997 9.922421
v 0.169364 12.555326 10.014562
v -0.057894 12.577349 10.158669
v -0.244261 12.177466 10.344057
v 0.311266 12.609447 8.048138
v 0.159373 13.323114 8.004343
v -0.049495 13.660251 8.243473
v -0.195532 13.849246 8.638750
v -0.374147 14.111499 8.958872
v 0.246590 12.862999 7.963902
v -0.472262 12.193007 10.360058
v -0.154729 12.789654 10.092513
v -0.796344 12.222124 10.328124
v -0.674649 12.757383 10.182217
v -0.375068 8.778764 8.811049
v -0.253833 8.811642 8.946199
v -0.350379 8.782845 9.110714
v -0.492319 8.729459 9.207151
v -0.601371 8.643846 9.166700
v -0.685105 8.605475 9.043112
v -0.665493 8.628656 8.870582
v -0.508335 8.684917 8.772200
v -0.363984 8.544755 8.780226
v -0.379946 8.547287 8.838133
v -0.454015 8.505075 8.912055
v -0.495871 8.485097 8.959549
v -0.544990 8.466211 8.966969
v -0.580173 8.462930 8.935617
v -0.510115 8.499434 8.874794
v -0.443682 8.534928 8.816682
v -0.475687 8.453929 8.876425
v -0.526111 8.423724 8.928932
v -0.412499 8.492963 8.820505
v -0.272159 11.290432 6.669181
v -0.591696 10.957364 6.263192
v -0.266891 13.204962 9.942607
v -0.569899 13.424450 9.966003
v 0.152445 12.757072 9.821985
v -0.046373 13.217140 9.655596
v -0.130703 13.491606 9.336971
v -0.293594 13.781919 9.274716
v -0.472639 13.957394 9.421576
v -0.694326 13.617950 9.884475
v -0.567890 13.857459 8.620335
v -0.832510 13.943662 8.432283
v 0.289283 11.999103 10.285782
v 0.099331 11.992272 10.443129
v 0.321738 12.218309 10.153708
v 0.257405 12.399151 10.141617
v 0.100081 12.421885 10.299624
v 0.068015 12.171179 10.489570
v -0.206515 13.410652 9.941428
v -0.381743 13.498024 9.980840
v -0.078652 13.446796 9.772902
v -0.087598 13.608637 9.575971
v -0.198050 13.686941 9.490229
v -0.302305 13.826645 9.652709
v -0.453176 13.687258 9.929399
v -0.602969 13.871822 9.711374
v -0.445030 13.837814 9.837283
v -0.183133 13.656673 9.830399
v 0.679436 12.549063 9.034242
v 0.581182 13.047124 8.785681
v 0.548633 13.256814 8.534330
v 0.444854 13.337134 8.446796
v 0.364006 13.434195 8.463063
v 0.337648 13.557738 8.770550
v 0.399873 13.466596 8.848848
v 0.479201 13.320695 8.846428
v 0.547621 13.227073 8.723705
v 0.099714 13.580106 8.508198
v -0.174931 13.688087 8.453880
v 0.349414 13.560987 8.607336
v 0.467251 13.438896 8.664933
v 0.677158 12.629086 8.851590
v 0.685287 12.767109 8.791186
v 0.669482 12.885746 8.850402
v 0.500609 12.993767 9.061652
v 0.444982 12.954599 9.184793
v 0.498442 12.759612 9.358046
v 0.571817 12.646412 9.315451
v 0.682295 12.625768 9.070850
v 0.578768 12.973475 8.954747
v 0.631876 12.846518 9.047960
v 0.277125 12.837163 9.372461
v -0.249663 13.043739 10.021480
v -0.624774 13.157572 10.044631
v 0.048253 13.006145 9.716510
v 0.429190 12.856153 9.298911
v 0.813148 12.222399 8.822904
v 0.866177 12.003998 8.950402
v 0.815500 11.976851 9.220716
v 0.714399 12.123959 9.390762
v 0.769732 12.404702 8.888419
v 0.778193 12.416457 9.295778
v 0.752756 12.314655 9.385907
v 0.780436 12.444675 9.097448
v 0.898941 12.242674 9.107333
v -0.639447 13.993752 8.762604
v -0.937352 13.983899 8.662077
v -0.654525 14.240814 9.155526
v -0.649222 14.212629 9.394876
v -0.850109 14.087860 9.820889
v -0.797971 14.340973 9.208066
v -0.739054 14.124929 9.637725
v -0.754882 14.272608 8.985259
v -0.936219 14.301628 8.870721
v -0.772510 14.294769 9.394262
v -0.945086 14.282549 9.585575
v -0.817677 14.256737 9.521781
v -0.904541 14.378908 9.132467
v -1.006923 14.425734 9.140179
v -0.974796 14.456180 9.445629
v -0.969120 14.475778 9.252029
v -0.820748 9.806911 9.695846
v -0.686729 9.807954 9.687013
v -0.890434 9.646212 9.590567
v -0.659551 9.727922 9.530714
v -0.588025 9.651145 9.433618
v -0.453316 9.693384 9.279031
v -0.289553 9.610549 9.187504
v -0.200317 9.555108 9.079972
v -0.114297 9.529108 9.020070
v -0.189833 9.530786 9.098939
v -0.290313 9.545127 9.187414
v -0.496993 9.537292 9.302330
v -0.705974 9.503041 9.402050
v -0.925544 9.399724 9.572976
v -0.856684 9.760395 9.651156
v -0.344340 11.485451 5.507797
v 0.146526 11.958668 5.977420
v -0.145623 13.945201 7.774683
v -0.709418 14.384339 8.592426
v 0.154184 12.535474 6.580244
v -0.453948 10.628270 6.736628
v -0.697338 10.509056 6.583253
v -0.461163 11.313569 5.963897
v -0.135575 11.750690 6.368251
v -0.064843 12.523637 7.442154
v -0.110963 13.458982 8.106737
v -0.790087 14.125148 8.796249
v 7.707458 13.164218 3.640538
v 7.660466 12.904685 2.096782
v 9.224288 8.871923 2.327209
v 9.487535 8.430796 1.173390
v 6.783739 12.834643 4.477862
v 5.769558 12.482373 4.075963
v 4.891622 11.754840 3.104571
v 4.956368 11.136376 2.112795
v 6.217041 11.552144 1.218533
v 6.978258 12.189603 1.228140
v 8.774784 8.183113 0.144004
v 7.585757 7.868631 0.400307
v 6.554386 7.736020 1.069959
v 6.367935 8.172940 2.405490
v 7.238451 8.625438 2.990830
v 8.170241 8.806548 2.811068
v 9.461205 9.724960 2.504069
v 8.641409 11.900139 3.272844
v 8.310585 11.592578 1.750432
v 9.297510 9.692364 1.147164
v 7.661509 11.143470 0.863955
v 8.276616 9.213746 0.341704
v 6.562340 10.662795 1.138747
v 7.187332 9.068123 0.627305
v 5.478724 10.503012 2.266918
v 6.351046 8.564783 1.252523
v 5.593162 10.638044 3.657021
v 6.321906 8.654540 2.588748
v 6.225015 11.263632 4.030740
v 7.132225 8.892582 3.241239
v 7.572315 11.509085 4.130790
v 8.509630 9.437538 3.230188
v 9.605213 4.132029 5.943520
v 10.425643 4.159834 5.238378
v 10.287469 4.124393 4.451876
v 9.660933 4.083745 3.823007
v 8.459196 4.209898 3.834869
v 8.018961 4.815004 4.070189
v 8.117234 4.775590 5.221450
v 8.560427 4.431242 5.874137
v 10.013052 6.323745 4.722332
v 9.678853 7.723362 3.499377
v 8.773844 7.693675 4.034752
v 8.851575 6.326723 5.115640
v 7.570592 7.569633 3.852799
v 7.996348 6.413196 4.933229
v 6.668736 7.082320 3.222863
v 7.238746 5.841180 4.099979
v 6.682559 6.232227 1.904071
v 7.265038 5.160119 3.203482
v 8.082754 5.887103 1.230874
v 8.695060 4.754580 2.772985
v 9.323400 6.195184 1.319442
v 9.780562 5.033277 2.984569
v 10.028104 7.063865 2.363777
v 10.098403 5.649773 3.726386
v 9.388694 8.906205 2.639007
v 8.357864 8.815094 3.123736
v 7.259675 8.589304 3.190748
v 6.225969 7.995774 2.391461
v 6.483589 7.483112 0.989159
v 7.526914 7.613267 0.250851
v 8.914052 7.922987 0.044688
v 9.779620 8.419544 1.356829
v 0.067947 10.371074 4.828734
v 0.455702 9.892023 3.656092
v 0.592678 11.152863 2.722447
v 1.901058 10.089302 3.864486
v 1.835186 11.499771 2.603922
v 2.980538 11.660112 3.680107
v 3.306706 12.390498 2.677598
v 3.968609 12.367664 5.080390
v 4.278296 12.163927 3.457966
v 5.492545 13.159422 5.053168
v 6.769680 12.824026 4.649872
v 6.738527 14.053242 4.918464
v 7.857417 13.445436 3.861701
v 6.940791 15.038591 2.879336
v 7.689919 13.292786 2.055362
v 5.919200 14.364953 1.446845
v 6.855848 12.421255 1.203377
v 5.015408 13.590835 1.290516
v 5.616682 11.893219 1.066171
v 4.280342 13.054335 1.909652
v 4.652081 11.429207 2.004766
v 3.989452 13.461527 2.298079
v 4.696702 12.123678 2.996883
v 3.836179 15.839664 1.093210
v 4.311328 13.735219 2.520511
v 3.761302 12.881692 0.501462
v 4.742042 12.861015 3.058367
v 2.640220 15.845533 -1.897470
v 2.689078 14.481778 -2.339981
v 0.805199 16.300716 -3.442852
v 0.655491 15.245202 -3.954466
v 3.260566 15.629152 0.050074
v 3.739073 14.895338 -1.487138
v 4.162781 14.434355 6.016622
v 6.119994 15.110502 5.079115
v 5.635421 16.576992 4.032858
v 5.936869 16.367708 3.954341
v 5.389477 16.746277 1.984654
v 5.553152 16.217213 2.918852
v 4.386735 16.589943 1.465341
v 4.919487 14.612386 1.820568
v 0.951816 11.156477 1.478932
v 2.039434 11.318707 0.300886
v 2.972371 12.799037 5.520625
v 2.445611 11.147369 5.274392
v 1.511784 10.380476 5.338685
v 1.112929 11.828503 5.784771
v 1.403604 13.171324 6.984828
v 0.218380 16.330254 9.020666
v 2.715891 17.806433 6.715168
v 1.314978 17.960230 7.683986
v 0.554458 12.621858 6.674536
v 0.233989 13.760049 6.927818
v 2.239874 13.328583 6.030570
v 2.378406 12.498569 6.008317
v 1.324025 12.760641 6.528850
v 1.401352 15.324812 6.900192
v 1.030289 12.685486 6.920774
v 1.030005 13.077697 7.244502
v 1.782678 13.244397 6.483311
v 1.754465 12.759975 6.175560
v 1.487032 12.333067 5.996036
v 1.542804 14.214063 6.327203
v 1.860518 18.510653 7.153924
v 1.135415 18.300371 7.585305
v -0.681662 16.242014 10.147024
v -0.189170 17.551962 9.510063
v 0.178691 20.381798 8.978218
v -0.433225 18.403551 8.881283
v 0.827732 15.088305 8.657248
v 0.177037 15.203195 8.846634
v 1.644240 15.888723 8.336340
v -0.770339 16.522427 8.650980
v 1.993681 16.746355 7.505928
v 0.386379 17.559851 7.757121
v -1.016756 14.918074 8.855686
v -1.182533 15.502474 8.690056
v 1.437893 20.111351 7.880206
v 1.153116 20.957142 8.167294
v 1.643110 20.902958 6.346536
v 1.466586 21.692566 6.940612
v 1.150300 21.848642 5.291644
v 0.852719 22.528540 6.327975
v -1.090590 21.236259 8.761419
v -0.274242 21.759569 8.205955
v 0.119756 22.347221 7.637422
v -0.303583 23.088129 6.905048
v -0.686341 23.873276 5.750607
v -0.072646 22.692984 4.923326
v -1.110068 23.461653 6.404412
v -1.507511 21.797279 9.120807
v -0.554948 22.258871 8.766060
v -0.202180 22.935236 8.020199
v -0.661588 23.486115 7.386899
v -1.336217 23.826492 7.149279
v -0.936324 22.984177 8.511719
v 2.424098 19.262341 7.048740
v -0.251262 18.887629 8.130417
v -0.418494 17.949577 7.708555
v 2.474792 17.739981 7.298076
v 1.798427 17.344639 7.634767
v 1.374942 17.612495 7.698126
v 1.760758 18.803596 7.698842
v 1.266680 18.732641 7.996264
v 0.956084 19.127518 8.369089
v 1.411741 19.589527 8.144135
v 1.908839 19.706707 7.560962
v 1.906468 19.320230 7.589931
v 4.952793 15.840032 5.445037
v 2.684318 14.877390 6.026889
v 1.795321 16.181942 6.731308
v 2.118267 15.143154 6.233671
v 2.424299 13.986902 6.235230
v 1.880145 14.174238 6.263421
v 0.423208 23.094898 3.796107
v 1.111447 22.479153 3.477590
v -0.553348 22.226757 1.853803
v 0.880727 22.142872 2.006371
v 3.866295 18.547882 5.584214
v 3.860558 19.392933 6.362567
v 3.427317 19.231369 4.013747
v 3.424771 20.086174 5.396053
v 2.203228 20.103182 3.943813
v 2.602479 20.457108 5.406880
v 1.340110 20.788433 3.566082
v 2.840217 15.961540 6.017828
v 3.235804 17.122986 6.803916
v 3.720109 15.654481 5.755795
v 5.521543 16.127602 4.784520
v 4.033762 16.627825 6.613112
v 4.934268 16.367966 5.832703
v 5.365368 16.558441 5.122117
v 5.609936 17.170343 4.396593
v 4.590578 17.508484 5.445864
v 5.307907 18.805267 3.817535
v 5.545135 18.082472 3.213995
v 3.918389 19.085720 2.496188
v 2.914010 19.806667 2.915156
v 2.443206 20.785603 2.516561
v 1.755902 21.077320 1.392327
v 1.508738 22.311123 1.229958
v -0.131395 22.576517 0.739165
v -0.372594 21.479437 1.313111
v 0.639993 22.523090 2.602528
v -0.474997 22.787680 2.182128
v 1.594996 21.931427 2.753804
v 0.025648 21.488342 -0.009089
v 1.560421 20.226942 0.697289
v 1.681469 21.131001 0.338780
v 3.112245 19.409237 0.682415
v 1.154696 20.112391 0.358301
v 3.136448 20.146248 1.724870
v 2.320620 20.294758 0.824709
v 1.863635 20.267223 -0.048721
v -0.341788 20.538891 0.858763
v 0.433139 20.485548 -1.120917
v 0.169976 20.724825 0.109272
v 1.012689 20.076468 -0.617755
v -0.416962 20.754551 1.027465
v 0.063215 21.306927 0.037403
v 6.759843 15.634911 3.255433
v 5.777099 15.166981 1.870762
v 6.993036 15.439579 3.165755
v 7.059603 15.291212 3.868018
v 6.691792 15.796463 4.389816
v 6.205517 16.428246 3.705216
v 5.901169 16.015783 2.563779
v 5.237314 14.997616 1.937328
v 6.534188 15.267973 2.635991
v 5.668276 15.451536 2.206697
v 5.327556 18.459873 1.772704
v 0.267690 19.734203 -1.518925
v 0.835829 19.475698 -1.049905
v 0.242399 17.695503 -1.369551
v 0.792584 18.286417 -1.080640
v 1.243911 19.081898 -0.102402
v 0.150295 18.933126 -1.600901
v 0.766931 18.757294 -1.111118
v 3.799756 18.931963 1.517560
v 3.440611 17.336298 -0.180081
v 3.344456 19.231157 0.580836
v 1.952479 18.943266 -0.739724
v 1.843305 19.683462 -0.178282
v 0.365905 17.772469 -3.028324
v 0.499922 16.865612 -3.283179
v 2.742486 17.315662 -2.976136
v 2.032388 17.354774 -3.359838
v 3.184873 17.460373 -2.490121
v 1.291701 18.451069 -3.066285
v 1.485317 18.633406 -2.754549
v 2.883603 18.100628 -2.305542
v 2.163333 18.521261 -2.315565
v 1.334186 18.003681 -3.281637
v 1.657374 17.401554 -3.389335
v 2.323893 18.071699 -3.067088
v 3.380475 14.810722 -1.578558
v 3.279823 15.391721 -1.748268
v 3.814151 14.356103 -0.643671
v 3.704687 15.319357 -1.395699
v 0.118256 15.731263 -3.767629
v 0.286510 16.240604 -3.834911
v 2.701651 14.789330 -3.305376
v 2.746925 15.053930 -2.891618
v 1.503758 15.300815 -3.701771
v 1.451592 15.715847 -3.504038
v 3.452787 12.096359 -0.889629
v 3.016967 13.713264 -3.393199
v 1.081333 14.276344 -4.738981
v 0.248923 11.242886 0.299196
v 1.951540 11.386450 -0.526432
v 3.966024 13.592985 -1.769354
v 0.203083 11.102783 -0.070516
v 0.678664 10.825163 -0.407569
v 0.816098 10.394138 -1.041389
v 0.683402 9.996597 -1.533984
v 0.326473 9.780280 -1.909729
v 0.095048 10.648870 -0.089485
v 0.524689 10.559200 -0.414843
v 0.634913 10.295779 -0.973550
v 0.573847 9.910061 -1.434599
v 0.227939 9.734298 -1.763196
v 0.049203 10.634651 -0.394774
v 0.345862 10.468529 -0.504751
v 0.456743 10.260238 -0.977703
v 0.350431 9.870101 -1.323807
v 0.118122 9.721602 -1.533297
v -0.038029 10.771669 -0.789721
v 0.236499 10.633281 -0.976317
v 0.287733 10.395125 -1.167448
v 0.176147 10.157601 -1.290394
v 0.043721 9.979344 -1.465140
v 0.098909 11.031934 -1.566777
v 3.182664 11.528206 -1.655912
v 3.101275 12.781623 -4.627641
v 1.113063 13.284572 -5.552039
v 2.099734 10.885380 -1.380808
v 3.577464 12.322085 -2.673980
v 2.895809 11.657918 -3.651371
v 2.265728 11.846626 -5.752187
v 0.946567 12.396469 -6.016021
v 2.039166 10.735456 -2.175588
v 3.032495 11.830424 -4.661095
v 1.446602 10.029110 -2.642215
v 0.796487 9.589323 -2.852472
v 3.199423 11.359845 -3.785901
v 2.457383 10.522607 -6.179214
v 1.727088 10.735946 -6.231663
v 2.299514 11.156851 -2.837992
v 3.169534 10.816457 -5.111976
v 0.670359 9.255830 -2.714508
v 0.276778 8.269145 -3.859992
v 0.844297 8.283682 -5.853503
v 1.439633 9.843569 -6.199465
v 0.312179 7.765646 -5.045464
v 3.889102 6.904911 1.230583
v 3.109598 6.835152 1.727672
v 4.456069 6.778704 0.202591
v 3.537340 6.541706 -1.200736
v 2.984556 6.524373 -1.091708
v 4.407223 6.835694 0.812241
v 4.353271 6.734767 -0.480647
v 2.501096 6.631754 1.878313
v 1.826675 6.518739 1.202065
v 1.978221 6.477279 -1.088634
v 2.527968 6.502608 -1.140168
v 1.491239 6.329289 0.165262
v 1.431300 7.179299 0.420051
v 1.016321 7.630922 -0.864212
v 0.720012 7.974919 -2.025413
v 0.736391 7.267637 -3.067076
v 1.087197 6.874398 -2.053238
v 1.255653 6.603530 -0.720362
v 1.116676 7.373802 -4.890399
v 1.394938 6.676619 -3.416489
v 1.480716 6.354041 -2.172833
v 1.656452 8.460445 -5.775568
v 1.955512 6.715443 -4.079786
v 2.131965 6.328390 -2.990861
v 2.218903 8.954430 -5.773575
v 3.038213 7.196684 -4.650125
v 3.045099 6.585111 -3.167675
v 2.016346 7.668223 0.912733
v 1.440738 8.390828 -0.155977
v 1.096369 8.928166 -1.480822
v 2.615259 8.126401 1.015679
v 1.999481 8.898256 -0.486046
v 1.483456 9.590144 -1.506562
v 3.953196 8.135515 -0.051976
v 3.480325 9.249628 -1.158662
v 2.839514 10.390944 -1.900669
v 2.077332 10.184730 -1.563826
v 2.752340 9.152277 -0.692002
v 3.390902 8.281226 0.426250
v 3.075000 9.267286 -5.295524
v 3.618596 8.008820 -4.262668
v 3.983996 6.966570 -2.776448
v 3.694260 9.745441 -4.162831
v 4.231520 8.671114 -3.118594
v 4.444496 7.511502 -1.711637
v 4.282213 7.826409 -0.847594
v 4.108474 9.173408 -1.951293
v 3.475106 10.205517 -2.916427
v 1.378846 22.558384 0.212814
v 0.453746 22.563459 0.139323
v 0.324607 22.052343 -0.190388
v 1.437699 22.078146 -0.020263
v 3.899309 5.306108 0.395101
v 3.186211 4.840526 0.980375
v 4.213119 5.961801 -0.748376
v 3.744896 6.686276 -1.266523
v 2.908520 6.770462 -1.381561
v 4.125993 5.587131 -0.239565
v 4.112435 6.403351 -1.073267
v 2.187625 4.850275 1.040175
v 1.823826 5.343364 0.537517
v 1.827069 6.531658 -1.015881
v 2.152876 6.743204 -1.372314
v 1.726821 6.165126 -0.198718
v 3.497158 4.010005 -2.581428
v 2.838467 4.023882 -1.931206
v 3.505068 4.694053 -3.203301
v 2.737496 4.776200 -3.987877
v 2.340763 4.861754 -3.654299
v 3.568540 4.293492 -2.800111
v 3.227193 4.831812 -3.686299
v 2.265390 4.259991 -1.837532
v 1.499595 4.165862 -2.212875
v 1.833974 4.695334 -2.983855
v 2.147417 4.903370 -3.380709
v 1.609616 4.484433 -2.714037
v 1.619058 5.104494 -1.839933
v 1.616788 5.696939 -0.831553
v 1.843486 4.961022 -0.415724
v 1.823825 4.652667 -1.485092
v 1.858091 5.418917 -2.092924
v 1.800109 6.176603 -1.398237
v 2.152806 5.826995 -2.583511
v 2.121955 6.646872 -1.986698
v 2.669827 5.978408 -2.843823
v 2.826805 6.650372 -2.297455
v 2.287705 4.287179 -1.194385
v 2.151890 4.513892 0.065908
v 2.995338 4.239421 -1.236763
v 3.060835 4.402338 -0.053945
v 3.700024 4.644379 -1.914430
v 3.972779 5.138977 -1.162486
v 3.736719 4.835740 -0.633530
v 3.530933 4.391877 -1.637340
v 3.543756 6.419886 -2.042067
v 3.102616 5.888167 -2.887082
v 3.846859 6.033539 -1.828527
v 3.562726 5.620830 -2.768976
v 3.724493 5.136563 -2.486675
v 3.980134 5.565251 -1.604468
v 7.397846 1.308915 1.199023
v 7.342125 1.783829 1.578969
v 8.244598 1.658695 1.483099
v 7.962597 1.121251 1.118752
v 7.674719 0.654973 4.744711
v 7.686699 1.413368 4.568725
v 8.778422 1.261704 4.515589
v 8.564585 0.160239 4.674430
v 8.301647 1.706886 4.613673
v 7.814364 1.986529 1.517075
v 8.051838 0.346382 4.687224
v 7.632357 1.177022 1.103989
v 7.489115 1.137651 4.843694
v 7.340693 1.618646 1.228331
v 8.865166 0.772885 4.413809
v 8.151571 1.447088 1.242217
v 7.751643 1.604504 1.054787
v 7.469178 0.211355 3.489706
v 7.414331 1.257251 3.664939
v 8.567122 0.971590 3.527537
v 8.176799 0.048323 3.122739
v 7.862042 0.076335 3.243007
v 8.089396 1.234363 3.496096
v 8.581456 0.333111 3.341652
v 7.231344 0.734836 3.656705
v 7.388900 1.152674 3.546183
v 8.512311 0.803043 3.460984
v 8.175567 0.106693 2.886104
v 7.829215 0.164682 2.991106
v 8.029670 1.140208 3.386541
v 8.556139 0.352460 3.128895
v 7.224169 0.674350 3.421836
v 7.447677 0.247136 3.169739
v 7.414678 1.357571 2.747211
v 8.398124 1.090095 2.470144
v 8.118902 0.401329 2.222105
v 7.754026 0.425880 2.300670
v 7.918753 1.363106 2.709705
v 8.499400 0.756265 2.444367
v 7.297443 0.932832 2.699174
v 7.390836 0.615824 2.437776
v 7.572906 0.404938 4.131267
v 7.549805 1.479953 4.172244
v 8.728709 1.100146 3.942607
v 8.325891 0.103033 3.936955
v 7.988369 0.184299 4.035933
v 8.204637 1.647818 3.914328
v 8.681113 0.520107 3.948847
v 7.365088 0.925206 4.223959
v 8.563644 0.644533 1.062354
v 8.367208 1.224865 1.191437
v 9.096165 1.447296 1.162986
v 9.222078 0.804464 0.923642
v 9.431261 0.106449 4.434565
v 9.179790 1.215274 4.491598
v 10.242826 1.310282 4.445584
v 10.345228 0.520181 4.359173
v 9.728175 1.433544 4.523785
v 8.584142 1.423488 1.084963
v 9.964161 0.275664 4.208930
v 8.840796 0.752954 0.771367
v 9.084135 0.629854 4.346155
v 8.380650 0.882887 1.087553
v 10.334071 0.984761 4.407697
v 9.287336 1.128400 1.058331
v 8.676550 1.118085 0.790332
v 9.323290 0.035569 3.011968
v 9.144225 1.023468 3.513168
v 10.224943 1.047199 3.215009
v 10.134953 0.369165 2.760377
v 9.764076 0.082596 2.834332
v 9.556491 1.127981 3.324072
v 10.327954 0.759153 3.084763
v 9.076205 0.311326 3.406944
v 9.018810 0.862820 3.325165
v 10.125659 1.068750 3.041261
v 10.053349 0.437214 2.517327
v 9.647038 0.209883 2.570018
v 9.545078 1.159477 3.280185
v 10.263332 0.784676 2.825885
v 8.995254 0.274649 3.022745
v 9.221349 0.069101 2.777270
v 8.651039 1.059673 2.507464
v 9.727657 1.326196 2.111723
v 9.715508 0.594969 1.841167
v 9.400687 0.231097 1.948198
v 9.112626 1.365865 2.381459
v 9.879557 1.005955 1.984974
v 8.653761 0.555785 2.299652
v 8.870558 0.335409 2.124642
v 9.419789 0.096748 3.516214
v 9.127453 1.154306 3.961348
v 10.195145 1.334801 3.920505
v 10.301763 0.513564 3.434737
v 9.910146 0.212469 3.427332
v 9.630915 1.471794 3.920441
v 10.395250 1.005606 3.799054
v 9.091663 0.427045 3.722459
v 9.100381 0.166442 2.541662
v 8.839207 0.964392 3.075373
v 10.133434 1.186861 2.681945
v 9.931361 0.492994 2.274082
v 9.559792 0.216543 2.348608
v 9.401128 1.379656 3.019587
v 10.146966 0.851267 2.515751
v 8.852186 0.383833 2.754176
v 8.394041 1.133302 1.997060
v 9.485950 1.534461 1.695265
v 9.473378 0.695361 1.442392
v 9.141419 0.425887 1.388429
v 8.900053 1.550244 1.818430
v 9.629185 1.060967 1.555844
v 8.505877 0.684560 1.754088
v 8.722722 0.458985 1.645739
v 8.834552 0.368953 2.004181
v 8.618151 1.074795 2.356402
v 9.660739 1.289608 1.979065
v 9.669909 0.615837 1.730188
v 9.338453 0.289670 1.814905
v 9.045062 1.350574 2.182834
v 9.818527 1.024379 1.877489
v 8.606850 0.578874 2.165585
v 7.412897 1.440507 2.587613
v 8.399983 1.169884 2.290608
v 8.089234 0.522002 2.060573
v 7.718429 0.543104 2.114133
v 7.899743 1.466613 2.519409
v 8.459774 0.859661 2.262051
v 7.312788 1.046427 2.476369
v 7.382921 0.746447 2.244966
v 7.432956 0.403602 2.861109
v 7.391531 1.144749 3.342314
v 8.551797 0.843161 3.155289
v 8.152949 0.255234 2.621373
v 7.805613 0.323374 2.725353
v 8.036307 1.231094 3.263780
v 8.554448 0.524664 2.853679
v 7.254027 0.749783 3.138909
v 7.366011 1.549903 2.292042
v 8.426203 1.319574 2.040385
v 8.050025 0.693182 1.768934
v 7.699744 0.679973 1.840380
v 7.960550 1.714259 2.367440
v 8.380953 1.032418 1.943981
v 7.288186 1.216446 2.119406
v 7.367590 0.895435 1.937530
v 5.371439 2.180130 3.607296
v 5.890661 2.565415 3.193375
v 6.365071 1.827037 3.518477
v 5.921474 1.495685 3.757053
v 5.998674 3.079049 4.017002
v 6.560513 3.340510 3.534152
v 7.070070 2.572626 3.758474
v 6.522601 2.296004 4.680214
v 5.808730 1.906498 1.625648
v 6.065910 2.306642 1.755194
v 6.435969 1.728050 1.762978
v 6.163109 1.500141 1.641969
v 5.902816 1.416238 3.521694
v 5.393217 2.107225 3.357280
v 6.360745 1.792664 3.398817
v 5.893696 2.534934 3.201727
v 5.570900 2.450084 3.830199
v 6.062270 2.762990 3.222290
v 6.648183 1.941344 3.547567
v 6.088572 1.750854 4.127554
v 5.458965 2.074790 2.968057
v 5.919975 1.379688 3.273830
v 6.433900 1.934962 3.060778
v 5.948885 2.610388 2.926651
v 6.238513 3.229794 3.820452
v 5.555612 2.473975 3.385023
v 6.789772 2.181338 4.611322
v 6.192964 1.552367 3.730111
v 5.921900 2.198601 1.610903
v 6.304558 1.601426 1.691762
v 5.553360 2.447072 3.266382
v 6.166608 1.502986 3.496998
v 6.357067 1.689180 3.943542
v 5.706522 2.701777 3.481889
v 5.565772 2.410517 2.970163
v 6.198372 1.495889 3.158988
v 6.902981 3.091218 3.545830
v 6.218144 2.188230 3.266999
v 6.251295 2.799452 4.549619
v 5.607626 1.938838 3.886112
v 6.297701 2.106548 1.667761
v 5.950565 1.667835 1.515705
v 6.186498 2.234699 3.262663
v 5.494710 1.639498 3.475338
v 5.764749 2.193085 3.979592
v 6.442061 2.364621 3.184096
v 6.251589 2.375370 2.976093
v 5.539175 1.599991 3.133952
v 6.255491 1.852823 1.487471
v 5.508516 2.068459 2.459246
v 6.049274 1.356733 2.679632
v 6.431733 1.889377 2.602852
v 6.006897 2.591521 2.485267
v 5.640146 2.428548 2.481500
v 6.253312 1.545156 2.616890
v 6.319527 2.299400 2.424913
v 5.534990 1.597977 2.574014
v 3.411724 3.288473 1.189356
v 3.072079 2.446748 -1.562810
v 3.752646 2.692912 -2.158282
v 3.938076 3.228927 1.037126
v 3.357989 3.820070 0.985161
v 3.010975 3.704986 -1.348002
v 3.876245 3.495628 -2.094605
v 3.994819 3.557926 0.735287
v 3.269900 3.768656 -0.139790
v 3.398557 2.608356 0.018702
v 3.963503 3.562142 -0.342518
v 4.057253 2.731109 -0.146317
v 3.271783 3.723271 -0.320317
v 4.059039 2.601844 -0.395598
v 3.310712 2.560695 -0.290327
v 3.935290 3.530292 -0.530745
v 3.367719 2.944977 0.713353
v 3.981975 3.521074 0.164030
v 3.242524 3.811815 0.425392
v 4.031026 2.923214 0.525681
v 3.253516 3.622344 -0.965472
v 3.851641 2.578985 -1.337617
v 3.186935 2.675137 -1.092127
v 3.888974 3.417410 -1.365335
v 3.422972 3.766896 -1.584399
v 3.431229 2.395162 -1.911619
v 3.688925 3.829129 0.965605
v 3.716130 3.244215 1.185274
v 3.608729 3.758888 -0.200713
v 3.691040 2.539208 -0.016870
v 3.578549 3.746413 -0.424663
v 3.643566 2.430521 -0.290960
v 3.720722 2.833838 0.709161
v 3.643624 3.731296 0.204106
v 3.440672 3.641665 -1.071653
v 3.530268 2.344715 -1.309534
v 3.186129 2.654822 -0.974397
v 3.917560 3.404705 -1.153319
v 3.283469 3.612163 -0.831469
v 3.896661 2.574158 -1.197097
v 3.547326 2.360057 -1.156834
v 3.578687 3.619716 -0.954423
v 2.369311 3.568244 1.760660
v 2.054883 2.611921 -1.715013
v 2.789547 2.340707 -1.747034
v 2.835139 3.588735 1.655470
v 2.302008 4.159442 1.472322
v 2.208402 3.752571 -1.340990
v 2.818431 3.666434 -1.379853
v 2.973131 4.143626 1.383321
v 2.200173 3.632744 0.352749
v 2.187494 2.802467 0.624860
v 2.827154 3.720001 0.291147
v 2.779981 2.656729 0.482053
v 2.235604 3.174675 1.067027
v 2.919942 3.918618 0.765562
v 2.194669 3.910949 0.840826
v 2.794076 2.993321 0.966159
v 2.219948 3.604726 0.114248
v 2.783238 2.624637 0.259056
v 2.159985 2.789056 0.417190
v 2.797967 3.665744 0.065572
v 2.230763 3.532705 -0.615211
v 2.761089 2.323225 -1.140174
v 2.001340 2.435909 -1.079638
v 2.744767 3.552346 -0.655424
v 2.012446 2.397699 -0.950274
v 2.779361 3.560425 -0.396383
v 2.245662 3.540151 -0.380666
v 2.778087 2.320358 -0.993558
v 2.504586 3.808094 -1.248668
v 2.446475 2.358418 -1.793149
v 2.613206 4.313115 1.444198
v 2.663280 3.527314 1.777488
v 2.535213 3.903203 0.300035
v 2.476036 2.677192 0.582269
v 2.591745 2.999305 1.072620
v 2.566402 4.015110 0.681046
v 2.490155 3.768919 0.083799
v 2.465012 2.667008 0.429031
v 2.477487 3.539346 -0.658386
v 2.404764 2.230012 -1.014903
v 2.386792 2.198418 -0.940591
v 2.504921 3.567777 -0.342936
v 3.356970 3.537982 1.109303
v 3.057174 3.016658 -1.459150
v 3.942514 3.175490 -2.182451
v 3.997756 3.384431 0.908654
v 4.117361 3.128711 -0.223756
v 3.162695 3.128376 -0.033954
v 4.123322 3.042721 -0.467198
v 3.148791 3.114608 -0.330105
v 3.200322 3.317912 0.617115
v 4.063480 3.308195 0.319689
v 4.009502 2.936214 -1.368905
v 3.134348 3.087557 -1.026563
v 3.755953 3.552323 1.168194
v 3.150863 3.078684 -0.896960
v 4.027123 2.933355 -1.195473
v 2.258125 3.904429 1.611411
v 2.015358 3.343481 -1.383571
v 2.766105 3.060187 -1.544497
v 2.982558 3.903843 1.517915
v 2.938459 3.263173 0.354632
v 2.090683 3.266014 0.492631
v 2.143786 3.571795 0.966580
v 2.962462 3.498624 0.831506
v 2.927223 3.216708 0.145385
v 2.074332 3.220275 0.306214
v 2.944853 2.704813 -0.751648
v 2.088805 3.282587 -0.568883
v 2.103685 3.305397 -0.388526
v 2.995194 2.750396 -0.566010
v 2.686226 3.931739 1.783564
v 1.206774 3.286581 1.168688
v 1.246462 2.824996 -2.019382
v 1.881046 2.553429 -1.780536
v 1.771272 3.287757 1.295080
v 1.073142 3.849866 0.895062
v 1.182537 3.802588 -1.523855
v 1.928676 3.514263 -1.550743
v 1.851065 3.964320 1.081922
v 1.098207 3.678759 0.332403
v 1.169208 3.062670 0.706879
v 1.799890 3.706480 0.341250
v 1.763260 2.965941 0.798364
v 1.157252 3.635807 0.060730
v 1.793113 2.878309 0.461019
v 1.143113 2.969779 0.379921
v 1.758127 3.639993 0.085364
v 1.136824 3.567138 -0.357727
v 1.765796 2.848753 0.265416
v 1.144654 2.910269 0.220497
v 1.791741 3.539185 -0.354700
v 1.079210 3.543481 -0.832878
v 1.677127 2.498524 -0.898470
v 1.002103 2.665003 -0.958348
v 1.796010 3.457414 -0.851940
v 1.123127 3.618543 -1.061198
v 1.673170 2.582474 -1.006845
v 1.026850 2.633105 -1.119927
v 1.808435 3.480728 -1.090081
v 1.594602 3.933110 -1.416250
v 1.573476 2.657905 -1.932259
v 1.315979 3.953426 0.988040
v 1.570665 3.233836 1.355010
v 1.435645 3.766485 0.230051
v 1.491477 2.880635 0.800749
v 1.450941 3.726189 0.056619
v 1.513222 2.761772 0.502300
v 1.478131 3.655592 -0.387236
v 1.514726 2.717267 0.298363
v 1.507425 3.702525 -0.812099
v 1.331952 2.330858 -0.929876
v 1.530640 3.784434 -1.053428
v 1.335307 2.360436 -1.025944
v 1.109446 3.526688 1.152582
v 1.074730 3.370183 -1.772388
v 1.877239 2.986896 -1.539287
v 1.876900 3.590711 1.240662
v 1.881989 3.324010 0.570448
v 0.948471 3.445905 0.661935
v 1.823733 3.086075 0.253056
v 0.989896 3.342363 0.238778
v 1.761041 2.895033 0.139772
v 0.973006 3.301339 0.070236
v 1.719293 3.016997 -0.923311
v 0.860620 3.144377 -0.735092
v 1.719319 3.056370 -1.034183
v 0.872339 3.169337 -0.969197
v 1.433508 3.708122 1.258223
v 2.653732 4.490970 -4.382306
v 2.394178 4.400350 -4.223032
v 3.025347 4.410115 -4.323289
v 2.330248 3.351856 -4.434018
v 2.561777 3.398094 -5.686492
v 2.695167 3.380889 -5.781553
v 3.000505 3.327724 -4.579766
v 2.344785 3.881526 -4.600655
v 2.549046 3.557743 -5.648685
v 2.699003 3.587311 -5.730617
v 2.942032 4.070154 -4.879281
v 2.392564 3.741021 -5.080083
v 2.432594 3.374440 -5.079938
v 2.788186 3.829384 -5.176710
v 2.792827 3.471786 -5.118361
v 2.304820 3.627420 -4.421438
v 2.543304 3.481843 -5.647731
v 2.691556 3.498608 -5.756708
v 3.103724 3.676616 -4.740462
v 2.825667 3.564077 -5.135722
v 2.392138 3.535882 -5.038610
v 2.589230 3.638487 -5.798228
v 2.602145 3.330054 -5.788254
v 2.643205 4.168705 -4.835863
v 2.721021 3.228908 -4.577886
v 2.642570 3.867554 -5.203122
v 2.639108 3.374231 -5.160953
v 2.612003 3.455199 -5.824483
v 2.826380 3.970137 -1.753835
v 2.540120 4.072774 -1.597601
v 2.085179 3.537773 -1.510538
v 3.789001 3.612293 -2.542771
v 3.506974 4.102381 -3.778467
v 3.709967 3.856501 -3.268544
v 1.274180 3.888492 -2.308564
v 1.801419 4.271652 -3.370510
v 2.077654 4.262911 -3.879982
v 1.572647 4.177887 -3.041960
v 2.925573 3.699227 -1.364217
v 2.983501 3.039149 -1.520069
v 2.946832 2.430668 -1.628229
v 1.915501 3.187936 -1.458794
v 1.976014 2.588224 -1.757930
v 3.352185 3.882048 -1.985386
v 3.037983 3.796909 -1.631310
v 2.974527 3.804652 -1.622521
v 1.745620 3.917717 -1.684605
v 2.210053 4.087023 -1.698441
v 1.942181 3.611657 -1.647191
v 2.089424 3.650891 -1.598790
v 3.311863 3.945783 -2.292266
v 2.823004 4.062973 -1.932668
v 2.527940 4.177750 -1.778336
v 1.433581 4.011984 -1.941039
v 3.369085 3.801490 -4.267933
v 3.794105 3.210236 -2.661206
v 3.447598 3.684473 -3.886757
v 3.713858 3.412331 -3.331710
v 3.544027 2.713820 -2.656899
v 3.242481 3.277029 -3.828490
v 3.366200 2.917150 -3.284979
v 1.204869 3.306769 -2.471546
v 1.627326 3.912864 -3.536337
v 2.029233 3.850911 -4.000926
v 1.387101 3.691917 -3.101444
v 1.365539 2.996861 -2.645807
v 1.756554 3.390730 -3.574970
v 2.078047 3.394448 -3.956776
v 1.359286 3.235262 -3.058754
v 3.011243 4.270524 -4.594147
v 2.648736 4.344563 -4.602802
v 2.365532 4.141341 -4.423513
v 3.257017 3.903439 -4.549984
v 2.065130 2.474489 -2.113860
v 2.778210 2.321778 -2.126324
v 2.492168 2.361342 -2.171955
v 3.160241 2.422550 -2.112628
v 1.819930 2.568528 -2.023847
v 2.155304 2.623992 -3.057423
v 3.092268 2.602912 -2.958145
v 2.544572 2.571915 -3.174402
v 1.810932 2.777515 -2.870900
v 3.026915 2.800129 -3.475446
v 2.608289 2.933030 -3.749500
v 4.057031 6.143697 1.122016
v 4.310400 6.197098 0.440443
v 4.276430 6.397307 -0.123157
v 4.159245 6.575239 -0.659166
v 3.641527 6.634212 -1.162019
v 2.952397 6.614216 -1.179671
v 2.358743 6.652999 -1.237897
v 1.972388 6.511580 -0.971179
v 1.637863 6.270775 0.031215
v 1.692400 5.759781 0.999689
v 2.384873 5.751245 1.595664
v 3.117172 5.892281 1.768531
v 8.971723 1.216556 4.467166
v 9.125418 0.124851 5.072654
v 8.940808 0.773115 4.479257
v 10.395742 2.360462 5.369107
v 9.219631 2.188045 5.995096
v 7.406681 2.375006 5.572170
v 7.621939 0.717160 5.111635
v 7.500309 1.372972 4.730427
v 8.314519 1.726860 4.651811
v 8.162063 0.142062 5.118236
v 7.492886 1.137300 5.083277
v 10.311187 1.357206 4.632854
v 10.441919 0.300188 4.519630
v 9.648344 1.532090 4.578320
v 10.021925 -0.089801 4.586618
v 10.446248 0.967175 4.609104
v 10.055602 0.842002 5.399326
v 9.209133 0.539015 5.681220
v 8.393085 0.583186 5.677639
v 9.265738 1.405133 5.911058
v 8.490520 1.515181 5.799836
v 9.943985 1.390544 5.589952
v 7.830713 1.040469 5.584796
v 10.443325 0.872575 5.157432
v 10.433572 2.333931 4.402361
v 8.974121 2.560298 4.056328
v 7.287739 2.399753 4.843524
v 8.984589 1.455327 4.323591
v 7.399270 1.649922 4.638057
v 10.413710 1.505009 4.619162
v 9.654992 2.005505 4.368146
v 9.064606 2.088266 3.986963
v 8.313060 2.135176 4.230827
v 8.314011 1.870419 4.494509
v 7.102882 1.920684 5.189950
v 9.620398 1.642921 4.583905
v 7.414435 1.409914 5.150897
v 10.482731 1.189209 4.848480
v 10.606908 2.338596 4.899161
v 9.385581 3.119634 6.052361
v 7.678234 3.709930 5.609494
v 10.503722 3.181471 5.400065
v 7.703144 3.589750 3.544950
v 8.984568 3.327121 3.615745
v 10.296607 3.348603 4.226888
v 7.166335 2.488358 4.646509
v 6.946054 2.045002 5.218694
v 7.042713 2.292304 5.433699
v 7.089941 3.316135 5.223420
v 7.313729 3.990334 4.891349
v 7.217980 4.243079 4.499703
v 7.085596 3.375164 3.550745
v 7.235523 4.283809 3.930621
v 10.588724 3.206843 4.834337
v -0.706612 10.040956 9.077798
v -0.636585 10.024693 9.071731
v -0.824551 10.003532 9.067838
v -0.585337 10.002270 9.064013
v -0.520250 9.966350 9.051898
v -0.430636 9.875433 9.022307
v -0.334567 9.746281 8.980720
v -0.267302 9.626524 8.942455
v -0.233102 9.562917 8.950644
v -0.269337 9.543674 8.957935
v -0.351991 9.561542 8.971684
v -0.485110 9.573277 8.976728
v -0.637166 9.555152 8.974007
v -0.794648 9.497069 8.960609
v -0.759915 10.006689 9.067894
v -1.113885 10.047739 8.429321
v -1.745350 10.757078 10.517022
v -2.111277 10.958239 10.353445
v -1.536820 11.130733 10.599671
v -2.014169 11.335585 10.509933
v -2.373978 11.015300 10.209777
v -2.421216 10.882002 9.843639
v -2.226981 10.729328 9.836713
v -1.966017 10.503551 10.047416
v -1.691116 10.399410 10.156993
v -1.475256 10.474578 10.247705
v -1.502424 10.606952 10.398426
v -2.564821 11.527525 10.167234
v -2.685285 11.431816 9.684174
v -2.528364 11.024815 9.507748
v -2.368524 10.562065 9.616885
v -2.030299 10.346888 9.991055
v -1.738443 10.245082 10.135127
v -1.510110 10.200672 10.190501
v -1.235394 10.781547 10.408610
v -1.280175 10.509433 10.332745
v -2.459894 10.961569 10.018250
v -1.514721 11.017354 9.917933
v -1.774350 11.214067 9.786296
v -1.966945 11.132476 9.731648
v -2.090843 10.943899 9.649510
v -2.028431 10.834027 9.677650
v -1.829843 10.749725 9.652327
v -1.678813 10.692844 9.770658
v -1.569300 10.690389 9.899183
v -1.502495 10.852348 9.906865
v -2.062865 11.054062 9.669692
v -1.091658 10.809382 10.366444
v -1.090868 10.541018 10.343209
v -1.414365 9.883835 10.226920
v -1.282650 9.802065 10.202937
v -1.089556 9.758535 10.199925
v -1.090299 10.319160 10.318765
v -1.311360 10.338603 10.280548
v -1.092674 9.743866 9.956891
v -1.295537 9.811293 9.974387
v -1.405436 9.942155 9.997741
v -1.569746 10.145102 10.058157
v -1.686541 10.221820 10.025108
v -1.949400 10.364329 9.794876
v -2.272384 10.586372 9.506783
v -2.410840 11.089376 9.360788
v -2.677603 11.528018 9.679996
v -2.501469 11.635141 10.090444
v -1.958365 11.470263 10.424411
v -1.442987 11.274561 10.471919
v -1.093071 11.286473 10.409782
v -1.269520 11.280490 10.425647
v -1.092823 9.689777 9.928626
v -1.385848 9.821877 9.889104
v -1.655104 9.793570 9.786231
v -1.850861 9.991976 9.662457
v -2.138261 9.906369 9.291971
v -2.273643 9.781694 8.993982
v -2.229267 9.546179 8.802654
v -2.115994 9.310239 8.865894
v -1.982199 9.259522 9.184794
v -1.815442 9.212035 9.451097
v -1.658076 9.190260 9.628248
v -1.420932 9.099148 9.768713
v -1.092184 9.072709 9.785391
v -1.478468 10.008356 10.206053
v -1.089277 10.046600 10.310887
v -1.317863 10.082983 10.254947
v -1.490969 10.029766 10.017804
v -1.712483 10.136286 9.870824
v -1.946411 10.273231 9.603197
v -2.289421 10.648975 9.142363
v -2.600401 11.163003 9.211608
v -1.562599 9.948316 9.922917
v -2.787263 11.663947 9.605953
v -2.493361 11.928164 10.098394
v -2.116648 11.801669 10.339221
v -1.699037 11.774658 10.448294
v -1.337262 11.754759 10.450675
v -1.094154 11.765323 10.473018
v -2.168632 10.219533 9.270976
v -2.266818 10.132436 9.110458
v -1.916983 8.987279 8.870256
v -1.748726 9.080168 8.413649
v -1.908587 9.605561 7.759274
v -1.954832 10.249399 7.123581
v -2.395808 9.977280 8.781368
v -2.337770 9.745834 8.505923
v -2.147970 9.444760 8.477873
v -1.960781 9.030479 9.105272
v -1.794231 9.002193 9.344419
v -1.624040 8.898695 9.424841
v -1.496653 8.724622 9.359623
v -1.093865 8.838061 9.583771
v -1.414528 8.656205 9.156624
v -1.394138 8.689991 8.872328
v -1.659750 8.868496 8.706987
v -1.097205 8.614944 9.258873
v -1.107389 8.797162 8.536781
v -1.120252 9.339232 7.721788
v -1.494757 8.900660 8.467628
v -2.152660 9.796798 7.904009
v -2.424808 10.144176 8.161676
v -2.528723 10.335655 8.559738
v -2.431618 10.518276 8.897451
v -1.093309 9.503433 9.833489
v -1.295468 9.594542 9.774355
v -1.706784 9.678955 9.737650
v -1.913635 9.730822 9.529665
v -2.079827 9.668960 9.308938
v -2.190779 9.620997 9.074634
v -2.203552 9.522325 8.929192
v -2.165111 9.354146 9.021599
v -2.027535 9.296134 9.252238
v -1.855834 9.254286 9.470005
v -1.696865 9.234526 9.691310
v -1.476231 9.148806 9.855565
v -1.091398 9.120939 9.860519
v -2.281563 10.367352 7.561405
v -2.393589 10.993597 7.426977
v -2.698874 11.485267 7.780801
v -2.810421 11.930719 8.268125
v -2.962290 12.231062 8.708676
v -2.938728 11.871506 8.919582
v -2.169820 11.210227 7.214856
v -2.516748 12.077353 7.659832
v -2.690451 12.217151 8.029035
v -2.645779 10.857266 7.984220
v -2.651780 10.752218 8.439818
v -2.761299 11.324959 8.856433
v -2.760943 11.812242 9.348693
v -2.776742 12.085877 9.567243
v -2.871431 11.628471 8.573221
v -1.722156 9.614551 9.592241
v -1.874737 9.631804 9.470098
v -2.031742 9.588669 9.289559
v -2.131816 9.541268 9.084661
v -2.169317 9.520430 9.000937
v -2.045396 9.470501 9.113585
v -1.984244 9.439578 9.308102
v -1.817490 9.440036 9.485775
v -1.626029 9.420562 9.686077
v -1.392961 9.365506 9.850692
v -1.092127 9.312766 9.864511
v -1.313620 9.696081 9.823663
v -1.093210 9.592382 9.868705
v -1.027742 9.820100 6.920804
v -1.503931 9.389910 7.733027
v -1.489936 9.919659 6.975231
v -2.846349 12.427790 8.731645
v -2.598330 12.489655 8.539387
v -2.604859 12.817183 8.463422
v -2.655321 13.096298 8.296084
v -2.416571 13.515394 8.349237
v -2.298611 13.615106 8.738647
v -2.385265 13.415547 9.047765
v -2.541537 13.125766 9.124688
v -2.485219 12.933064 9.339482
v -2.605145 12.654407 9.439457
v -2.731133 12.513063 9.412326
v -2.665957 12.302308 9.532671
v -2.599448 12.262188 9.951646
v -2.381807 12.542817 10.045565
v -2.144855 12.568851 10.185957
v -1.953745 12.169700 10.365515
v -2.666335 12.531200 8.013762
v -2.620010 13.220734 7.939720
v -2.470425 13.581296 8.181392
v -2.058385 13.841442 8.662862
v -1.880360 14.104495 8.977253
v -2.641353 12.771794 7.913579
v -1.727304 12.186995 10.375467
v -2.051514 12.781933 10.117314
v -1.399359 12.219669 10.336009
v -1.097480 12.231058 10.363679
v -1.529181 12.753904 10.193391
v -1.101618 12.733164 10.203481
v -1.832115 8.772832 8.830101
v -1.950038 8.804737 8.968378
v -1.848992 8.776744 9.130310
v -1.704149 8.724525 9.222998
v -1.595500 8.639799 9.179699
v -1.514716 8.602099 9.053959
v -1.539020 8.625100 8.882005
v -1.699149 8.680070 8.787771
v -1.842095 8.538737 8.799553
v -1.824647 8.541406 8.857023
v -1.748329 8.499806 8.928979
v -1.705083 8.480175 8.975361
v -1.655636 8.461689 8.981492
v -1.621258 8.458692 8.949230
v -1.693178 8.494618 8.890265
v -1.761395 8.529565 8.833912
v -1.727180 8.448834 8.892788
v -1.675156 8.419047 8.943958
v -1.792124 8.487347 8.838545
v -1.870978 11.149425 6.540968
v -1.000799 10.682664 6.135637
v -1.455200 10.882180 6.189136
v -1.946695 13.198124 9.964572
v -1.644975 13.420074 9.980061
v -1.106464 13.337763 10.021110
v -2.367972 12.745957 9.853993
v -2.174733 13.208475 9.683426
v -2.101000 13.483585 9.362735
v -1.942162 13.775209 9.296273
v -1.760772 13.952150 9.438419
v -1.524301 13.614573 9.895328
v -1.904934 13.828218 8.600405
v -1.305752 13.931026 8.537848
v -1.758613 13.911808 8.403805
v -2.505507 11.978376 10.311961
v -2.290196 11.982410 10.474224
v -2.539312 12.199200 10.182847
v -2.471428 12.383371 10.172119
v -2.307446 12.409011 10.327696
v -2.275543 12.156183 10.514165
v -2.008753 13.403315 9.964995
v -1.833272 13.492115 9.999820
v -2.141268 13.438400 9.799874
v -2.138793 13.600286 9.602792
v -2.031261 13.679480 9.514199
v -1.923934 13.820044 9.673913
v -1.764750 13.681919 9.946548
v -1.622216 13.867674 9.724702
v -1.776527 13.832394 9.854693
v -1.108468 13.527422 9.926913
v -2.037032 13.649126 9.854640
v -2.911078 12.534447 9.081191
v -2.823415 13.033263 8.830198
v -2.799158 13.243184 8.578106
v -2.702238 13.322608 8.486015
v -2.617906 13.422054 8.502055
v -2.584524 13.545842 8.808760
v -2.643937 13.454204 8.888648
v -2.726292 13.305875 8.886379
v -2.792952 13.213473 8.767385
v -2.353723 13.570119 8.540279
v -2.250295 13.640653 8.431789
v -2.600580 13.548978 8.645910
v -2.715872 13.425938 8.706555
v -2.922212 12.610148 8.893440
v -2.925057 12.752411 8.838395
v -2.912224 12.869201 8.895057
v -2.735223 12.980595 9.103963
v -2.676087 12.941892 9.225600
v -2.724088 12.746174 9.399828
v -2.796939 12.632700 9.359500
v -2.913723 12.611057 9.117793
v -2.815981 12.959654 8.999137
v -2.865599 12.832279 9.093693
v -2.517051 12.820073 9.402660
v -1.960541 13.036776 10.043851
v -1.585892 13.153660 10.057199
v -1.104807 13.136406 10.085179
v -2.266013 12.996725 9.746770
v -2.665482 12.839636 9.335032
v -3.047607 12.206682 8.873386
v -3.095505 11.987869 9.002204
v -3.037573 11.961155 9.271085
v -2.933246 12.109109 9.438458
v -3.004133 12.389228 8.937644
v -3.002039 12.400969 9.345097
v -2.973268 12.299488 9.434628
v -3.009557 12.429234 9.146992
v -3.126096 12.226288 9.159965
v -1.796267 13.973158 8.752117
v -1.503626 13.971475 8.656370
v -1.229929 14.003412 8.679323
v -1.588218 14.237013 9.167735
v -1.594132 14.208153 9.406535
v -1.374065 14.085728 9.827741
v -1.444267 14.338343 9.216516
v -1.490169 14.121872 9.647547
v -1.111567 14.066584 9.857754
v -1.492609 14.269606 8.994905
v -1.314571 14.300089 8.875669
v -1.125626 14.296554 8.854202
v -1.474834 14.291241 9.402704
v -1.286861 14.281157 9.590044
v -1.415680 14.254303 9.529601
v -1.115626 14.223162 9.596103
v -1.357228 14.376337 9.137578
v -1.276299 14.423678 9.142636
v -1.151393 14.421511 9.128632
v -1.262236 14.455010 9.449389
v -1.273130 14.474540 9.256004
v -1.118413 14.462111 9.457500
v -1.127276 14.530504 9.253490
v -1.371837 9.804668 9.703052
v -1.506045 9.804620 9.697726
v -1.303622 9.644529 9.595969
v -1.536648 9.724352 9.542183
v -1.610061 9.646985 9.446980
v -1.749105 9.688108 9.295975
v -1.914512 9.603918 9.208735
v -2.006088 9.547757 9.103585
v -2.092423 9.520027 9.044795
v -2.015862 9.523340 9.122802
v -1.913235 9.538519 9.208636
v -1.703564 9.532380 9.318108
v -1.491559 9.499733 9.412203
v -1.266978 9.398334 9.577439
v -1.095626 9.340653 9.605555
v -1.336704 9.758440 9.657434
v -1.096165 9.573708 9.636910
v -0.960643 11.390916 5.183177
v -1.586238 11.366558 5.348044
v -2.286060 11.726477 5.658628
v -2.891634 13.716105 7.401055
v -2.663996 14.282806 8.313447
v -1.738603 14.128846 8.889121
v -2.529131 12.237255 6.230505
v -1.637547 10.545164 6.663109
v -1.357793 10.462060 6.542082
v -1.018975 10.423076 6.514506
v -0.897495 11.122269 5.669556
v -1.425733 11.188302 5.841979
v -1.964959 11.525420 6.143802
v -2.462957 12.212223 7.139067
v -2.817653 13.107470 7.764622
v -2.517991 13.900754 8.577851
v -1.685180 13.993108 8.953813
v -9.382411 12.763737 2.471768
v -9.775727 12.229624 1.168175
v -11.108430 8.558580 2.484421
v -11.702333 7.739288 1.841531
v -8.188136 12.597107 3.130272
v -7.099563 12.236635 2.659579
v -6.574847 11.262638 1.579213
v -7.140591 10.378841 0.789176
v -8.617788 10.669093 0.215237
v -9.352540 11.330842 0.305393
v -11.359783 7.150012 0.773762
v -10.152382 6.865824 0.663535
v -8.977984 6.879464 0.900933
v -8.413600 7.723445 1.738364
v -9.055830 8.412634 2.361439
v -9.970389 8.615651 2.476925
v -11.381476 9.289471 2.585359
v -10.386538 11.515072 2.740057
v -10.484549 10.906717 1.276474
v -11.611839 8.930443 1.346694
v -10.100444 10.266803 0.353538
v -10.847233 8.248356 0.431169
v -8.963931 9.797735 0.408775
v -9.711894 8.134512 0.409070
v -7.610449 9.807457 1.209097
v -8.742299 7.721071 0.838514
v -7.324386 10.215446 2.514183
v -8.348370 8.107941 1.976245
v -7.774584 10.946000 2.892320
v -8.936670 8.543756 2.722285
v -9.088579 11.251013 3.301603
v -10.262519 9.133747 3.009521
v -9.587405 6.340707 7.629460
v -10.423970 5.974473 7.052086
v -10.304985 5.502572 6.399731
v -9.712399 5.108166 5.832301
v -8.605688 5.184447 5.504488
v -8.052561 5.831062 5.530478
v -8.104376 6.458193 6.615744
v -8.534682 6.543643 7.380800
v -10.393294 7.615523 5.822316
v -10.813447 8.211679 4.099542
v -9.771355 8.389346 4.136742
v -9.160902 7.735976 5.662281
v -8.769922 8.081882 3.522878
v -8.449594 7.664032 5.120171
v -8.148196 7.286061 2.863310
v -7.948925 6.699588 4.405762
v -8.559809 5.934735 2.212313
v -8.279300 5.673626 3.999803
v -10.024921 5.427134 2.448289
v -9.670049 5.195934 4.433498
v -11.149671 5.822031 2.916656
v -10.637577 5.614430 4.920670
v -11.486856 7.118231 3.669904
v -10.748740 6.542235 5.373670
v -11.130304 8.756635 2.774753
v -10.000631 8.816444 2.766574
v -8.976652 8.516693 2.494296
v -8.259258 7.578751 1.705987
v -8.916813 6.618284 0.885943
v -10.126077 6.571701 0.610770
v -11.498319 6.878053 0.843685
v -11.895479 7.819522 2.125210
v -0.950109 10.497646 4.343023
v -2.052732 10.293632 4.519020
v -0.833128 10.061152 3.657499
v -2.054156 9.800367 3.289543
v -0.682903 9.820329 2.682770
v -1.995552 11.081912 2.475316
v -3.508998 9.891752 3.074423
v -3.214052 11.365908 2.147545
v -4.556774 11.439838 2.885101
v -4.700747 12.159318 1.861114
v -5.994982 12.003810 3.625257
v -5.813882 11.805829 2.042186
v -7.272900 12.824942 3.420206
v -8.182672 12.589405 3.246621
v -8.620575 13.610661 3.065929
v -9.523170 13.045337 2.557199
v -8.923782 14.399519 1.170473
v -9.817924 12.602899 1.056252
v -8.245090 13.454281 -0.298276
v -9.243691 11.547594 0.203261
v -7.377471 12.641682 -0.515270
v -8.085497 10.946743 -0.158333
v -6.336796 12.270643 0.009328
v -6.828379 10.645287 0.523794
v -5.563675 12.927976 0.419289
v -6.327361 11.635701 1.375971
v -5.025543 15.515181 -0.266506
v -5.535388 13.441137 1.071105
v -4.809762 12.656632 -0.260519
v -5.947258 12.610083 1.700839
v -3.437737 15.687086 -2.435635
v -3.327153 14.321843 -2.912403
v -1.386390 16.243191 -3.637720
v -1.094090 15.199281 -4.110033
v -0.235379 16.328823 -4.178067
v -0.218792 15.949376 -4.252601
v -4.314853 15.412258 -0.747560
v -4.541929 14.677984 -2.223467
v -6.568665 14.053327 4.454735
v -8.204027 14.621161 3.072946
v -7.606090 16.063141 1.985907
v -7.927147 15.802706 1.802444
v -6.894492 16.229334 0.042838
v -7.456430 15.568445 0.696658
v -5.727557 16.182255 -0.151205
v -7.020632 13.785600 -0.257541
v -0.588572 11.332918 1.304894
v -2.130373 11.075529 1.204713
v -3.025250 11.154157 -0.138566
v -5.147119 12.524254 4.347989
v -4.502561 10.894060 4.262321
v -3.578899 10.194574 4.595216
v -3.428447 11.662575 5.121597
v -4.144627 12.967805 6.174729
v -3.819376 16.182802 8.430973
v -1.775630 16.070236 8.602121
v -5.653131 17.500813 5.492916
v -4.602002 17.744152 6.819840
v -2.064339 17.476627 10.227308
v -3.202921 12.482101 6.127668
v -3.052976 13.639999 6.447782
v -4.682880 13.075775 5.019536
v -4.749613 12.238210 4.967318
v -3.908974 12.568832 5.764838
v -4.272468 15.117615 6.071559
v -3.735234 12.511457 6.224792
v -3.855436 12.899289 6.531008
v -4.369246 13.019741 5.584854
v -4.219427 12.541038 5.303268
v -3.882444 12.136984 5.211850
v -4.164668 14.005636 5.493655
v -5.011002 18.259754 6.150580
v -4.426505 18.097261 6.773014
v -1.975711 18.620613 9.334016
v -3.274628 16.147320 9.768336
v -1.981960 16.064980 10.016225
v -3.656958 17.425251 9.003647
v -4.058563 20.227047 8.359447
v -3.304910 18.298681 8.461887
v -1.908913 19.373646 8.688687
v -1.967301 20.647972 8.769889
v -4.209225 14.904364 7.921626
v -3.649667 15.063451 8.287764
v -4.955053 15.647727 7.372545
v -2.782644 16.448904 8.357109
v -5.113075 16.486830 6.468022
v -3.706853 17.410374 7.159324
v -2.491007 14.864237 8.640381
v -1.763766 14.382799 8.970048
v -2.327006 15.460680 8.522911
v -1.775716 15.452553 8.757160
v -4.929142 19.878839 6.950333
v -4.798792 20.739841 7.298344
v -4.743673 20.669737 5.413842
v -4.800880 21.463718 6.025441
v -4.039030 21.659138 4.533768
v -4.099189 22.347704 5.604775
v -1.456981 23.075781 4.671812
v -1.597239 23.521893 5.517379
v -2.844752 21.172199 8.505234
v -1.986406 20.807455 8.867200
v -3.502349 21.641743 7.734827
v -3.759763 22.205549 7.070837
v -3.198922 22.982397 6.482199
v -1.693821 23.801973 6.108664
v -2.559474 23.804873 5.477046
v -2.825389 22.592459 4.521302
v -2.311867 23.417765 6.228895
v -2.588976 21.757790 8.962869
v -2.068615 21.627487 9.218682
v -3.431011 22.153843 8.346025
v -3.603417 22.811029 7.523465
v -3.022832 23.399885 7.042051
v -1.863206 23.997971 7.219475
v -2.334544 23.790035 7.003479
v -3.045693 22.907146 8.203655
v -2.010246 22.921211 8.495522
v -5.571106 18.970766 5.883282
v -3.298920 18.776335 7.685323
v -2.951617 17.857073 7.338605
v -5.584461 17.445673 6.121063
v -5.006000 17.096155 6.641018
v -4.638512 17.392895 6.819891
v -5.092498 18.553329 6.697959
v -4.700199 18.514742 7.124833
v -4.538056 18.926884 7.566699
v -4.942263 19.357491 7.216164
v -5.259134 19.444946 6.514115
v -5.237540 19.059345 6.546585
v -7.246284 15.406349 3.648737
v -5.217187 14.588839 4.872914
v -4.661953 15.946135 5.788255
v -4.754264 14.892181 5.229971
v -4.964601 13.717073 5.156118
v -4.465996 13.942490 5.336599
v -1.306434 22.994698 3.658002
v -3.006018 22.969669 3.295288
v -1.162748 23.092409 2.650935
v -3.522189 22.311594 2.810057
v -1.455989 22.193794 1.721977
v -2.864088 22.006117 1.459459
v -6.482293 18.169992 4.072815
v -6.759660 19.005104 4.811537
v -5.663202 18.899412 2.686185
v -6.116644 19.737740 4.002577
v -4.535671 19.857090 2.959631
v -5.360381 20.166319 4.243945
v -3.651860 20.606134 2.837031
v -5.441016 15.659124 4.808395
v -6.126538 16.781092 5.436592
v -6.183252 15.293363 4.308776
v -7.628871 15.650457 2.820681
v -6.771215 16.240763 5.045720
v -7.379070 15.927619 4.011571
v -7.641049 16.083469 3.222595
v -7.706617 16.690781 2.489241
v -7.046968 17.090298 3.784057
v -7.365925 18.358566 2.056274
v -7.381104 17.622963 1.403403
v -5.692753 18.762283 1.245745
v -4.899944 19.521318 1.773949
v -4.406103 20.535479 1.516254
v -3.448997 20.887249 0.632189
v -3.254525 22.137177 0.534308
v -1.565859 22.524134 0.529670
v -1.420928 21.441154 1.160007
v -0.925601 21.399527 1.449227
v -2.831404 22.396338 2.095632
v -1.664701 22.744234 2.008379
v -3.745078 21.736418 1.973913
v -1.027589 22.012205 1.994363
v -1.424512 21.435385 -0.220877
v -3.002930 20.060297 0.030835
v -3.080783 20.957092 -0.356722
v -4.496728 19.159313 -0.281276
v -2.510186 19.978556 -0.176936
v -4.797236 19.856518 0.565837
v -3.772812 20.072548 -0.064426
v -3.198238 20.116051 -0.600668
v -1.253427 20.505598 0.725623
v -0.825889 20.285225 1.045105
v -1.424769 20.417702 -1.392255
v -0.487121 20.685875 -1.374691
v -0.668900 20.802788 -0.159242
v -1.541722 20.662317 -0.140712
v -2.093129 19.963049 -1.071344
v -0.850449 20.617781 1.130121
v -1.245172 20.724306 0.906510
v -1.465736 21.251589 -0.183136
v -8.770511 14.974764 1.220540
v -7.980826 14.310963 -0.146240
v -8.987963 14.800301 1.296690
v -8.985982 14.738726 1.974725
v -8.717775 15.247219 2.324651
v -8.237508 15.805388 1.500463
v -7.909859 15.275398 0.332436
v -7.336109 14.174169 -0.185292
v -8.587088 14.556015 0.746036
v -7.776515 14.653681 0.088465
v -6.813959 18.040415 0.133009
v -1.099315 19.684284 -1.718569
v -0.392074 19.966072 -1.845507
v -1.757773 19.380985 -1.428688
v -0.972211 17.651146 -1.546937
v -0.355978 17.767517 -1.546022
v -1.634089 18.198654 -1.430287
v -2.390267 18.949184 -0.633155
v -0.906498 18.894533 -1.755239
v -1.623142 18.670015 -1.460175
v -0.371457 18.905693 -1.721531
v -5.324380 18.631844 0.369014
v -4.539550 17.101315 -1.033688
v -4.693522 18.978098 -0.367960
v -3.076236 18.788292 -1.357594
v -3.098919 19.521486 -0.845098
v -1.104272 17.733879 -3.159047
v -0.311056 18.144615 -3.862968
v -1.143870 16.822468 -3.429340
v -0.305507 16.680519 -3.493186
v -3.424787 17.145546 -3.571727
v -2.658648 17.231325 -3.778751
v -3.953832 17.272200 -3.129252
v -2.042914 18.363544 -3.362787
v -2.294753 18.533911 -3.092219
v -3.723577 17.927208 -2.893033
v -3.029903 18.377729 -2.826179
v -2.023420 17.915554 -3.580182
v -2.290771 17.297924 -3.740390
v -3.023471 17.926910 -3.568894
v -4.160191 14.608288 -2.297613
v -4.070309 15.198800 -2.401834
v -4.736321 14.131678 -1.404142
v -4.544645 15.102481 -2.131176
v -0.624253 15.711776 -3.833650
v -0.804286 16.211975 -3.931901
v -0.243570 15.250072 -3.767508
v -0.259978 16.565598 -3.971306
v -3.156723 14.674348 -3.786646
v -3.300457 14.889374 -3.473306
v -1.971385 15.220039 -3.992179
v -1.980317 15.626385 -3.808048
v -4.236381 11.882437 -1.562965
v -3.425063 13.543221 -3.971331
v -1.315381 14.230620 -4.927574
v -0.498107 11.222136 0.261217
v -1.233070 11.204390 0.168196
v -2.773738 11.264680 -0.953232
v -4.647480 13.366905 -2.535241
v -0.112212 14.556113 -5.006050
v -0.471532 11.099167 0.046225
v -1.125664 11.061316 -0.176084
v -1.493025 10.768542 -0.603258
v -1.508850 10.335609 -1.244160
v -1.266577 9.947011 -1.702617
v -0.844754 9.752039 -2.009008
v -0.252299 9.624756 -1.995605
v -0.448063 10.678475 -0.076633
v -0.965567 10.621258 -0.185132
v -1.335084 10.510161 -0.578002
v -1.334015 10.246111 -1.145278
v -1.168898 9.866711 -1.586074
v -0.770336 9.710272 -1.847839
v -0.268636 9.602127 -1.798177
v -0.426585 10.682019 -0.322992
v -0.895026 10.600753 -0.463441
v -1.142501 10.430741 -0.634807
v -1.170900 10.230475 -1.139848
v -0.965310 9.837606 -1.437769
v -0.700255 9.701979 -1.602549
v -0.286902 9.689196 -1.606009
v -0.394358 10.840878 -0.727168
v -0.732053 10.753046 -0.848139
v -0.937325 10.598474 -1.076145
v -0.960910 10.363985 -1.275759
v -0.834858 10.142975 -1.394457
v -0.646575 9.962686 -1.523973
v -0.296091 10.107307 -1.615948
v -0.319165 11.236836 -1.696939
v -0.742376 11.010855 -1.639683
v -3.820261 11.318073 -2.258309
v -3.153985 12.770416 -5.058931
v -1.084261 13.357135 -5.596869
v -2.847287 10.681343 -1.777382
v -4.014905 12.133679 -3.345280
v -0.008640 13.323355 -5.507563
v -3.334850 11.387769 -4.160126
v -1.982244 12.004081 -5.977573
v -0.738941 12.509171 -6.028259
v -2.713531 10.466863 -2.537846
v -3.067272 11.803023 -5.101635
v 0.041369 12.555351 -5.749155
v -2.045931 9.823196 -2.944482
v -1.420104 9.456195 -3.092047
v -0.302440 9.510380 -2.962248
v -3.550662 11.076632 -4.489177
v -1.824669 10.861964 -6.523031
v -1.244090 10.933634 -6.456185
v -3.086801 10.685808 -3.314575
v -2.919132 10.875041 -5.776615
v 0.146777 11.564096 -6.284959
v -1.424136 8.941832 -2.938062
v -0.245183 8.782967 -3.387646
v -0.626803 8.156898 -3.986274
v -0.106869 8.229852 -4.383028
v -0.537691 8.316918 -6.121333
v 0.054552 8.484359 -5.657645
v -0.941907 9.976397 -6.478547
v 0.179756 10.148424 -6.367123
v -0.306217 7.726776 -5.178409
v 0.000820 7.853287 -5.170506
v -5.527076 5.521088 -1.423316
v -5.034631 5.398593 -0.641043
v -5.571378 5.522283 -2.636668
v -4.104582 5.582566 -3.560103
v -3.650584 5.568838 -3.226131
v -5.803847 5.499141 -2.041136
v -5.180054 5.604047 -3.218602
v -4.530299 5.193764 -0.270696
v -3.604772 5.184521 -0.632794
v -2.722295 5.512991 -2.823131
v -3.205040 5.545737 -3.092880
v -2.820930 5.148180 -1.480583
v -3.008683 6.002858 -1.037728
v -2.227954 6.766811 -1.836091
v -1.613561 7.408994 -2.585928
v -1.168331 6.932626 -3.664548
v -1.723264 6.275623 -3.083522
v -2.283825 5.683984 -2.102162
v -0.920225 7.339415 -5.440149
v -1.474234 6.376418 -4.446584
v -1.910199 5.747448 -3.506629
v -1.088586 8.657495 -6.291831
v -1.735531 6.571305 -5.242297
v -2.180769 5.919202 -4.489028
v -1.578891 9.217855 -6.385450
v -2.483759 7.216977 -6.096287
v -2.937848 6.222438 -4.980446
v -3.820545 6.346273 -0.746372
v -2.992788 7.320891 -1.257799
v -2.269167 8.189456 -2.079841
v -4.475039 6.740640 -0.816560
v -3.456564 7.857469 -1.660734
v -2.695260 8.824938 -2.139126
v -5.242460 6.932289 -2.331157
v -4.567908 8.298284 -2.817591
v -3.872181 9.627090 -2.936157
v -3.293017 9.379235 -2.349027
v -4.089822 8.117682 -2.113300
v -4.957756 6.984711 -1.634371
v -2.535421 9.416043 -6.235248
v -3.224419 7.919828 -5.854283
v -3.965532 6.480159 -4.980856
v -3.608778 9.563732 -5.424376
v -4.346156 8.224315 -4.982227
v -4.903069 6.713837 -4.132994
v -5.160208 6.810903 -3.240675
v -4.794845 8.403620 -3.800467
v -3.996793 9.686273 -4.140770
v -2.857626 22.403698 -0.405776
v -1.952808 22.475576 -0.212142
v -1.698719 21.978455 -0.485885
v -2.812940 21.922926 -0.641013
v -5.114176 4.000344 -2.288858
v -4.712620 3.511482 -1.463950
v -4.915267 4.683760 -3.455942
v -4.251800 5.545564 -3.739094
v -3.441891 5.661483 -3.492073
v -5.056916 4.296691 -2.952250
v -4.673851 5.169751 -3.718850
v -3.830132 3.520458 -0.991779
v -3.283339 4.033230 -1.296708
v -2.609079 5.391498 -2.716748
v -2.756387 5.627361 -3.171765
v -2.872979 4.920940 -1.928969
v -3.546399 2.643182 -4.722769
v -3.187589 2.544155 -3.836739
v -3.330276 3.429266 -5.279276
v -2.431684 3.769915 -5.595382
v -2.132714 3.723579 -5.201598
v -3.531797 2.972032 -4.956351
v -2.943437 3.695462 -5.550630
v -2.663250 2.649919 -3.501084
v -1.842307 2.734208 -3.611806
v -1.877774 3.405681 -4.434784
v -2.030482 3.684542 -4.900875
v -1.770681 3.156332 -4.106219
v -2.130367 3.776459 -3.331684
v -2.521394 4.404776 -2.447825
v -2.916829 3.653068 -2.153585
v -2.471618 3.315239 -3.075861
v -2.238241 4.091540 -3.663571
v -2.438446 4.913443 -3.047777
v -2.313437 4.526097 -4.206502
v -2.475741 5.418940 -3.720447
v -2.689700 4.708575 -4.634834
v -3.000449 5.416584 -4.276278
v -3.015889 2.925863 -2.984133
v -3.400588 3.203560 -1.847749
v -3.643771 2.897008 -3.324555
v -4.183061 3.098722 -2.328641
v -3.992660 3.332791 -4.272079
v -4.549547 3.837075 -3.706380
v -4.558649 3.537208 -3.127476
v -3.960239 3.075720 -3.937445
v -3.755171 5.167994 -4.354441
v -3.074026 4.615115 -4.840463
v -4.128600 4.752045 -4.284117
v -3.534988 4.329740 -4.933695
v -3.786392 3.826228 -4.769259
v -4.362711 4.262269 -4.117630
v -7.397721 1.472524 5.299848
v -7.341999 2.040003 5.512573
v -8.244473 1.892362 5.460864
v -7.962472 1.269202 5.281935
v -7.674592 2.790168 8.573545
v -7.686574 3.317084 7.997968
v -8.778296 3.160810 8.039938
v -8.564459 2.342212 8.795846
v -8.301520 3.583416 7.868668
v -7.814240 2.215456 5.391338
v -8.051712 2.503320 8.701207
v -7.632232 1.317613 5.250555
v -7.488989 3.243828 8.381274
v -7.340568 1.776005 5.231354
v -8.865041 2.699728 8.233298
v -8.151446 1.617279 5.297918
v -7.751517 1.708582 5.070819
v -7.469053 1.722180 7.802612
v -7.414205 2.680501 7.315811
v -8.566995 2.365239 7.380778
v -8.176674 1.371315 7.647602
v -7.861918 1.475327 7.718385
v -8.089271 2.562433 7.196278
v -8.581331 1.732680 7.608519
v -7.231219 2.248905 7.612767
v -7.388774 2.522948 7.266286
v -8.512186 2.188967 7.416315
v -8.175443 1.252042 7.440380
v -7.829093 1.368675 7.477707
v -8.029545 2.417393 7.146382
v -8.556016 1.606035 7.435143
v -7.224044 2.047109 7.441801
v -7.447553 1.548131 7.541620
v -7.414554 2.040089 6.557734
v -8.397999 1.662346 6.493220
v -8.118779 0.979895 6.706307
v -7.753902 1.048368 6.759405
v -7.918628 2.022094 6.516184
v -8.499276 1.396287 6.673235
v -7.297318 1.693483 6.752563
v -7.390712 1.276811 6.750987
v -7.572781 2.245101 8.210224
v -7.549677 3.150602 7.626837
v -8.728583 2.701937 7.660031
v -8.325765 1.889929 8.228327
v -7.988244 2.010798 8.260574
v -8.204511 3.139455 7.321756
v -8.680987 2.233489 7.994138
v -7.364962 2.725892 7.985975
v -8.563522 1.824832 5.134267
v -8.367085 2.407618 5.251773
v -9.096043 2.629440 5.218899
v -9.221954 1.981970 4.992400
v -9.431137 2.147376 8.619577
v -9.179665 3.109470 8.045961
v -10.242700 3.161069 7.954591
v -10.345103 2.461312 8.331604
v -9.728049 3.307114 7.948966
v -8.584019 2.604084 5.141366
v -9.964037 2.159027 8.338369
v -8.840674 1.927438 4.841181
v -9.084010 2.541281 8.258324
v -8.380528 2.063639 5.154716
v -10.333946 2.871479 8.108052
v -9.287213 2.308524 5.120614
v -8.676428 2.292875 4.852874
v -9.323167 1.292260 7.209008
v -9.144099 2.343854 7.399249
v -10.224817 2.247418 7.132983
v -10.134830 1.562127 6.917501
v -9.763952 1.310759 7.018109
v -9.556366 2.352464 7.196964
v -10.327828 1.960616 7.139629
v -9.076080 1.686440 7.599172
v -9.018686 2.095497 7.364699
v -10.125534 2.219589 7.020115
v -10.053226 1.617169 6.640257
v -9.646917 1.408573 6.699756
v -9.544953 2.358196 7.239124
v -10.263208 1.944817 6.905091
v -8.995130 1.507285 7.172164
v -9.221227 1.286929 6.932101
v -8.650916 2.267459 6.571233
v -9.727534 2.521829 6.170433
v -9.715385 1.790784 5.913912
v -9.400565 1.429114 6.028165
v -9.112502 2.572283 6.438752
v -9.879433 2.198771 6.051814
v -8.653639 1.760733 6.373085
v -8.870436 1.536917 6.202497
v -9.419664 1.586324 7.806921
v -9.127328 2.730383 7.660616
v -10.195019 2.883410 7.508267
v -10.301639 1.907457 7.545015
v -9.910021 1.650714 7.681144
v -9.630789 2.986710 7.439348
v -10.395124 2.538750 7.596362
v -9.091538 1.976418 7.842720
v -9.100260 1.368210 6.658529
v -8.839084 2.167034 7.136945
v -10.133311 2.336780 6.723974
v -9.931236 1.677670 6.372212
v -9.559669 1.411448 6.456931
v -9.401003 2.563648 7.046276
v -10.146842 2.015521 6.598105
v -8.852063 1.588673 6.862954
v -8.393918 2.332112 6.059059
v -9.485826 2.727185 5.749339
v -9.473257 1.883217 5.513219
v -9.141297 1.612721 5.464630
v -8.899930 2.745416 5.872166
v -9.629063 2.251009 5.619371
v -8.505754 1.878621 5.825068
v -8.722600 1.650935 5.721230
v -8.834429 1.568056 6.081393
v -8.618028 2.280771 6.419494
v -9.660615 2.488030 6.037955
v -9.669785 1.809438 5.802541
v -9.338330 1.485021 5.893734
v -9.044939 2.553040 6.240470
v -9.818405 2.220832 5.941680
v -8.606728 1.781148 6.238585
v -7.412771 2.014347 6.464500
v -8.399858 1.647875 6.343394
v -8.089109 0.986837 6.433046
v -7.718305 1.029093 6.459857
v -7.899617 2.008954 6.412938
v -8.459649 1.361731 6.466954
v -7.312664 1.630932 6.533383
v -7.382796 1.263330 6.492658
v -7.432832 1.432589 7.212825
v -7.391407 2.324165 7.074642
v -8.551672 1.981124 7.125365
v -8.152824 1.157310 7.141340
v -7.805489 1.286520 7.177324
v -8.036184 2.336501 6.955932
v -8.554325 1.523586 7.123191
v -7.253903 1.880706 7.181880
v -7.365885 2.015216 6.227495
v -8.426077 1.714797 6.083266
v -8.049901 1.051271 6.049651
v -7.699618 1.064637 6.118921
v -7.960425 2.193987 6.237523
v -8.380827 1.413126 6.099602
v -7.288060 1.650359 6.193882
v -7.367465 1.297461 6.137496
v -5.371313 3.412958 6.773171
v -5.890535 3.499317 6.214319
v -6.364945 3.070919 6.897963
v -5.921349 2.930721 7.281442
v -5.998548 4.386831 6.607384
v -6.560386 4.332026 6.061029
v -7.069944 3.822548 6.677629
v -6.522475 4.111405 7.595590
v -5.808606 2.073733 5.287142
v -6.065785 2.477575 5.169628
v -6.435845 2.003199 5.500982
v -6.162984 1.746665 5.528841
v -5.902692 2.732815 7.131312
v -5.393092 3.212236 6.607241
v -6.360620 2.975281 6.818253
v -5.893570 3.478786 6.238347
v -5.570774 3.761500 6.806016
v -6.062144 3.679035 6.127294
v -6.648058 3.181837 6.857843
v -6.088447 3.349916 7.444718
v -5.458840 2.966825 6.303397
v -5.919850 2.563383 6.946744
v -6.433775 2.903196 6.458638
v -5.948760 3.386747 5.968366
v -6.238387 4.401188 6.360099
v -5.555486 3.531277 6.424244
v -6.789647 3.977859 7.602368
v -6.192839 2.962492 7.227320
v -5.921774 2.307150 5.110908
v -6.304434 1.858433 5.513164
v -5.553235 3.442393 6.341185
v -6.166483 2.790726 7.062163
v -6.356942 3.195550 7.327093
v -5.706396 3.774165 6.376472
v -5.565647 3.245801 6.116608
v -6.198247 2.595041 6.786465
v -6.902854 4.132310 6.210684
v -6.218018 3.228564 6.487049
v -6.251168 4.454578 7.205100
v -5.607501 3.369875 7.139376
v -6.297575 2.262912 5.209650
v -5.950440 1.814516 5.330194
v -6.186373 3.264579 6.457366
v -5.494586 2.891517 6.967582
v -5.764624 3.632743 7.073950
v -6.441935 3.327961 6.319398
v -6.251464 3.220050 6.141252
v -5.539050 2.667119 6.707291
v -6.255366 1.951727 5.202950
v -5.508390 2.675860 5.885942
v -6.049150 2.210711 6.467973
v -6.431608 2.608325 6.105332
v -6.006772 3.123274 5.613742
v -5.640021 2.986308 5.702144
v -6.253186 2.331387 6.310247
v -6.319402 2.847670 5.727846
v -5.534865 2.351015 6.245110
v -4.391748 0.462745 -1.579034
v -3.230876 0.730038 -4.220853
v -3.748437 1.184024 -4.856763
v -4.847521 0.465516 -1.888920
v -4.344184 1.032059 -1.550789
v -3.369893 1.812251 -3.555625
v -3.974753 1.901118 -4.538898
v -4.856818 0.884537 -2.052937
v -3.950654 1.412003 -2.539067
v -3.987846 0.278520 -2.858130
v -4.536482 1.298022 -2.995846
v -4.586966 0.454773 -3.151679
v -3.898708 1.438626 -2.715832
v -4.507073 0.429937 -3.419735
v -3.815146 0.351871 -3.123237
v -4.455171 1.340091 -3.165724
v -4.183124 0.325907 -2.112190
v -4.686291 1.067538 -2.567999
v -4.081771 1.237144 -2.015353
v -4.764518 0.377096 -2.479656
v -3.695948 1.590440 -3.317984
v -4.051955 0.766777 -4.200979
v -3.493072 0.762425 -3.754912
v -4.173138 1.552836 -3.931639
v -3.715396 1.966365 -3.847987
v -3.474555 0.814875 -4.652987
v -4.656450 1.047870 -1.661345
v -4.676904 0.423358 -1.687541
v -4.257220 1.426119 -2.695369
v -4.250340 0.228077 -3.000065
v -4.166536 1.499685 -2.889236
v -4.118917 0.231703 -3.268220
v -4.507317 0.224699 -2.259282
v -4.396780 1.246758 -2.357419
v -3.848452 1.648663 -3.459504
v -3.726168 0.539410 -4.167529
v -3.521818 0.698895 -3.657901
v -4.256285 1.460514 -3.757018
v -3.759631 1.530100 -3.211865
v -4.132401 0.708911 -4.091544
v -3.785392 0.495572 -4.031829
v -4.009664 1.583811 -3.404030
v -3.579869 0.504421 -0.667770
v -2.235170 0.940659 -3.998716
v -2.899165 0.701961 -4.339961
v -3.999318 0.563350 -0.889288
v -3.503228 1.160841 -0.688347
v -2.609402 1.853601 -3.297982
v -3.172857 1.788695 -3.541645
v -4.119386 1.180034 -0.968633
v -3.045309 1.099113 -1.840616
v -3.014562 0.227718 -1.897963
v -3.638065 1.203235 -2.046318
v -3.526580 0.147182 -2.250136
v -3.221165 0.403971 -1.385504
v -3.876859 1.206666 -1.581459
v -3.202598 1.170970 -1.306066
v -3.708016 0.274554 -1.703594
v -2.996758 1.163832 -2.067581
v -3.465961 0.202241 -2.460047
v -2.930722 0.294231 -2.078547
v -3.543261 1.238770 -2.257099
v -2.802269 1.374421 -2.742297
v -3.033771 0.455172 -3.801099
v -2.335901 0.536398 -3.484931
v -3.285239 1.407871 -2.920692
v -2.377198 0.451894 -3.387607
v -3.389127 1.316903 -2.698663
v -2.880639 1.292178 -2.536426
v -3.089276 0.396803 -3.677384
v -2.923771 1.869875 -3.282527
v -2.560537 0.735866 -4.274236
v -3.810337 1.313673 -0.748161
v -3.861053 0.460168 -0.753522
v -3.381534 1.369314 -1.886691
v -3.265169 0.128026 -2.065361
v -3.543880 0.239632 -1.548201
v -3.526590 1.328036 -1.518018
v -3.265197 1.327279 -2.113669
v -3.212144 0.176839 -2.201422
v -3.027345 1.396971 -2.850061
v -2.716417 0.321347 -3.620193
v -2.715777 0.263883 -3.560688
v -3.141864 1.303393 -2.568638
v -4.345436 0.723957 -1.543193
v -3.307776 1.217800 -3.917637
v -3.977026 1.639584 -4.758128
v -4.887176 0.658175 -1.963472
v -4.667642 0.851975 -3.093206
v -3.805688 0.779537 -2.646887
v -4.598116 0.864948 -3.341583
v -3.710945 0.879345 -2.909852
v -4.038385 0.707437 -2.012944
v -4.782654 0.811476 -2.531438
v -4.234110 1.109097 -4.144867
v -3.506189 1.118990 -3.531655
v -4.744543 0.714842 -1.602277
v -3.555975 1.061531 -3.425033
v -4.297449 1.040545 -3.997606
v -3.470516 0.872103 -0.645180
v -2.367911 1.491383 -3.428034
v -3.011164 1.290497 -3.892409
v -4.138140 0.907091 -0.939460
v -3.711012 0.756552 -2.188673
v -2.937672 0.706738 -1.818215
v -3.150262 0.809470 -1.303239
v -3.888762 0.793119 -1.688182
v -3.638648 0.793091 -2.387413
v -2.866656 0.735272 -1.995001
v -3.356691 0.660486 -3.372264
v -2.651259 1.125462 -2.750808
v -2.716691 1.078022 -2.587288
v -3.459991 0.632104 -3.206140
v -3.929477 0.831943 -0.607837
v -2.276933 0.468849 -0.954732
v -1.403405 1.253414 -3.954705
v -2.044729 0.911455 -4.027232
v -2.851111 0.421906 -1.007167
v -2.137724 1.093859 -0.953089
v -1.584363 1.969358 -3.142302
v -2.258822 1.712881 -3.488572
v -2.944919 1.128717 -0.973115
v -1.990893 1.149408 -1.520403
v -2.091556 0.437231 -1.433742
v -2.667512 1.171687 -1.707209
v -2.673728 0.312993 -1.561271
v -1.969296 1.212919 -1.793602
v -2.601533 0.360132 -1.900296
v -1.968066 0.475559 -1.749167
v -2.551142 1.207430 -1.945584
v -1.829221 1.308423 -2.182827
v -2.519343 0.407126 -2.076127
v -1.919921 0.481098 -1.912296
v -2.453365 1.281416 -2.381376
v -1.643268 1.467106 -2.595003
v -2.081623 0.525469 -3.207299
v -1.438263 0.702213 -3.002831
v -2.314200 1.394740 -2.852272
v -1.631983 1.623302 -2.782536
v -2.057900 0.644305 -3.271514
v -1.414795 0.734111 -3.164600
v -2.264405 1.506803 -3.058115
v -2.022010 2.049197 -3.119872
v -1.721178 1.065750 -4.033761
v -2.406569 1.154316 -0.904030
v -2.669426 0.349256 -0.915220
v -2.295757 1.269449 -1.677515
v -2.404955 0.233181 -1.510878
v -2.259119 1.298083 -1.850066
v -2.332038 0.236651 -1.824477
v -2.157523 1.401455 -2.276356
v -2.273509 0.272984 -2.021523
v -2.076095 1.606322 -2.643737
v -1.724401 0.382316 -3.195328
v -2.042256 1.773796 -2.834250
v -1.704964 0.446182 -3.270550
v -2.206112 0.697064 -0.853311
v -1.366239 1.663839 -3.487910
v -2.154247 1.220724 -3.655121
v -2.971047 0.722811 -0.976011
v -2.765486 0.730812 -1.667402
v -1.910781 0.808796 -1.269807
v -2.597735 0.631342 -2.017702
v -1.824733 0.873828 -1.693913
v -2.486020 0.497681 -2.169080
v -1.758548 0.899931 -1.853013
v -2.172733 1.014485 -3.053121
v -1.416328 1.060783 -2.589785
v -2.147203 1.093038 -3.136910
v -1.367131 1.172834 -2.791254
v -2.564699 0.824741 -0.788440
v -2.261142 3.668470 -5.916698
v -2.042540 3.517527 -5.735263
v -2.615970 3.562901 -6.013665
v -1.840679 2.647312 -6.221221
v -1.735453 3.177084 -7.374563
v -1.835479 3.197294 -7.503837
v -2.438870 2.679905 -6.556298
v -1.874514 3.211612 -6.174851
v -1.751177 3.310389 -7.279371
v -1.875779 3.368874 -7.384860
v -2.391504 3.491971 -6.527041
v -1.775261 3.263839 -6.664032
v -1.772948 2.924704 -6.808829
v -2.137394 3.382292 -6.832822
v -2.117934 3.029347 -6.912534
v -1.853931 2.904627 -6.099907
v -1.737528 3.239820 -7.304440
v -1.851781 3.296741 -7.438013
v -2.539991 3.075203 -6.594441
v -2.154892 3.121313 -6.903928
v -1.763302 3.058329 -6.701781
v -1.758210 3.441904 -7.394051
v -1.739060 3.152820 -7.501105
v -2.128319 3.566629 -6.365626
v -2.165909 2.595356 -6.503802
v -1.995218 3.427635 -6.799834
v -1.948593 2.955297 -6.940830
v -1.752587 3.282344 -7.490546
v -3.144542 2.249603 -3.720406
v -2.926574 2.290074 -3.460010
v -2.421973 1.719349 -3.490114
v -3.782187 2.169950 -4.861989
v -3.164021 3.029027 -5.809863
v -3.487214 2.611501 -5.464311
v -1.490356 2.360387 -3.792982
v -1.703736 3.078729 -4.827935
v -1.811073 3.243091 -5.389341
v -1.592142 2.895242 -4.457769
v -3.283193 1.813087 -3.547149
v -3.223363 1.261754 -3.941867
v -3.091641 0.740024 -4.248035
v -2.234854 1.376093 -3.521992
v -2.145523 0.935049 -4.022291
v -3.563949 2.241241 -4.125426
v -3.345416 2.019068 -3.753767
v -3.288386 2.023387 -3.724023
v -2.098639 2.142294 -3.396087
v -2.586050 2.341629 -3.445781
v -2.256510 1.839621 -3.542441
v -2.414759 1.857518 -3.528315
v -3.461737 2.450849 -4.362180
v -3.148098 2.502399 -3.820733
v -2.913352 2.529212 -3.555110
v -1.752356 2.337931 -3.480337
v -2.904666 2.971794 -6.249082
v -3.707503 1.836975 -5.116518
v -3.050907 2.680251 -5.989644
v -3.445053 2.227789 -5.635024
v -3.415706 1.382549 -5.222683
v -2.818763 2.228318 -5.995594
v -3.081491 1.751947 -5.644318
v -1.297915 1.867840 -4.157633
v -1.449604 2.762946 -5.020358
v -1.701654 2.907614 -5.594008
v -1.343904 2.439909 -4.609800
v -1.369678 1.642122 -4.467974
v -1.509420 2.270389 -5.249331
v -1.708512 2.443459 -5.715650
v -1.277821 1.995000 -4.725252
v -2.534824 3.550177 -6.260075
v -2.197982 3.626412 -6.129052
v -1.956189 3.369842 -5.953245
v -2.743182 3.189656 -6.417332
v -2.122104 0.965106 -4.404536
v -2.783869 0.828587 -4.679107
v -2.502343 0.882524 -4.621647
v -3.164149 0.916596 -4.741815
v -1.922287 1.017884 -4.219182
v -1.967172 1.421797 -5.183498
v -2.886234 1.369410 -5.384912
v -2.297027 1.398261 -5.414659
v -1.709586 1.500878 -4.858232
v -2.686904 1.693513 -5.750482
v -2.209764 1.868196 -5.819458
v -5.574499 4.769944 -1.676898
v -5.509074 4.899629 -2.407714
v -5.235060 5.138575 -2.908969
v -4.894951 5.386246 -3.350580
v -4.204552 5.565866 -3.591458
v -3.568213 5.568972 -3.320778
v -3.003087 5.619631 -3.125390
v -2.760881 5.448901 -2.729222
v -2.889756 5.058818 -1.677648
v -3.358249 4.438070 -0.818482
v -4.250255 4.381292 -0.554599
v -4.993565 4.461905 -0.701003
v -8.971599 3.097296 8.025059
v -9.125294 2.537388 9.143696
v -8.940682 2.737166 8.286829
v -10.395618 4.551534 8.129692
v -9.219507 4.761207 8.744233
v -7.406555 4.678535 8.288112
v -7.621813 3.049372 8.840510
v -7.500184 3.375402 8.154972
v -8.314393 3.622233 7.888911
v -8.161937 2.578825 9.172142
v -7.492760 3.379395 8.578934
v -10.311061 3.306062 8.082191
v -10.441792 2.370846 8.588542
v -9.648218 3.420164 7.937844
v -10.021799 2.087055 8.864943
v -10.446122 2.971199 8.283898
v -10.055479 3.312820 9.007962
v -9.209009 3.222472 9.412480
v -8.392961 3.257854 9.384333
v -9.265613 4.067517 9.114543
v -8.490396 4.095127 8.960547
v -9.943860 3.873887 8.857086
v -7.830588 3.582484 9.049166
v -10.443201 3.202377 8.790669
v -10.433449 3.986697 7.344669
v -8.973997 3.979753 6.930986
v -7.287613 4.288188 7.668158
v -8.984465 3.214616 7.771581
v -7.399145 3.552600 7.922528
v -10.413585 3.422155 7.988019
v -9.654867 3.695689 7.498617
v -9.064482 3.549712 7.137383
v -8.312936 3.725140 7.312048
v -8.313886 3.653211 7.678208
v -7.102756 4.087504 8.226769
v -9.620273 3.515464 7.879746
v -7.414310 3.642851 8.481990
v -10.482607 3.290078 8.356337
v -10.606784 4.269569 7.753067
v -9.385456 5.563386 8.268723
v -7.678107 5.803122 7.570794
v -10.503597 5.248252 7.694264
v -7.703018 4.544319 5.930001
v -8.969060 4.353601 6.079625
v -10.293857 4.727699 6.630495
v -7.166209 4.250640 7.455771
v -6.945927 4.206380 8.178450
v -7.042587 4.532210 8.219756
v -7.089814 5.260478 7.472480
v -7.313601 5.631858 6.819110
v -7.217853 5.621057 6.353117
v -7.085469 4.370016 6.055300
v -7.235395 5.335185 5.859365
v -10.588599 4.951930 7.211174
v -1.503995 10.037709 9.088223
v -1.574022 10.020877 9.083987
v -1.386055 10.001245 9.075180
v -1.625270 9.998037 9.077613
v -1.690357 9.961587 9.067199
v -1.779971 9.869940 9.039950
v -1.876040 9.740005 9.000875
v -1.943295 9.619692 8.964360
v -1.976758 9.555817 8.973441
v -1.940192 9.536873 8.979782
v -1.857355 9.555413 8.991367
v -1.724249 9.568232 8.992931
v -1.572174 9.551345 8.986233
v -1.414628 9.494546 8.968716
v -1.104610 9.445411 8.951099
v -1.450691 10.003878 9.076926
v -1.105303 9.951441 9.055647
vt 0.858145 0.076667
vt 0.870682 0.092232
vt 0.847874 0.085769
vt 0.844429 0.084739
vt 0.871617 0.058184
vt 0.858145 0.073184
vt 0.844254 0.064878
vt 0.847799 0.063796
vt 0.841011 0.091330
vt 0.826530 0.084077
vt 0.828335 0.080913
vt 0.844441 0.092630
vt 0.880443 0.071210
vt 0.880443 0.078641
vt 0.814313 0.078630
vt 0.815644 0.076474
vt 0.838900 0.075723
vt 0.838906 0.074217
vt 0.828050 0.069177
vt 0.824235 0.074582
vt 0.824228 0.075626
vt 0.815591 0.073958
vt 0.858145 0.117920
vt 0.870682 0.133485
vt 0.847874 0.127022
vt 0.844429 0.125992
vt 0.871617 0.099437
vt 0.858145 0.114437
vt 0.844254 0.106131
vt 0.847799 0.105049
vt 0.841011 0.132583
vt 0.826530 0.125330
vt 0.828335 0.122166
vt 0.844441 0.133883
vt 0.880443 0.112463
vt 0.880443 0.119894
vt 0.814313 0.119883
vt 0.815644 0.117727
vt 0.838900 0.116975
vt 0.838906 0.115470
vt 0.828050 0.110430
vt 0.824235 0.115834
vt 0.824228 0.116879
vt 0.815591 0.115211
vt 0.783969 0.122552
vt 0.785794 0.141069
vt 0.769004 0.126265
vt 0.766666 0.123849
vt 0.807078 0.111399
vt 0.786213 0.119566
vt 0.779564 0.106982
vt 0.783194 0.107502
vt 0.780823 0.099867
vt 0.763495 0.103582
vt 0.763889 0.100193
vt 0.784508 0.100133
vt 0.806602 0.127166
vt 0.801813 0.133537
vt 0.749889 0.102110
vt 0.750111 0.099867
vt 0.768124 0.113656
vt 0.769125 0.112391
vt 0.755706 0.113393
vt 0.756647 0.106362
vt 0.755943 0.107229
vt 0.748255 0.104222
vt 0.943346 0.172557
vt 0.931530 0.164392
vt 0.950845 0.167551
vt 0.953731 0.168061
vt 0.931238 0.182247
vt 0.943346 0.174430
vt 0.953857 0.178988
vt 0.950908 0.179525
vt 0.954870 0.164397
vt 0.967476 0.168268
vt 0.966805 0.169981
vt 0.952008 0.163717
vt 0.928035 0.175491
vt 0.928035 0.171496
vt 0.977251 0.171408
vt 0.976725 0.172570
vt 0.959688 0.173039
vt 0.959691 0.173882
vt 0.966974 0.176834
vt 0.971243 0.173622
vt 0.971245 0.173060
vt 0.976758 0.173957
vt 0.908760 0.093431
vt 0.889403 0.103513
vt 0.897440 0.085172
vt 0.898722 0.082402
vt 0.931744 0.104265
vt 0.913091 0.093431
vt 0.923419 0.082261
vt 0.924766 0.085112
vt 0.890525 0.079654
vt 0.899545 0.068009
vt 0.903479 0.069460
vt 0.888908 0.082412
vt 0.915546 0.111362
vt 0.906305 0.111362
vt 0.906319 0.058184
vt 0.909000 0.059255
vt 0.909934 0.077956
vt 0.911806 0.077961
vt 0.918073 0.069231
vt 0.911353 0.066163
vt 0.910054 0.066157
vt 0.912128 0.059212
vt 0.888929 0.033767
vt 0.866017 0.035190
vt 0.884366 0.021787
vt 0.887359 0.019922
vt 0.902771 0.052408
vt 0.892627 0.035579
vt 0.908317 0.030248
vt 0.907664 0.033171
vt 0.917180 0.031267
vt 0.912541 0.017286
vt 0.916771 0.017616
vt 0.916845 0.034237
vt 0.883124 0.051915
vt 0.875234 0.048049
vt 0.914227 0.006328
vt 0.917180 0.006506
vt 0.900020 0.021086
vt 0.901614 0.021865
vt 0.900273 0.011098
vt 0.909012 0.011795
vt 0.907929 0.011237
vt 0.911591 0.005036
vt 0.903532 0.140450
vt 0.880595 0.142083
vt 0.898792 0.128488
vt 0.901765 0.126592
vt 0.917494 0.158901
vt 0.907255 0.142232
vt 0.922897 0.136851
vt 0.922257 0.139761
vt 0.931649 0.137853
vt 0.927001 0.123834
vt 0.931278 0.124176
vt 0.931336 0.140790
vt 0.897958 0.158657
vt 0.890013 0.154855
vt 0.928833 0.112819
vt 0.931649 0.112993
vt 0.914475 0.127681
vt 0.916085 0.128446
vt 0.914666 0.117612
vt 0.923500 0.118294
vt 0.922383 0.117762
vt 0.926179 0.111484
vt 0.912208 0.053900
vt 0.880595 0.100960
vt 0.926873 0.160335
vt 0.932549 0.160457
vt 0.867507 0.099316
vt 0.867507 0.140568
vt 0.808914 0.103824
vt 0.852654 0.160325
vt 0.845959 0.147763
vt 0.849577 0.148286
vt 0.873299 0.152062
vt 0.852546 0.181749
vt 0.835599 0.167167
vt 0.833234 0.164784
vt 0.850448 0.163323
vt 0.829686 0.144466
vt 0.830135 0.141004
vt 0.847191 0.140690
vt 0.850966 0.140976
vt 0.873095 0.167756
vt 0.868390 0.174152
vt 0.815952 0.143091
vt 0.816171 0.140690
vt 0.834544 0.154557
vt 0.835492 0.153259
vt 0.822010 0.154450
vt 0.822148 0.148237
vt 0.814313 0.145234
vt 0.822803 0.147335
vt 0.786596 0.160826
vt 0.779901 0.148263
vt 0.783519 0.148787
vt 0.807241 0.152562
vt 0.786488 0.182249
vt 0.769541 0.167668
vt 0.767176 0.165285
vt 0.784390 0.163824
vt 0.763628 0.144966
vt 0.764077 0.141504
vt 0.781133 0.141191
vt 0.784908 0.141476
vt 0.807037 0.168256
vt 0.802332 0.174652
vt 0.749894 0.143591
vt 0.750113 0.141191
vt 0.768486 0.155058
vt 0.769434 0.153759
vt 0.755952 0.154951
vt 0.756090 0.148737
vt 0.748255 0.145734
vt 0.756745 0.147835
vt 0.791824 0.020123
vt 0.777851 0.011815
vt 0.781406 0.010720
vt 0.805298 0.005036
vt 0.804426 0.039281
vt 0.781479 0.032681
vt 0.778038 0.031615
vt 0.791824 0.023612
vt 0.774537 0.038228
vt 0.760256 0.030904
vt 0.762099 0.027840
vt 0.777863 0.039533
vt 0.814162 0.018145
vt 0.814162 0.025590
vt 0.748255 0.025452
vt 0.749508 0.023440
vt 0.772584 0.022643
vt 0.772541 0.021145
vt 0.761745 0.016204
vt 0.758026 0.022613
vt 0.749468 0.020953
vt 0.757982 0.021578
vt 0.896050 0.172983
vt 0.903756 0.180162
vt 0.900833 0.179811
vt 0.881388 0.177221
vt 0.889036 0.160457
vt 0.906205 0.168643
vt 0.908722 0.169990
vt 0.896880 0.171234
vt 0.916822 0.182120
vt 0.916688 0.183913
vt 0.903195 0.183913
vt 0.900219 0.183727
vt 0.881275 0.169581
vt 0.883048 0.165850
vt 0.927238 0.182547
vt 0.927213 0.183784
vt 0.911907 0.176435
vt 0.911529 0.177221
vt 0.920020 0.175766
vt 0.922583 0.179992
vt 0.927884 0.181261
vt 0.922335 0.180517
vt 0.943973 0.035867
vt 0.959596 0.030484
vt 0.958945 0.033393
vt 0.954250 0.052469
vt 0.917332 0.035781
vt 0.935464 0.022153
vt 0.938428 0.020251
vt 0.940245 0.034094
vt 0.963695 0.017398
vt 0.968001 0.017759
vt 0.968391 0.031474
vt 0.968036 0.034510
vt 0.934733 0.052305
vt 0.926780 0.048521
vt 0.965405 0.006353
vt 0.968391 0.006530
vt 0.951146 0.021304
vt 0.952761 0.022066
vt 0.951279 0.011225
vt 0.959006 0.011336
vt 0.962740 0.005036
vt 0.960128 0.011863
vt 0.847219 0.040136
vt 0.857519 0.028970
vt 0.858868 0.031815
vt 0.865865 0.050938
vt 0.823337 0.050264
vt 0.831606 0.031788
vt 0.832939 0.029019
vt 0.842889 0.040136
vt 0.824711 0.026180
vt 0.833894 0.014694
vt 0.837720 0.016182
vt 0.823076 0.028857
vt 0.849674 0.058063
vt 0.840434 0.058063
vt 0.840733 0.005036
vt 0.843371 0.006119
vt 0.844088 0.024664
vt 0.845953 0.024666
vt 0.852201 0.016031
vt 0.844286 0.012970
vt 0.846458 0.006118
vt 0.845573 0.012946
vt 0.780959 0.081806
vt 0.791290 0.070625
vt 0.792639 0.073477
vt 0.799632 0.092642
vt 0.757226 0.091920
vt 0.765306 0.073514
vt 0.766607 0.070751
vt 0.776626 0.081806
vt 0.758448 0.068012
vt 0.767465 0.056412
vt 0.771358 0.057876
vt 0.756850 0.070665
vt 0.783415 0.099745
vt 0.774170 0.099745
vt 0.774259 0.046649
vt 0.776789 0.047657
vt 0.777806 0.066329
vt 0.779676 0.066333
vt 0.785916 0.057602
vt 0.777890 0.054555
vt 0.779920 0.047602
vt 0.779188 0.054557
vt 0.814313 0.047589
vt 0.963448 0.053878
vt 0.748255 0.089296
vt 0.880595 0.181189
vt 0.875052 0.144665
vt 0.808993 0.145166
vt 0.801124 0.046527
vt 0.293980 0.863323
vt 0.307213 0.866616
vt 0.305534 0.879919
vt 0.288124 0.875410
vt 0.328731 0.877364
vt 0.316581 0.864983
vt 0.343188 0.864945
vt 0.321068 0.859591
vt 0.336794 0.847505
vt 0.321948 0.852681
vt 0.322442 0.836735
vt 0.315447 0.844144
vt 0.305732 0.834238
vt 0.304500 0.838881
vt 0.295140 0.833637
vt 0.294844 0.839207
vt 0.286780 0.855071
vt 0.275387 0.861195
vt 0.287141 0.846581
vt 0.277434 0.850277
vt 0.285945 0.833560
vt 0.308365 0.852706
vt 0.309991 0.851519
vt 0.301169 0.850692
vt 0.302323 0.852576
vt 0.300630 0.847957
vt 0.303369 0.847084
vt 0.306374 0.847296
vt 0.309543 0.848193
vt 0.310589 0.850049
vt 0.305809 0.853089
vt 0.269288 0.862176
vt 0.269320 0.850875
vt 0.269347 0.841736
vt 0.278534 0.841728
vt 0.269372 0.831726
vt 0.277084 0.832048
vt 0.281519 0.827898
vt 0.274677 0.823790
vt 0.269386 0.822677
vt 0.269388 0.814926
vt 0.277336 0.816655
vt 0.278348 0.825789
vt 0.282763 0.820155
vt 0.286191 0.823260
vt 0.289537 0.828030
vt 0.295056 0.829241
vt 0.308296 0.827960
vt 0.325371 0.832124
vt 0.343354 0.843349
vt 0.346154 0.867674
vt 0.332327 0.882382
vt 0.305901 0.886966
vt 0.284211 0.882060
vt 0.276776 0.882543
vt 0.269238 0.882727
vt 0.269385 0.812834
vt 0.281530 0.814096
vt 0.297332 0.823062
vt 0.311356 0.821393
vt 0.338098 0.824011
vt 0.353262 0.843294
vt 0.280755 0.903409
vt 0.269201 0.904333
vt 0.298099 0.902610
vt 0.317494 0.897226
vt 0.338288 0.894640
vt 0.353123 0.870690
vt 0.289036 0.818425
vt 0.328423 0.805567
vt 0.323731 0.812262
vt 0.302988 0.814197
vt 0.316491 0.802548
vt 0.337116 0.792047
vt 0.324288 0.791335
vt 0.340174 0.777147
vt 0.324612 0.777135
vt 0.333317 0.763701
vt 0.316988 0.768233
vt 0.308534 0.755758
vt 0.324005 0.743136
vt 0.302956 0.762602
vt 0.303911 0.771051
vt 0.293689 0.764917
vt 0.293225 0.772299
vt 0.287536 0.762399
vt 0.286176 0.772680
vt 0.284471 0.756024
vt 0.278748 0.771591
vt 0.270057 0.761905
vt 0.269995 0.771002
vt 0.285096 0.747163
vt 0.270205 0.746579
vt 0.295809 0.732233
vt 0.283654 0.735717
vt 0.276166 0.722954
vt 0.308364 0.716655
vt 0.308069 0.742281
vt 0.316084 0.732438
vt 0.358779 0.745957
vt 0.360417 0.759878
vt 0.362008 0.780783
vt 0.353844 0.798814
vt 0.345805 0.813760
vt 0.277144 0.809618
vt 0.269382 0.809239
vt 0.269384 0.806582
vt 0.275107 0.806489
vt 0.279355 0.774248
vt 0.269978 0.773299
vt 0.285939 0.775059
vt 0.293810 0.774166
vt 0.303183 0.774131
vt 0.313118 0.773788
vt 0.319474 0.779262
vt 0.316807 0.788294
vt 0.310012 0.795957
vt 0.302954 0.803278
vt 0.292568 0.810382
vt 0.294499 0.806596
vt 0.386614 0.769683
vt 0.392235 0.753327
vt 0.408138 0.790389
vt 0.424746 0.784172
vt 0.411555 0.818028
vt 0.438580 0.830002
vt 0.409736 0.846446
vt 0.428486 0.847392
vt 0.386424 0.801215
vt 0.368941 0.810259
vt 0.370796 0.840374
vt 0.365571 0.869395
vt 0.364395 0.884877
vt 0.389147 0.844121
vt 0.383900 0.861326
vt 0.400761 0.867810
vt 0.277850 0.779271
vt 0.269961 0.778708
vt 0.285129 0.780302
vt 0.293381 0.780244
vt 0.301460 0.779392
vt 0.308627 0.780744
vt 0.316361 0.781132
vt 0.313333 0.786219
vt 0.307599 0.793440
vt 0.301117 0.799386
vt 0.295550 0.802221
vt 0.384519 0.728984
vt 0.352354 0.727731
vt 0.349519 0.711295
vt 0.381504 0.708361
vt 0.356320 0.908363
vt 0.375399 0.891244
vt 0.382090 0.898020
vt 0.371386 0.909600
vt 0.391744 0.898725
vt 0.375799 0.921631
vt 0.408416 0.873788
vt 0.421845 0.869858
vt 0.439710 0.856840
vt 0.432129 0.877967
vt 0.451689 0.861856
vt 0.446228 0.884668
vt 0.466488 0.878243
vt 0.455150 0.902398
vt 0.472000 0.900185
vt 0.449674 0.910712
vt 0.463925 0.915452
vt 0.352347 0.941210
vt 0.336951 0.936207
vt 0.345131 0.921138
vt 0.354693 0.933168
vt 0.378983 0.936680
vt 0.371756 0.930984
vt 0.327848 0.958057
vt 0.331039 0.949039
vt 0.349295 0.953375
vt 0.345412 0.964556
vt 0.371145 0.955534
vt 0.365096 0.971207
vt 0.303258 0.750054
vt 0.300854 0.745639
vt 0.293311 0.738030
vt 0.295565 0.743602
vt 0.291128 0.746997
vt 0.290381 0.751866
vt 0.292033 0.755652
vt 0.297070 0.756488
vt 0.301852 0.754672
vt 0.299162 0.748733
vt 0.298488 0.747998
vt 0.297153 0.747569
vt 0.295691 0.747723
vt 0.295559 0.748510
vt 0.296079 0.749274
vt 0.297121 0.749378
vt 0.298805 0.749433
vt 0.297127 0.748427
vt 0.296287 0.748299
vt 0.298290 0.748676
vt 0.413982 0.738328
vt 0.413188 0.723407
vt 0.437572 0.725076
vt 0.440660 0.755267
vt 0.411022 0.708130
vt 0.429169 0.704019
vt 0.387823 0.942994
vt 0.394525 0.945356
vt 0.398193 0.959371
vt 0.387507 0.958333
vt 0.381116 0.976210
vt 0.389197 0.978549
vt 0.385867 0.922281
vt 0.394690 0.905874
vt 0.395663 0.927922
vt 0.400824 0.910943
vt 0.420050 0.934103
vt 0.403240 0.933511
vt 0.405210 0.912350
vt 0.416617 0.910117
vt 0.429726 0.943611
vt 0.427934 0.918974
vt 0.443636 0.918472
vt 0.454402 0.929724
vt 0.429202 0.955712
vt 0.447980 0.948153
vt 0.354309 0.920878
vt 0.358387 0.923332
vt 0.365863 0.924756
vt 0.368972 0.918816
vt 0.364792 0.914972
vt 0.358005 0.915857
vt 0.418158 0.951834
vt 0.419802 0.943730
vt 0.414743 0.941988
vt 0.406644 0.942450
vt 0.402287 0.947459
vt 0.402504 0.953697
vt 0.413386 0.957235
vt 0.417816 0.963536
vt 0.405066 0.965812
vt 0.407995 0.957431
vt 0.397179 0.980643
vt 0.410018 0.948920
vt 0.421719 0.894224
vt 0.428398 0.898088
vt 0.427771 0.903981
vt 0.434171 0.894619
vt 0.431590 0.908091
vt 0.435709 0.909478
vt 0.440010 0.906170
vt 0.442885 0.899523
vt 0.439863 0.895467
vt 0.435073 0.902732
vt 0.412827 0.901415
vt 0.414858 0.896839
vt 0.415069 0.890915
vt 0.401083 0.887102
vt 0.402560 0.890125
vt 0.397361 0.898382
vt 0.408642 0.884116
vt 0.399060 0.902816
vt 0.403299 0.905136
vt 0.408619 0.904565
vt 0.413494 0.886285
vt 0.409044 0.895201
vt 0.390427 0.888238
vt 0.395490 0.884718
vt 0.399447 0.878522
vt 0.381025 0.885843
vt 0.386395 0.888922
vt 0.395491 0.872767
vt 0.370606 0.877709
vt 0.384495 0.865823
vt 0.387534 0.873004
vt 0.382009 0.878209
vt 0.390136 0.880264
vt 0.462852 0.946847
vt 0.467839 0.937384
vt 0.473874 0.955306
vt 0.485062 0.941175
vt 0.479036 0.966379
vt 0.488005 0.962125
vt 0.461559 0.968562
vt 0.466460 0.974616
vt 0.456805 0.981036
vt 0.453228 0.976827
vt 0.453948 0.963762
vt 0.445607 0.962683
vt 0.421097 0.976400
vt 0.418159 0.986123
vt 0.436646 0.966049
vt 0.426974 0.971120
vt 0.451454 0.972831
vt 0.446496 0.970164
vt 0.432706 0.980030
vt 0.430648 0.987107
vt 0.439096 0.971278
vt 0.433874 0.974268
vt 0.450732 0.984774
vt 0.448126 0.978819
vt 0.441194 0.981038
vt 0.441822 0.986645
vt 0.278718 0.801321
vt 0.280752 0.805299
vt 0.288608 0.801264
vt 0.291743 0.797131
vt 0.276236 0.788745
vt 0.269950 0.787349
vt 0.287085 0.789517
vt 0.294895 0.787451
vt 0.303358 0.784855
vt 0.308376 0.782858
vt 0.312342 0.782469
vt 0.308032 0.786013
vt 0.303575 0.789970
vt 0.297582 0.793493
vt 0.287032 0.807330
vt 0.282414 0.806968
vt 0.269427 0.799558
vt 0.455332 0.720410
vt 0.448647 0.695222
vt 0.464122 0.682756
vt 0.474518 0.710841
vt 0.464958 0.753072
vt 0.488215 0.746954
vt 0.501861 0.959749
vt 0.501177 0.918444
vt 0.519802 0.911658
vt 0.509818 0.958829
vt 0.490932 0.784190
vt 0.465510 0.815249
vt 0.485039 0.865187
vt 0.513866 0.864863
vt 0.903437 0.726447
vt 0.902042 0.744481
vt 0.883938 0.743437
vt 0.887294 0.726394
vt 0.876344 0.697375
vt 0.877675 0.676846
vt 0.894807 0.671668
vt 0.891278 0.695019
vt 0.860454 0.693028
vt 0.863867 0.677721
vt 0.840171 0.680286
vt 0.843861 0.666970
vt 0.820511 0.673038
vt 0.826693 0.654600
vt 0.807948 0.667981
vt 0.798218 0.651493
vt 0.928583 0.693210
vt 0.935976 0.668321
vt 0.948593 0.680879
vt 0.945054 0.698765
vt 0.919221 0.744770
vt 0.917924 0.728828
vt 0.934276 0.735354
vt 0.932044 0.744478
vt 0.807906 0.721836
vt 0.809544 0.711594
vt 0.824265 0.714030
vt 0.823038 0.726985
vt 0.842627 0.719715
vt 0.841470 0.732350
vt 0.857740 0.720389
vt 0.855814 0.736003
vt 0.870625 0.726649
vt 0.869183 0.739772
vt 0.916234 0.667167
vt 0.910959 0.692222
vt 0.899843 0.802640
vt 0.917524 0.804161
vt 0.916312 0.836880
vt 0.898175 0.840715
vt 0.929794 0.799402
vt 0.928493 0.829265
vt 0.792334 0.776557
vt 0.811782 0.780115
vt 0.806590 0.816896
vt 0.783777 0.805675
vt 0.828229 0.783651
vt 0.825469 0.824467
vt 0.849125 0.793953
vt 0.845445 0.833956
vt 0.866074 0.797854
vt 0.862985 0.836925
vt 0.881810 0.800743
vt 0.878593 0.838691
vt 0.885963 0.747238
vt 0.903412 0.750260
vt 0.901953 0.773236
vt 0.884764 0.770083
vt 0.868562 0.743220
vt 0.866860 0.767092
vt 0.854820 0.739277
vt 0.852255 0.763677
vt 0.841359 0.736379
vt 0.834925 0.756124
vt 0.823801 0.730661
vt 0.815827 0.750956
vt 0.805511 0.724791
vt 0.799413 0.749076
vt 0.917716 0.750541
vt 0.932056 0.748433
vt 0.931694 0.771639
vt 0.915459 0.776245
vt 0.554270 0.459655
vt 0.543763 0.456256
vt 0.543797 0.437993
vt 0.561346 0.440811
vt 0.543832 0.424384
vt 0.564603 0.420667
vt 0.543870 0.407131
vt 0.566284 0.406133
vt 0.587749 0.405377
vt 0.587021 0.423347
vt 0.616950 0.411562
vt 0.603763 0.425110
vt 0.633799 0.426685
vt 0.627387 0.452595
vt 0.948025 0.636234
vt 0.949982 0.660184
vt 0.935891 0.660886
vt 0.936786 0.641263
vt 0.916437 0.658125
vt 0.918869 0.637880
vt 0.895421 0.665941
vt 0.898406 0.638212
vt 0.877892 0.672853
vt 0.878915 0.642853
vt 0.861942 0.667052
vt 0.866366 0.644476
vt 0.845084 0.660482
vt 0.850080 0.640629
vt 0.827649 0.648514
vt 0.836445 0.629492
vt 0.811212 0.627948
vt 0.832381 0.605952
vt 0.635692 0.381064
vt 0.649098 0.401884
vt 0.114049 0.348483
vt 0.112511 0.341647
vt 0.120234 0.338293
vt 0.123707 0.347436
vt 0.150396 0.335595
vt 0.151260 0.331514
vt 0.174130 0.330606
vt 0.176096 0.339232
vt 0.202961 0.347496
vt 0.204248 0.336714
vt 0.213065 0.342315
vt 0.213065 0.347499
vt 0.098555 0.400604
vt 0.068234 0.364753
vt 0.094705 0.336436
vt 0.102587 0.373087
vt 0.665439 0.374009
vt 0.666765 0.401175
vt 0.800943 0.639337
vt 0.779469 0.648424
vt 0.911467 0.621146
vt 0.933128 0.609408
vt 0.891865 0.605231
vt 0.894867 0.612037
vt 0.880621 0.614244
vt 0.864235 0.607092
vt 0.867140 0.630530
vt 0.848432 0.600646
vt 0.895832 0.629331
vt 0.903593 0.623237
vt 0.904922 0.631385
vt 0.899086 0.632439
vt 0.880491 0.633016
vt 0.892089 0.633886
vt 0.572971 0.384187
vt 0.594771 0.366092
vt 0.543915 0.381648
vt 0.643208 0.451967
vt 0.643172 0.485961
vt 0.613287 0.467084
vt 0.597444 0.447155
vt 0.581888 0.443409
vt 0.564392 0.469909
vt 0.567049 0.484473
vt 0.582409 0.465052
vt 0.584456 0.492660
vt 0.583891 0.488005
vt 0.588428 0.483416
vt 0.589661 0.491913
vt 0.595837 0.479062
vt 0.597705 0.488168
vt 0.172360 0.643015
vt 0.159046 0.642886
vt 0.147995 0.624098
vt 0.173938 0.624230
vt 0.213062 0.667114
vt 0.197404 0.656576
vt 0.199015 0.642850
vt 0.213063 0.643545
vt 0.135519 0.602435
vt 0.116722 0.640395
vt 0.116580 0.615093
vt 0.171457 0.595403
vt 0.206602 0.605195
vt 0.200009 0.598738
vt 0.213063 0.598755
vt 0.576349 0.485762
vt 0.578349 0.506183
vt 0.566776 0.518118
vt 0.607986 0.483927
vt 0.602758 0.472352
vt 0.590044 0.472789
vt 0.603403 0.503595
vt 0.606838 0.524177
vt 0.608078 0.500551
vt 0.613701 0.494364
vt 0.625857 0.502878
vt 0.619307 0.512364
vt 0.196985 0.589215
vt 0.213063 0.586691
vt 0.159039 0.584570
vt 0.139122 0.578476
vt 0.153416 0.569351
vt 0.163940 0.579907
vt 0.154693 0.554181
vt 0.130261 0.569369
vt 0.122318 0.534241
vt 0.140246 0.538937
vt 0.213063 0.607553
vt 0.213063 0.628599
vt 0.191749 0.620479
vt 0.183241 0.592515
vt 0.189148 0.580503
vt 0.213063 0.575468
vt 0.193527 0.560747
vt 0.213063 0.560628
vt 0.187026 0.667485
vt 0.161500 0.682765
vt 0.155949 0.589697
vt 0.146689 0.591160
vt 0.113873 0.575296
vt 0.213062 0.673959
vt 0.176316 0.556076
vt 0.185950 0.550932
vt 0.173516 0.534825
vt 0.183696 0.537478
vt 0.183009 0.520110
vt 0.191501 0.529940
vt 0.206195 0.525512
vt 0.198630 0.516126
vt 0.213063 0.515544
vt 0.213063 0.524437
vt 0.213063 0.529313
vt 0.208384 0.530235
vt 0.202247 0.533922
vt 0.197758 0.541178
vt 0.199139 0.548315
vt 0.205169 0.555090
vt 0.213063 0.558862
vt 0.213063 0.535525
vt 0.210215 0.535113
vt 0.206151 0.536617
vt 0.203032 0.541137
vt 0.204539 0.547003
vt 0.209628 0.551203
vt 0.213063 0.552165
vt 0.207395 0.543302
vt 0.213063 0.543931
vt 0.168912 0.571855
vt 0.162863 0.567669
vt 0.163997 0.560346
vt 0.175776 0.569779
vt 0.167055 0.555907
vt 0.173722 0.562622
vt 0.197744 0.504462
vt 0.213063 0.505762
vt 0.188652 0.500356
vt 0.213064 0.495073
vt 0.206478 0.489487
vt 0.194582 0.491794
vt 0.191758 0.484978
vt 0.207231 0.482616
vt 0.135079 0.504106
vt 0.146054 0.525966
vt 0.158782 0.504037
vt 0.158197 0.525090
vt 0.171977 0.501208
vt 0.182737 0.491228
vt 0.090411 0.600588
vt 0.089112 0.630359
vt 0.070221 0.586611
vt 0.071317 0.622841
vt 0.058384 0.557064
vt 0.035827 0.598222
vt 0.903262 0.606535
vt 0.913056 0.602363
vt 0.093754 0.569504
vt 0.074858 0.554867
vt 0.068556 0.533503
vt 0.054429 0.533681
vt 0.074432 0.513560
vt 0.060858 0.509047
vt 0.095762 0.538592
vt 0.103168 0.501323
vt 0.090877 0.489057
vt 0.125625 0.479249
vt 0.150356 0.487701
vt 0.166467 0.484237
vt 0.179498 0.472723
vt 0.191078 0.476271
vt 0.213064 0.481986
vt 0.200133 0.475387
vt 0.213064 0.473962
vt 0.208600 0.473035
vt 0.200200 0.467882
vt 0.179317 0.455186
vt 0.187998 0.465838
vt 0.156696 0.470395
vt 0.169673 0.460145
vt 0.146835 0.449937
vt 0.172129 0.447033
vt 0.185083 0.452393
vt 0.197781 0.470827
vt 0.196976 0.472996
vt 0.194117 0.472679
vt 0.193489 0.470698
vt 0.213064 0.467797
vt 0.209952 0.467540
vt 0.209931 0.465594
vt 0.213064 0.465954
vt 0.213064 0.456732
vt 0.201162 0.459800
vt 0.203689 0.443373
vt 0.213064 0.443994
vt 0.200736 0.466141
vt 0.194532 0.443165
vt 0.882403 0.622898
vt 0.893634 0.617609
vt 0.872769 0.629153
vt 0.880920 0.627911
vt 0.100108 0.464962
vt 0.073594 0.455037
vt 0.128852 0.460619
vt 0.196291 0.433893
vt 0.205434 0.434578
vt 0.213064 0.436177
vt 0.206056 0.424584
vt 0.194590 0.423993
vt 0.191387 0.415738
vt 0.202254 0.405586
vt 0.213064 0.423980
vt 0.213064 0.405699
vt 0.180914 0.435169
vt 0.093500 0.428883
vt 0.122261 0.406613
vt 0.142137 0.447281
vt 0.164782 0.422337
vt 0.169326 0.438710
vt 0.198688 0.381305
vt 0.213065 0.381299
vt 0.197042 0.363247
vt 0.213065 0.360502
vt 0.213065 0.352253
vt 0.189605 0.351096
vt 0.176500 0.374760
vt 0.170704 0.374881
vt 0.181939 0.383665
vt 0.182684 0.390710
vt 0.152602 0.384256
vt 0.156941 0.393541
vt 0.168257 0.398598
vt 0.179735 0.396076
vt 0.138379 0.356465
vt 0.160710 0.379617
vt 0.168424 0.386942
vt 0.138463 0.322722
vt 0.193349 0.324059
vt 0.213065 0.328215
vt 0.140315 0.297062
vt 0.188541 0.298193
vt 0.213065 0.301251
vt 0.103700 0.310567
vt 0.598214 0.347385
vt 0.631008 0.353050
vt 0.559293 0.360686
vt 0.543941 0.361097
vt 0.663811 0.352340
vt 0.543947 0.356241
vt 0.557997 0.353100
vt 0.543987 0.301079
vt 0.558570 0.302727
vt 0.555687 0.306087
vt 0.543985 0.305699
vt 0.566859 0.312152
vt 0.563139 0.313739
vt 0.570276 0.326211
vt 0.565239 0.326574
vt 0.567796 0.344052
vt 0.562250 0.340172
vt 0.553857 0.346835
vt 0.543955 0.347923
vt 0.552845 0.311297
vt 0.543982 0.310388
vt 0.557902 0.315792
vt 0.561272 0.325987
vt 0.558524 0.337731
vt 0.552783 0.341351
vt 0.543959 0.343319
vt 0.550911 0.316596
vt 0.543977 0.317901
vt 0.553565 0.320301
vt 0.553824 0.325846
vt 0.552767 0.331284
vt 0.548752 0.334336
vt 0.543965 0.336109
vt 0.543971 0.327343
vt 0.546020 0.327224
vt 0.139855 0.280223
vt 0.189053 0.280292
vt 0.213065 0.278665
vt 0.108807 0.280143
vt 0.599641 0.325111
vt 0.628704 0.332382
vt 0.651720 0.332693
vt 0.163122 0.259603
vt 0.193963 0.263362
vt 0.213066 0.262986
vt 0.125173 0.260617
vt 0.600722 0.306136
vt 0.633725 0.309090
vt 0.656157 0.315304
vt 0.587679 0.282843
vt 0.607579 0.291837
vt 0.161780 0.240976
vt 0.179527 0.236410
vt 0.213066 0.241254
vt 0.133077 0.240819
vt 0.638201 0.300270
vt 0.664260 0.300642
vt 0.544001 0.269782
vt 0.571832 0.267175
vt 0.544008 0.245424
vt 0.565682 0.245946
vt 0.544015 0.216203
vt 0.553404 0.219902
vt 0.213066 0.211326
vt 0.186315 0.215997
vt 0.194259 0.174583
vt 0.213067 0.165919
vt 0.213067 0.152235
vt 0.207302 0.151991
vt 0.544019 0.189443
vt 0.549064 0.186797
vt 0.606294 0.187915
vt 0.590224 0.175476
vt 0.605576 0.137488
vt 0.620056 0.152138
vt 0.191897 0.098905
vt 0.178328 0.119473
vt 0.166095 0.097967
vt 0.197495 0.082359
vt 0.166576 0.135287
vt 0.149956 0.101484
vt 0.149311 0.146863
vt 0.139426 0.105628
vt 0.616319 0.195770
vt 0.631030 0.157572
vt 0.622894 0.202230
vt 0.637097 0.167639
vt 0.640024 0.214742
vt 0.631064 0.210329
vt 0.646037 0.173868
vt 0.653131 0.175275
vt 0.130213 0.151162
vt 0.125309 0.108674
vt 0.107138 0.145566
vt 0.098230 0.116844
vt 0.651775 0.220539
vt 0.662200 0.180151
vt 0.664095 0.226974
vt 0.670347 0.180015
vt 0.592499 0.238933
vt 0.603031 0.250827
vt 0.608045 0.219821
vt 0.619193 0.227939
vt 0.637598 0.270268
vt 0.659121 0.277543
vt 0.644404 0.245107
vt 0.661305 0.254078
vt 0.617488 0.259361
vt 0.631253 0.236036
vt 0.120685 0.211622
vt 0.148090 0.213128
vt 0.111329 0.180867
vt 0.138657 0.183626
vt 0.168495 0.208718
vt 0.154687 0.172766
vt 0.587012 0.225148
vt 0.602007 0.207902
vt 0.577432 0.207536
vt 0.590535 0.197129
vt 0.179864 0.194154
vt 0.171574 0.152115
vt 0.188123 0.159451
vt 0.181845 0.139304
vt 0.204242 0.131455
vt 0.195410 0.118480
vt 0.565092 0.189523
vt 0.574998 0.181368
vt 0.630731 0.042027
vt 0.640961 0.014503
vt 0.650911 0.019270
vt 0.641795 0.044991
vt 0.158142 0.043752
vt 0.149333 0.024377
vt 0.157743 0.020360
vt 0.167028 0.038947
vt 0.144754 0.050193
vt 0.138482 0.029157
vt 0.132120 0.054510
vt 0.132636 0.030261
vt 0.651796 0.048993
vt 0.660947 0.029659
vt 0.662702 0.055289
vt 0.668891 0.034003
vt 0.680604 0.061851
vt 0.674203 0.060786
vt 0.683964 0.036200
vt 0.688953 0.040481
vt 0.121918 0.055108
vt 0.123327 0.033000
vt 0.109547 0.054531
vt 0.112101 0.034452
vt 0.692404 0.063169
vt 0.697278 0.045194
vt 0.701032 0.070443
vt 0.705426 0.047921
vt 0.646157 0.111169
vt 0.653766 0.084454
vt 0.666924 0.088647
vt 0.657545 0.117966
vt 0.686949 0.132949
vt 0.677897 0.122237
vt 0.687594 0.089511
vt 0.696072 0.098243
vt 0.667654 0.120324
vt 0.677439 0.088772
vt 0.118621 0.099025
vt 0.103842 0.095278
vt 0.106131 0.074957
vt 0.119012 0.076549
vt 0.138717 0.094601
vt 0.134373 0.073022
vt 0.636384 0.106725
vt 0.641905 0.081222
vt 0.627745 0.103219
vt 0.634358 0.073555
vt 0.148294 0.073025
vt 0.155448 0.087990
vt 0.164413 0.067122
vt 0.167855 0.084969
vt 0.179976 0.059463
vt 0.188249 0.075241
vt 0.607863 0.106845
vt 0.619848 0.071808
vt 0.805681 0.979055
vt 0.810587 0.977098
vt 0.812448 0.986725
vt 0.811589 0.993130
vt 0.817730 0.976585
vt 0.825007 0.978130
vt 0.822253 0.985975
vt 0.817134 0.986391
vt 0.940980 0.960802
vt 0.945319 0.955582
vt 0.951261 0.962020
vt 0.949860 0.967409
vt 0.948169 0.951816
vt 0.952323 0.948916
vt 0.956514 0.958692
vt 0.953970 0.960206
vt 0.818470 0.994999
vt 0.824060 0.990350
vt 0.960294 0.959771
vt 0.956517 0.965907
vt 0.828989 0.978661
vt 0.956423 0.945903
vt 0.935531 0.919608
vt 0.940845 0.912360
vt 0.945615 0.920823
vt 0.940411 0.928727
vt 0.828543 0.936508
vt 0.835738 0.942521
vt 0.833544 0.953276
vt 0.826584 0.944855
vt 0.807465 0.934666
vt 0.817949 0.933565
vt 0.818305 0.945313
vt 0.808267 0.945386
vt 0.926101 0.930593
vt 0.930036 0.925528
vt 0.935915 0.934201
vt 0.933102 0.939037
vt 0.920173 0.937102
vt 0.926640 0.942988
vt 0.799573 0.938985
vt 0.801509 0.949839
vt 0.947364 0.925367
vt 0.942198 0.932333
vt 0.832946 0.956755
vt 0.827319 0.948125
vt 0.817911 0.949035
vt 0.808242 0.948681
vt 0.938160 0.937312
vt 0.934971 0.941825
vt 0.928614 0.945459
vt 0.801904 0.955033
vt 0.944693 0.936312
vt 0.949216 0.930226
vt 0.952115 0.937045
vt 0.948176 0.941953
vt 0.826410 0.957227
vt 0.831655 0.961575
vt 0.830519 0.968928
vt 0.825826 0.970291
vt 0.809007 0.956721
vt 0.817684 0.957200
vt 0.817320 0.968519
vt 0.810135 0.968895
vt 0.937317 0.945138
vt 0.940691 0.940793
vt 0.944088 0.946126
vt 0.940865 0.949871
vt 0.930984 0.949693
vt 0.935208 0.954910
vt 0.802577 0.960577
vt 0.803806 0.968586
vt 0.797147 0.927649
vt 0.805546 0.920419
vt 0.817251 0.915302
vt 0.831161 0.921607
vt 0.913185 0.937805
vt 0.916870 0.921431
vt 0.924712 0.914580
vt 0.931316 0.908840
vt 0.835796 0.933201
vt 0.937119 0.902634
vt 0.854071 0.975408
vt 0.857989 0.969642
vt 0.863015 0.976922
vt 0.861594 0.981541
vt 0.864186 0.967505
vt 0.868865 0.964881
vt 0.869338 0.972182
vt 0.865731 0.975603
vt 0.873861 0.964480
vt 0.877973 0.966151
vt 0.877619 0.973068
vt 0.873573 0.972950
vt 0.882088 0.968600
vt 0.887311 0.970159
vt 0.883524 0.976711
vt 0.879929 0.976122
vt 0.868096 0.980842
vt 0.884610 0.980710
vt 0.878236 0.981293
vt 0.890756 0.972968
vt 0.894108 0.941600
vt 0.901274 0.942895
vt 0.898602 0.946621
vt 0.891757 0.948373
vt 0.866607 0.925225
vt 0.872655 0.927928
vt 0.874415 0.940841
vt 0.869837 0.938855
vt 0.849129 0.932812
vt 0.857417 0.927862
vt 0.859642 0.941469
vt 0.852141 0.941837
vt 0.879044 0.935738
vt 0.886347 0.938766
vt 0.885616 0.947260
vt 0.879710 0.946239
vt 0.842709 0.944567
vt 0.843401 0.949646
vt 0.896362 0.951838
vt 0.891169 0.951991
vt 0.874129 0.944913
vt 0.869100 0.942533
vt 0.859897 0.943448
vt 0.851496 0.947971
vt 0.884824 0.951456
vt 0.879133 0.949675
vt 0.844114 0.955489
vt 0.890771 0.955985
vt 0.895948 0.956788
vt 0.894311 0.964813
vt 0.889928 0.963471
vt 0.869943 0.948556
vt 0.874071 0.949794
vt 0.873600 0.957969
vt 0.869369 0.957843
vt 0.853175 0.953525
vt 0.860788 0.949635
vt 0.861891 0.959509
vt 0.855557 0.962178
vt 0.878967 0.953387
vt 0.884480 0.954815
vt 0.883864 0.960470
vt 0.878451 0.959974
vt 0.846233 0.960031
vt 0.849921 0.967312
vt 0.839560 0.935208
vt 0.841816 0.919265
vt 0.854783 0.913622
vt 0.866721 0.913316
vt 0.873824 0.914754
vt 0.882906 0.917227
vt 0.889789 0.924010
vt 0.900062 0.926804
vt 0.908023 0.937817
vt 0.889327 0.965218
vt 0.893533 0.966875
vt 0.869786 0.959925
vt 0.873600 0.959572
vt 0.856322 0.964322
vt 0.862481 0.962147
vt 0.878295 0.961564
vt 0.883425 0.962503
vt 0.850708 0.969315
vt 0.953696 0.940458
vt 0.950077 0.944597
vt 0.829950 0.972322
vt 0.825678 0.973531
vt 0.817272 0.972307
vt 0.810349 0.972069
vt 0.945985 0.948374
vt 0.942509 0.952020
vt 0.937266 0.957207
vt 0.804493 0.972597
vt 0.754997 0.862527
vt 0.760562 0.869376
vt 0.754444 0.873266
vt 0.749387 0.866253
vt 0.763644 0.880583
vt 0.767389 0.892435
vt 0.761779 0.895259
vt 0.757560 0.884771
vt 0.957063 0.890087
vt 0.959282 0.884485
vt 0.963143 0.887809
vt 0.960616 0.891986
vt 0.964335 0.876810
vt 0.967855 0.872229
vt 0.970835 0.876157
vt 0.966463 0.880370
vt 0.977066 0.891042
vt 0.981488 0.887128
vt 0.986546 0.897447
vt 0.985041 0.900431
vt 0.727465 0.901700
vt 0.730491 0.897069
vt 0.732799 0.903216
vt 0.731424 0.906488
vt 0.972129 0.901917
vt 0.972646 0.897502
vt 0.983109 0.902764
vt 0.983055 0.905294
vt 0.740515 0.891596
vt 0.744557 0.898742
vt 0.735471 0.877412
vt 0.739460 0.883954
vt 0.730187 0.891780
vt 0.726414 0.891834
vt 0.751743 0.875404
vt 0.746983 0.868427
vt 0.758269 0.896288
vt 0.755716 0.884545
vt 0.965189 0.889873
vt 0.962747 0.894111
vt 0.973140 0.878280
vt 0.969085 0.884341
vt 0.953651 0.866617
vt 0.962061 0.861856
vt 0.947231 0.882443
vt 0.948830 0.876339
vt 0.780414 0.867147
vt 0.781631 0.882930
vt 0.767401 0.853869
vt 0.774649 0.859323
vt 0.745700 0.879529
vt 0.742101 0.871553
vt 0.751681 0.895170
vt 0.748705 0.886159
vt 0.967329 0.892060
vt 0.966093 0.897409
vt 0.976840 0.882006
vt 0.971745 0.887056
vt 0.759263 0.904914
vt 0.754293 0.905394
vt 0.977024 0.873121
vt 0.980085 0.877295
vt 0.963686 0.855881
vt 0.972094 0.866053
vt 0.780895 0.906152
vt 0.766770 0.904412
vt 0.762390 0.904904
vt 0.975218 0.871054
vt 0.984988 0.882921
vt 0.990491 0.896233
vt 0.745767 0.906451
vt 0.987966 0.904474
vt 0.850921 0.437398
vt 0.838279 0.437274
vt 0.837899 0.423479
vt 0.846521 0.428397
vt 0.889471 0.434124
vt 0.883813 0.440155
vt 0.879253 0.434602
vt 0.885992 0.426136
vt 0.900553 0.439050
vt 0.905782 0.429259
vt 0.909735 0.429039
vt 0.908222 0.439637
vt 0.901710 0.421780
vt 0.898171 0.415950
vt 0.903188 0.414605
vt 0.906291 0.419560
vt 0.911083 0.475620
vt 0.909923 0.487157
vt 0.900863 0.491200
vt 0.903170 0.474318
vt 0.866986 0.460246
vt 0.861809 0.478863
vt 0.842488 0.467708
vt 0.861963 0.453119
vt 0.914266 0.437912
vt 0.913418 0.451478
vt 0.905613 0.451559
vt 0.897678 0.454444
vt 0.898331 0.449544
vt 0.905549 0.456504
vt 0.881928 0.417716
vt 0.870393 0.424289
vt 0.864163 0.414555
vt 0.878390 0.410732
vt 0.895225 0.469728
vt 0.903298 0.471274
vt 0.880416 0.443883
vt 0.876283 0.437462
vt 0.913483 0.456677
vt 0.865695 0.428478
vt 0.858954 0.418227
vt 0.891475 0.413977
vt 0.889414 0.409364
vt 0.914203 0.426640
vt 0.896941 0.423506
vt 0.893516 0.419366
vt 0.889896 0.492184
vt 0.894551 0.473738
vt 0.872972 0.457723
vt 0.865492 0.449358
vt 0.911397 0.472650
vt 0.854032 0.435651
vt 0.848720 0.427236
vt 0.920802 0.470417
vt 0.920724 0.472702
vt 0.883309 0.466602
vt 0.881707 0.472374
vt 0.901250 0.429993
vt 0.895341 0.439101
vt 0.919923 0.426057
vt 0.920811 0.437024
vt 0.918992 0.451170
vt 0.919865 0.457245
vt 0.889274 0.447139
vt 0.887312 0.450852
vt 0.881591 0.491268
vt 0.918378 0.482709
vt 0.904978 0.427311
vt 0.907648 0.424373
vt 0.769593 0.471079
vt 0.782360 0.502041
vt 0.754696 0.502417
vt 0.753468 0.491924
vt 0.757181 0.430335
vt 0.763701 0.436668
vt 0.757163 0.445232
vt 0.749292 0.434960
vt 0.767612 0.417214
vt 0.752801 0.410086
vt 0.756763 0.403741
vt 0.774408 0.408044
vt 0.740696 0.414885
vt 0.736015 0.421226
vt 0.732404 0.414660
vt 0.735843 0.409984
vt 0.933307 0.475951
vt 0.929037 0.490316
vt 0.922846 0.487730
vt 0.926113 0.476677
vt 0.788200 0.461146
vt 0.813645 0.481734
vt 0.802743 0.494570
vt 0.779762 0.467116
vt 0.942414 0.435122
vt 0.940754 0.446307
vt 0.934607 0.446448
vt 0.937948 0.435460
vt 0.782931 0.425444
vt 0.778548 0.422602
vt 0.786016 0.410286
vt 0.790022 0.412974
vt 0.743881 0.439985
vt 0.749295 0.451035
vt 0.740453 0.457107
vt 0.737536 0.445712
vt 0.735849 0.427501
vt 0.729380 0.431708
vt 0.946953 0.418546
vt 0.942672 0.418316
vt 0.745720 0.420566
vt 0.740903 0.424267
vt 0.803978 0.425777
vt 0.817405 0.419491
vt 0.768019 0.441928
vt 0.762401 0.448940
vt 0.940242 0.449200
vt 0.933223 0.450651
vt 0.752088 0.454493
vt 0.743672 0.460105
vt 0.829539 0.438429
vt 0.808773 0.426322
vt 0.820323 0.420541
vt 0.830968 0.420183
vt 0.779672 0.452388
vt 0.774144 0.460103
vt 0.933908 0.474604
vt 0.926429 0.473971
vt 0.767831 0.466197
vt 0.751452 0.489322
vt 0.775047 0.435773
vt 0.787332 0.445893
vt 0.946364 0.450561
vt 0.941172 0.476942
vt 0.940975 0.479393
vt 0.795233 0.452410
vt 0.946741 0.446577
vt 0.770437 0.431292
vt 0.750180 0.415008
vt 0.760804 0.423256
vt 0.952490 0.420258
vt 0.950067 0.435837
vt 0.831812 0.468593
vt 0.938054 0.491529
vt 0.746385 0.411073
vt 0.739758 0.408216
vt 0.791731 0.567569
vt 0.809105 0.560127
vt 0.815036 0.571912
vt 0.798085 0.577265
vt 0.741789 0.557335
vt 0.733280 0.567933
vt 0.729380 0.563376
vt 0.734303 0.553744
vt 0.742281 0.581001
vt 0.746906 0.585867
vt 0.743657 0.589415
vt 0.736252 0.587371
vt 0.955971 0.484450
vt 0.945286 0.499237
vt 0.940614 0.494090
vt 0.949324 0.481752
vt 0.786312 0.541936
vt 0.798424 0.535117
vt 0.802915 0.548514
vt 0.790765 0.554792
vt 0.747304 0.577248
vt 0.757330 0.565922
vt 0.760345 0.573186
vt 0.751307 0.579864
vt 0.975702 0.441249
vt 0.970372 0.453048
vt 0.965930 0.449722
vt 0.971779 0.439438
vt 0.744174 0.550034
vt 0.738673 0.549146
vt 0.752493 0.587171
vt 0.759621 0.581415
vt 0.764017 0.587867
vt 0.755376 0.590892
vt 0.743572 0.545293
vt 0.741176 0.546479
vt 0.760296 0.563070
vt 0.764887 0.568867
vt 0.967012 0.458114
vt 0.961868 0.455331
vt 0.766974 0.577156
vt 0.769472 0.585228
vt 0.762087 0.527652
vt 0.751220 0.523431
vt 0.769238 0.555207
vt 0.773981 0.563476
vt 0.965023 0.461608
vt 0.960236 0.458897
vt 0.770306 0.575572
vt 0.772484 0.584365
vt 0.764323 0.525543
vt 0.753737 0.522060
vt 0.779261 0.546563
vt 0.785560 0.558850
vt 0.956721 0.482916
vt 0.950872 0.479789
vt 0.787225 0.569685
vt 0.794838 0.577560
vt 0.767397 0.507833
vt 0.752576 0.507063
vt 0.963592 0.487376
vt 0.961477 0.489599
vt 0.771538 0.536610
vt 0.777329 0.530474
vt 0.972201 0.466096
vt 0.762691 0.548794
vt 0.973938 0.463240
vt 0.754868 0.557342
vt 0.976684 0.456989
vt 0.750120 0.561523
vt 0.981157 0.447623
vt 0.739173 0.572566
vt 0.789599 0.513018
vt 0.950893 0.503955
vt 0.734718 0.578585
vt 0.733529 0.584463
vt 0.867280 0.548271
vt 0.875160 0.545798
vt 0.877834 0.549949
vt 0.872478 0.553238
vt 0.878353 0.537803
vt 0.882615 0.544380
vt 0.915071 0.557542
vt 0.909038 0.568420
vt 0.907232 0.568114
vt 0.911673 0.556840
vt 0.905757 0.571112
vt 0.902584 0.570104
vt 0.904627 0.568843
vt 0.905859 0.568739
vt 0.900261 0.556676
vt 0.895682 0.546492
vt 0.903168 0.542605
vt 0.902486 0.556301
vt 0.906893 0.557743
vt 0.891671 0.561722
vt 0.899430 0.570315
vt 0.897224 0.571526
vt 0.886455 0.566015
vt 0.883750 0.555107
vt 0.876833 0.561736
vt 0.909073 0.543994
vt 0.923416 0.548054
vt 0.918415 0.544176
vt 0.884992 0.570052
vt 0.872433 0.566754
vt 0.900763 0.568908
vt 0.893883 0.558962
vt 0.888691 0.551566
vt 0.901453 0.572885
vt 0.897240 0.573062
vt 0.838145 0.468637
vt 0.835593 0.437899
vt 0.834792 0.422917
vt 0.792790 0.505661
vt 0.775424 0.506356
vt 0.753587 0.504865
vt 0.807301 0.527757
vt 0.795820 0.513980
vt 0.860316 0.493044
vt 0.846074 0.481830
vt 0.843460 0.482428
vt 0.839996 0.493999
vt 0.871697 0.519873
vt 0.868056 0.511611
vt 0.880684 0.501717
vt 0.884611 0.517121
vt 0.876171 0.529353
vt 0.886794 0.529741
vt 0.831252 0.538597
vt 0.844144 0.543980
vt 0.843056 0.551701
vt 0.823631 0.548866
vt 0.852600 0.545814
vt 0.851915 0.553862
vt 0.862428 0.548012
vt 0.863188 0.556858
vt 0.861278 0.503445
vt 0.844041 0.505912
vt 0.798761 0.508385
vt 0.829378 0.500170
vt 0.835708 0.509351
vt 0.833553 0.516969
vt 0.821791 0.510893
vt 0.844853 0.509146
vt 0.815517 0.540282
vt 0.880556 0.552343
vt 0.885426 0.547564
vt 0.874372 0.557182
vt 0.893880 0.528377
vt 0.892664 0.537076
vt 0.891215 0.501971
vt 0.892591 0.514978
vt 0.902969 0.523671
vt 0.903604 0.512407
vt 0.910333 0.515999
vt 0.916685 0.522031
vt 0.902995 0.501239
vt 0.891719 0.543082
vt 0.838037 0.561026
vt 0.823735 0.563103
vt 0.849452 0.562831
vt 0.862640 0.564229
vt 0.952334 0.516190
vt 0.947662 0.528664
vt 0.943533 0.521629
vt 0.945232 0.514385
vt 0.940704 0.535927
vt 0.934386 0.528383
vt 0.931387 0.543003
vt 0.926289 0.535066
vt 0.926045 0.497057
vt 0.921132 0.494627
vt 0.934443 0.498678
vt 0.939012 0.492995
vt 0.939824 0.498832
vt 0.920318 0.484551
vt 0.913838 0.492493
vt 0.935362 0.513246
vt 0.927689 0.513509
vt 0.920364 0.512646
vt 0.911191 0.507352
vt 0.649906 0.148265
vt 0.658925 0.150984
vt 0.668312 0.154031
vt 0.678374 0.155904
vt 0.102461 0.107507
vt 0.121484 0.104159
vt 0.138925 0.100354
vt 0.153419 0.095518
vt 0.167912 0.092041
vt 0.193121 0.079429
vt 0.606271 0.122927
vt 0.624342 0.123246
vt 0.632535 0.133204
vt 0.638971 0.139687
vt 0.835678 0.918385
vt 0.836893 0.931846
vt 0.911774 0.938051
vt 0.906581 0.918148
vt 0.900716 0.860653
vt 0.928839 0.851015
vt 0.933815 0.873654
vt 0.903392 0.876665
vt 0.879395 0.859631
vt 0.880607 0.876767
vt 0.866565 0.907858
vt 0.874893 0.910067
vt 0.886408 0.914016
vt 0.893620 0.916125
vt 0.850929 0.908283
vt 0.929833 0.902588
vt 0.935462 0.899046
vt 0.799886 0.918871
vt 0.817106 0.911525
vt 0.919723 0.909163
vt 0.794537 0.925222
vt 0.890918 0.893217
vt 0.903442 0.888324
vt 0.904835 0.904084
vt 0.889287 0.904820
vt 0.915425 0.888948
vt 0.916417 0.900491
vt 0.925574 0.895730
vt 0.882506 0.904927
vt 0.801676 0.852090
vt 0.828726 0.853502
vt 0.830015 0.877415
vt 0.789156 0.892351
vt 0.856018 0.855121
vt 0.861601 0.879158
vt 0.834676 0.909646
vt 0.848918 0.903823
vt 0.817406 0.904565
vt 0.845909 0.890151
vt 0.832678 0.891787
vt 0.817503 0.894030
vt 0.798655 0.911663
vt 0.864723 0.899133
vt 0.787093 0.912704
vt 0.792477 0.920842
vt 0.940517 0.884107
vt 0.935988 0.893513
vt 0.873183 0.903255
vt 0.871317 0.877845
vt 0.785877 0.887960
vt 0.783795 0.908002
vt 0.944989 0.883669
vt 0.940082 0.875601
vt 0.939628 0.858277
vt 0.791419 0.835022
vt 0.784128 0.827376
vt 0.789001 0.857037
vt 0.945069 0.837266
vt 0.940220 0.843699
vt 0.867711 0.857952
vt 0.285307 0.940662
vt 0.290711 0.946138
vt 0.287397 0.955191
vt 0.283804 0.953586
vt 0.294939 0.952312
vt 0.296278 0.956058
vt 0.292130 0.957923
vt 0.290504 0.956834
vt 0.297434 0.958667
vt 0.296632 0.962752
vt 0.291795 0.961618
vt 0.292999 0.958933
vt 0.296139 0.967462
vt 0.292627 0.973254
vt 0.287048 0.967444
vt 0.289885 0.964412
vt 0.289365 0.981862
vt 0.286891 0.985887
vt 0.282569 0.970683
vt 0.283574 0.970154
vt 0.292086 0.979011
vt 0.284883 0.969305
vt 0.283419 0.987272
vt 0.281202 0.971201
vt 0.278090 0.933332
vt 0.279775 0.952178
vt 0.277852 0.987516
vt 0.271749 0.989749
vt 0.271913 0.972270
vt 0.278698 0.971727
vt 0.281477 0.987023
vt 0.279960 0.971464
vt 0.272090 0.931882
vt 0.272045 0.950890
vt 0.244575 0.863186
vt 0.250373 0.875318
vt 0.232901 0.879749
vt 0.231294 0.866400
vt 0.209620 0.877062
vt 0.221905 0.864703
vt 0.195171 0.864478
vt 0.217437 0.859262
vt 0.201749 0.846988
vt 0.216613 0.852317
vt 0.216265 0.836311
vt 0.223210 0.843810
vt 0.233037 0.833981
vt 0.234224 0.838640
vt 0.243630 0.833482
vt 0.243879 0.839050
vt 0.251831 0.854973
vt 0.263193 0.861164
vt 0.251527 0.846476
vt 0.261210 0.850233
vt 0.252809 0.833479
vt 0.228624 0.851250
vt 0.230240 0.852448
vt 0.236294 0.852365
vt 0.237463 0.850485
vt 0.238022 0.847751
vt 0.235287 0.846857
vt 0.232278 0.847047
vt 0.229097 0.847919
vt 0.228034 0.849774
vt 0.232798 0.852851
vt 0.260161 0.841679
vt 0.261663 0.832019
vt 0.257258 0.827859
vt 0.264095 0.823790
vt 0.261454 0.816697
vt 0.260426 0.825771
vt 0.256059 0.820158
vt 0.252636 0.823218
vt 0.243753 0.829095
vt 0.249267 0.827939
vt 0.230535 0.827673
vt 0.213371 0.831653
vt 0.195185 0.842752
vt 0.192167 0.867198
vt 0.205976 0.882084
vt 0.232497 0.886818
vt 0.254259 0.881995
vt 0.261699 0.882511
vt 0.257285 0.814181
vt 0.241547 0.822907
vt 0.227551 0.821060
vt 0.200669 0.823355
vt 0.185215 0.842600
vt 0.257645 0.903383
vt 0.240263 0.902541
vt 0.220812 0.897073
vt 0.199912 0.894379
vt 0.185129 0.870184
vt 0.249854 0.818393
vt 0.210625 0.804929
vt 0.222668 0.802068
vt 0.236027 0.813979
vt 0.215252 0.811725
vt 0.202061 0.791195
vt 0.214991 0.790661
vt 0.199187 0.776132
vt 0.214877 0.776343
vt 0.206300 0.762665
vt 0.222702 0.767479
vt 0.231438 0.755028
vt 0.216017 0.742046
vt 0.236947 0.762022
vt 0.235846 0.770523
vt 0.246251 0.764504
vt 0.246604 0.771944
vt 0.252491 0.762070
vt 0.253702 0.772435
vt 0.255674 0.755714
vt 0.261197 0.771454
vt 0.255232 0.746785
vt 0.244692 0.731463
vt 0.232228 0.715515
vt 0.264702 0.722375
vt 0.256934 0.735171
vt 0.232137 0.741437
vt 0.224185 0.731358
vt 0.179004 0.758431
vt 0.180847 0.744396
vt 0.177120 0.779507
vt 0.185122 0.797794
vt 0.193031 0.812949
vt 0.261630 0.809624
vt 0.263614 0.806485
vt 0.260546 0.774113
vt 0.253906 0.774833
vt 0.245987 0.773818
vt 0.236533 0.773641
vt 0.226519 0.773141
vt 0.220025 0.778564
vt 0.222572 0.787710
vt 0.229293 0.795543
vt 0.236262 0.803041
vt 0.244667 0.806565
vt 0.246486 0.810381
vt 0.152432 0.767992
vt 0.146961 0.751403
vt 0.130456 0.788638
vt 0.113756 0.782166
vt 0.126693 0.816503
vt 0.099270 0.828296
vt 0.128225 0.845214
vt 0.109278 0.845969
vt 0.152241 0.799820
vt 0.169769 0.809147
vt 0.167578 0.839487
vt 0.172596 0.868792
vt 0.173685 0.884396
vt 0.149033 0.843081
vt 0.154165 0.860496
vt 0.137071 0.866883
vt 0.261986 0.779165
vt 0.254645 0.780118
vt 0.246325 0.779951
vt 0.238188 0.778973
vt 0.230938 0.780227
vt 0.223133 0.780498
vt 0.226106 0.785674
vt 0.231766 0.793049
vt 0.238190 0.799164
vt 0.243735 0.802152
vt 0.155069 0.726908
vt 0.158384 0.706099
vt 0.190689 0.709494
vt 0.187594 0.726071
vt 0.181550 0.908325
vt 0.166313 0.909416
vt 0.155619 0.897603
vt 0.162452 0.890827
vt 0.145857 0.898213
vt 0.161727 0.921526
vt 0.129275 0.872843
vt 0.115749 0.868732
vt 0.097841 0.855393
vt 0.105274 0.876815
vt 0.085685 0.860331
vt 0.090959 0.883436
vt 0.070559 0.876727
vt 0.081756 0.901254
vt 0.064754 0.898838
vt 0.087200 0.909712
vt 0.072750 0.914350
vt 0.185218 0.941557
vt 0.182932 0.933406
vt 0.192721 0.921351
vt 0.200827 0.936663
vt 0.158352 0.936699
vt 0.165715 0.931020
vt 0.209796 0.958838
vt 0.191979 0.965220
vt 0.188174 0.953881
vt 0.206666 0.949692
vt 0.172020 0.971732
vt 0.166072 0.955832
vt 0.239367 0.744956
vt 0.236861 0.749365
vt 0.247112 0.737414
vt 0.244738 0.742996
vt 0.249151 0.746501
vt 0.249809 0.751421
vt 0.248076 0.755202
vt 0.242987 0.755959
vt 0.238198 0.754048
vt 0.241711 0.747377
vt 0.241018 0.748106
vt 0.243066 0.746968
vt 0.244537 0.747150
vt 0.244654 0.747946
vt 0.244117 0.748706
vt 0.243065 0.748793
vt 0.241366 0.748819
vt 0.243076 0.747833
vt 0.243925 0.747720
vt 0.241898 0.748064
vt 0.125178 0.735982
vt 0.098020 0.752778
vt 0.101500 0.722306
vt 0.126164 0.720913
vt 0.110245 0.701121
vt 0.128541 0.705496
vt 0.149353 0.942985
vt 0.149510 0.958487
vt 0.138702 0.959423
vt 0.142556 0.945300
vt 0.155779 0.976618
vt 0.147588 0.978897
vt 0.151547 0.922077
vt 0.142806 0.905405
vt 0.141590 0.927673
vt 0.136554 0.910463
vt 0.116883 0.933661
vt 0.120607 0.909461
vt 0.132108 0.911838
vt 0.133875 0.933240
vt 0.107006 0.943165
vt 0.109078 0.918291
vt 0.082220 0.928871
vt 0.093218 0.917617
vt 0.107408 0.955398
vt 0.088514 0.947561
vt 0.179304 0.923429
vt 0.183450 0.920992
vt 0.171734 0.924789
vt 0.168656 0.918753
vt 0.172920 0.914913
vt 0.179769 0.915879
vt 0.117032 0.943391
vt 0.118608 0.951596
vt 0.122162 0.941684
vt 0.130341 0.942237
vt 0.134691 0.947344
vt 0.134405 0.953644
vt 0.123372 0.957104
vt 0.128818 0.957359
vt 0.131688 0.965860
vt 0.118829 0.963425
vt 0.139501 0.980929
vt 0.126863 0.948738
vt 0.115619 0.893350
vt 0.109401 0.903144
vt 0.108830 0.897183
vt 0.103034 0.893617
vt 0.105499 0.907256
vt 0.101322 0.908614
vt 0.097012 0.905225
vt 0.097275 0.894414
vt 0.094178 0.898479
vt 0.102037 0.901805
vt 0.122523 0.896065
vt 0.124527 0.900709
vt 0.122373 0.890077
vt 0.140186 0.897808
vt 0.135019 0.889411
vt 0.136544 0.886371
vt 0.128938 0.883275
vt 0.138423 0.902270
vt 0.134115 0.904570
vt 0.128746 0.903936
vt 0.124013 0.885416
vt 0.128415 0.894470
vt 0.142220 0.884021
vt 0.147299 0.887631
vt 0.138287 0.877720
vt 0.151365 0.888365
vt 0.156824 0.885309
vt 0.142344 0.871946
vt 0.167437 0.877200
vt 0.155910 0.877586
vt 0.150381 0.872269
vt 0.153527 0.865045
vt 0.147676 0.879577
vt 0.073501 0.946084
vt 0.068562 0.936469
vt 0.062273 0.954513
vt 0.051119 0.940115
vt 0.056938 0.965647
vt 0.047921 0.961253
vt 0.074576 0.968039
vt 0.082906 0.976479
vt 0.079247 0.980694
vt 0.069559 0.974105
vt 0.082317 0.963270
vt 0.090757 0.962268
vt 0.118244 0.986244
vt 0.115378 0.976388
vt 0.109495 0.970991
vt 0.099776 0.965764
vt 0.084741 0.972460
vt 0.089779 0.969818
vt 0.105614 0.987106
vt 0.103609 0.979933
vt 0.102490 0.974099
vt 0.097245 0.971022
vt 0.085344 0.984535
vt 0.088041 0.978547
vt 0.094327 0.986521
vt 0.095021 0.980861
vt 0.257432 0.805363
vt 0.260049 0.801192
vt 0.247714 0.797089
vt 0.250835 0.801405
vt 0.263417 0.788615
vt 0.252555 0.789396
vt 0.244687 0.787205
vt 0.236188 0.784458
vt 0.231158 0.782363
vt 0.227164 0.781909
vt 0.231454 0.785551
vt 0.235885 0.789619
vt 0.241868 0.793286
vt 0.252021 0.807520
vt 0.256400 0.807431
vt 0.083605 0.717378
vt 0.064325 0.707481
vt 0.075164 0.679216
vt 0.090660 0.691998
vt 0.073494 0.750276
vt 0.050061 0.743824
vt 0.033946 0.958704
vt 0.025915 0.957690
vt 0.016331 0.909918
vt 0.035077 0.916975
vt 0.072230 0.813096
vt 0.046889 0.781429
vt 0.051955 0.863336
vt 0.022831 0.862696
vt 0.661696 0.867083
vt 0.645560 0.865799
vt 0.643186 0.848493
vt 0.661326 0.848952
vt 0.632932 0.893892
vt 0.647736 0.897519
vt 0.649898 0.921228
vt 0.633046 0.914544
vt 0.616793 0.896874
vt 0.619290 0.912464
vt 0.595784 0.907842
vt 0.598665 0.921451
vt 0.575740 0.913367
vt 0.580797 0.932286
vt 0.562917 0.917320
vt 0.552233 0.932896
vt 0.685017 0.902384
vt 0.701801 0.898040
vt 0.704456 0.916171
vt 0.691173 0.928000
vt 0.678497 0.850069
vt 0.691279 0.851398
vt 0.692998 0.860681
vt 0.676309 0.865887
vt 0.566058 0.863641
vt 0.581447 0.859788
vt 0.581912 0.872814
vt 0.567091 0.873989
vt 0.600148 0.855998
vt 0.600564 0.868704
vt 0.614676 0.853562
vt 0.615689 0.869313
vt 0.628240 0.850922
vt 0.628921 0.864149
vt 0.671179 0.927619
vt 0.667294 0.901967
vt 0.662445 0.790724
vt 0.662959 0.752605
vt 0.680829 0.757933
vt 0.680170 0.790668
vt 0.692543 0.766536
vt 0.692138 0.796427
vt 0.553706 0.807778
vt 0.546851 0.778031
vt 0.570245 0.768744
vt 0.573303 0.805857
vt 0.589508 0.762767
vt 0.589911 0.803706
vt 0.609976 0.754968
vt 0.611348 0.795175
vt 0.627641 0.753465
vt 0.628481 0.792697
vt 0.643310 0.752999
vt 0.644346 0.791122
vt 0.645427 0.844867
vt 0.645538 0.821961
vt 0.662873 0.820237
vt 0.663024 0.843294
vt 0.627819 0.847427
vt 0.627497 0.823456
vt 0.613873 0.850210
vt 0.612725 0.825643
vt 0.600272 0.851968
vt 0.594999 0.831725
vt 0.582422 0.856187
vt 0.575651 0.835274
vt 0.563844 0.860491
vt 0.559176 0.835769
vt 0.677319 0.844185
vt 0.676522 0.818347
vt 0.692458 0.824275
vt 0.691513 0.847453
vt 0.533232 0.459629
vt 0.526231 0.440715
vt 0.523088 0.420567
vt 0.521470 0.406042
vt 0.500688 0.423125
vt 0.500043 0.405203
vt 0.483998 0.424798
vt 0.470929 0.411296
vt 0.460593 0.452008
vt 0.454175 0.426326
vt 0.702616 0.961424
vt 0.690727 0.956123
vt 0.690747 0.935536
vt 0.705005 0.936997
vt 0.671995 0.957449
vt 0.670862 0.936760
vt 0.651420 0.955108
vt 0.650166 0.927029
vt 0.632202 0.948656
vt 0.633022 0.918559
vt 0.619759 0.945899
vt 0.616722 0.922956
vt 0.603269 0.948281
vt 0.599493 0.928034
vt 0.588990 0.958174
vt 0.581381 0.938437
vt 0.583498 0.981259
vt 0.563757 0.957487
vt 0.438923 0.401636
vt 0.452290 0.380877
vt 0.312081 0.348485
vt 0.302422 0.347438
vt 0.305896 0.338295
vt 0.313618 0.341649
vt 0.275734 0.335597
vt 0.250034 0.339233
vt 0.252000 0.330607
vt 0.274869 0.331516
vt 0.223169 0.347496
vt 0.221882 0.336714
vt 0.327573 0.400606
vt 0.323542 0.373089
vt 0.331424 0.336438
vt 0.357895 0.364756
vt 0.421298 0.400933
vt 0.422614 0.373832
vt 0.554215 0.945244
vt 0.533370 0.934316
vt 0.683998 0.987527
vt 0.663335 0.973502
vt 0.642684 0.987432
vt 0.615290 0.982984
vt 0.632073 0.977389
vt 0.646129 0.980941
vt 0.599150 0.987973
vt 0.619662 0.959889
vt 0.648251 0.963763
vt 0.651716 0.960968
vt 0.657495 0.962592
vt 0.655605 0.970623
vt 0.633151 0.958637
vt 0.644806 0.958851
vt 0.493143 0.365980
vt 0.514865 0.384098
vt 0.709461 0.978127
vt 0.490097 0.446741
vt 0.474178 0.466259
vt 0.505672 0.443159
vt 0.523024 0.469885
vt 0.520197 0.484558
vt 0.504978 0.464830
vt 0.502510 0.492570
vt 0.497266 0.491735
vt 0.498649 0.483181
vt 0.503152 0.487880
vt 0.489204 0.487815
vt 0.491263 0.478664
vt 0.253765 0.643016
vt 0.252187 0.624231
vt 0.278131 0.624098
vt 0.267079 0.642887
vt 0.227110 0.642851
vt 0.228721 0.656576
vt 0.290606 0.602436
vt 0.309546 0.615094
vt 0.309403 0.640396
vt 0.254669 0.595403
vt 0.219524 0.605195
vt 0.226117 0.598738
vt 0.510794 0.485733
vt 0.520013 0.518590
vt 0.508475 0.506339
vt 0.478898 0.483335
vt 0.443066 0.484570
vt 0.484454 0.471787
vt 0.497195 0.472457
vt 0.479334 0.524134
vt 0.483161 0.503328
vt 0.478482 0.500156
vt 0.466874 0.511937
vt 0.460389 0.502182
vt 0.472903 0.493781
vt 0.229141 0.589215
vt 0.267087 0.584571
vt 0.262186 0.579908
vt 0.272710 0.569352
vt 0.287004 0.578477
vt 0.271433 0.554182
vt 0.285881 0.538938
vt 0.303809 0.534242
vt 0.295865 0.569370
vt 0.234377 0.620479
vt 0.242884 0.592516
vt 0.236978 0.580503
vt 0.232600 0.560748
vt 0.264625 0.682765
vt 0.239099 0.667486
vt 0.270177 0.589698
vt 0.279436 0.591161
vt 0.312253 0.575297
vt 0.240176 0.550932
vt 0.249811 0.556076
vt 0.242430 0.537479
vt 0.252610 0.534826
vt 0.234626 0.529940
vt 0.243117 0.520111
vt 0.219932 0.525512
vt 0.227496 0.516126
vt 0.217743 0.530235
vt 0.228368 0.541179
vt 0.223880 0.533923
vt 0.226988 0.548315
vt 0.220957 0.555090
vt 0.215911 0.535113
vt 0.219975 0.536617
vt 0.223094 0.541137
vt 0.221587 0.547003
vt 0.216499 0.551203
vt 0.218732 0.543302
vt 0.257214 0.571856
vt 0.250350 0.569780
vt 0.262129 0.560347
vt 0.263263 0.567670
vt 0.259072 0.555908
vt 0.252404 0.562623
vt 0.228383 0.504463
vt 0.237475 0.500356
vt 0.219649 0.489487
vt 0.218896 0.482616
vt 0.234369 0.484978
vt 0.231545 0.491794
vt 0.280073 0.525967
vt 0.291048 0.504107
vt 0.267930 0.525091
vt 0.267345 0.504038
vt 0.254150 0.501209
vt 0.243390 0.491229
vt 0.335714 0.600590
vt 0.337013 0.630361
vt 0.355905 0.586613
vt 0.354808 0.622844
vt 0.367742 0.557066
vt 0.390299 0.598225
vt 0.654127 0.987255
vt 0.663576 0.992396
vt 0.332372 0.569506
vt 0.351268 0.554869
vt 0.357570 0.533505
vt 0.371697 0.533684
vt 0.351695 0.513561
vt 0.365269 0.509050
vt 0.330365 0.538594
vt 0.322959 0.501325
vt 0.300502 0.479250
vt 0.335251 0.489058
vt 0.275772 0.487702
vt 0.259660 0.484237
vt 0.246630 0.472724
vt 0.235050 0.476271
vt 0.225995 0.475387
vt 0.217527 0.473035
vt 0.225927 0.467882
vt 0.238130 0.465838
vt 0.246810 0.455187
vt 0.269431 0.470396
vt 0.256455 0.460146
vt 0.279292 0.449938
vt 0.253998 0.447034
vt 0.241045 0.452393
vt 0.228346 0.470827
vt 0.232639 0.470699
vt 0.232010 0.472680
vt 0.229151 0.472997
vt 0.216197 0.465594
vt 0.216176 0.467540
vt 0.222439 0.443373
vt 0.224966 0.459800
vt 0.225391 0.466141
vt 0.231596 0.443166
vt 0.634408 0.968923
vt 0.645274 0.975265
vt 0.625192 0.961783
vt 0.633251 0.963777
vt 0.326020 0.464963
vt 0.352533 0.455039
vt 0.297275 0.460620
vt 0.220694 0.434578
vt 0.229837 0.433893
vt 0.220072 0.424584
vt 0.223875 0.405586
vt 0.234741 0.415739
vt 0.231539 0.423993
vt 0.245214 0.435170
vt 0.332628 0.428885
vt 0.283991 0.447282
vt 0.303868 0.406614
vt 0.256802 0.438711
vt 0.261347 0.422338
vt 0.227441 0.381305
vt 0.229087 0.363248
vt 0.236524 0.351096
vt 0.255425 0.374881
vt 0.249629 0.374761
vt 0.244190 0.383665
vt 0.243445 0.390711
vt 0.269187 0.393541
vt 0.273526 0.384257
vt 0.246394 0.396076
vt 0.257871 0.398599
vt 0.265419 0.379618
vt 0.287751 0.356466
vt 0.257705 0.386943
vt 0.287667 0.322724
vt 0.232781 0.324059
vt 0.237590 0.298193
vt 0.285815 0.297064
vt 0.322430 0.310569
vt 0.456982 0.352920
vt 0.489732 0.347294
vt 0.528595 0.360651
vt 0.424237 0.352205
vt 0.529905 0.353072
vt 0.532283 0.306075
vt 0.529404 0.302712
vt 0.524825 0.313716
vt 0.521107 0.312126
vt 0.522709 0.326544
vt 0.517675 0.326174
vt 0.525677 0.340142
vt 0.520127 0.344011
vt 0.534056 0.346817
vt 0.535119 0.311287
vt 0.530057 0.315775
vt 0.526676 0.325963
vt 0.529406 0.337707
vt 0.535138 0.341336
vt 0.537046 0.316587
vt 0.534388 0.320289
vt 0.534121 0.325832
vt 0.535171 0.331271
vt 0.539181 0.334328
vt 0.541922 0.327221
vt 0.237078 0.280292
vt 0.286275 0.280225
vt 0.317323 0.280146
vt 0.459294 0.332284
vt 0.488331 0.325043
vt 0.436307 0.332589
vt 0.232168 0.263362
vt 0.263010 0.259605
vt 0.300958 0.260619
vt 0.454290 0.309013
vt 0.487268 0.306080
vt 0.431876 0.315216
vt 0.480425 0.291786
vt 0.500322 0.282809
vt 0.246605 0.236411
vt 0.264352 0.240977
vt 0.293054 0.240821
vt 0.449820 0.300198
vt 0.423782 0.300563
vt 0.516176 0.267156
vt 0.522336 0.245935
vt 0.534625 0.219898
vt 0.231874 0.174583
vt 0.239818 0.215998
vt 0.218833 0.151991
vt 0.538975 0.186796
vt 0.481753 0.187900
vt 0.471376 0.152037
vt 0.485837 0.137440
vt 0.497822 0.175468
vt 0.234240 0.098907
vt 0.228643 0.082361
vt 0.260041 0.097970
vt 0.247807 0.119475
vt 0.276179 0.101488
vt 0.259559 0.135289
vt 0.286709 0.105632
vt 0.276824 0.146865
vt 0.471728 0.195751
vt 0.460612 0.157727
vt 0.465154 0.202207
vt 0.455158 0.167854
vt 0.448025 0.214711
vt 0.437740 0.175685
vt 0.445823 0.174272
vt 0.456983 0.210302
vt 0.300826 0.108678
vt 0.295921 0.151165
vt 0.327903 0.116848
vt 0.318995 0.145570
vt 0.436276 0.220502
vt 0.430121 0.180484
vt 0.423959 0.226933
vt 0.421216 0.180122
vt 0.484993 0.250796
vt 0.495528 0.238910
vt 0.468846 0.227910
vt 0.479993 0.219798
vt 0.428921 0.277481
vt 0.450433 0.270215
vt 0.426742 0.254027
vt 0.443638 0.245064
vt 0.470538 0.259321
vt 0.456787 0.236000
vt 0.278042 0.213130
vt 0.305447 0.211625
vt 0.287476 0.183629
vt 0.314804 0.180870
vt 0.257637 0.208719
vt 0.271446 0.172768
vt 0.501019 0.225131
vt 0.486033 0.207884
vt 0.510603 0.207525
vt 0.497506 0.197116
vt 0.246269 0.194155
vt 0.254560 0.152117
vt 0.238011 0.159452
vt 0.244290 0.139305
vt 0.221893 0.131456
vt 0.230726 0.118481
vt 0.522947 0.189517
vt 0.513043 0.181362
vt 0.469397 0.042018
vt 0.458861 0.044680
vt 0.452784 0.019263
vt 0.462732 0.014500
vt 0.267996 0.043757
vt 0.259110 0.038952
vt 0.268395 0.020366
vt 0.276805 0.024384
vt 0.281383 0.050198
vt 0.287655 0.029164
vt 0.294017 0.054515
vt 0.293501 0.030267
vt 0.448984 0.048426
vt 0.442749 0.029648
vt 0.438235 0.054787
vt 0.434806 0.033988
vt 0.420525 0.061546
vt 0.414748 0.040460
vt 0.419737 0.036181
vt 0.426227 0.060304
vt 0.302810 0.033007
vt 0.304218 0.055114
vt 0.314036 0.034459
vt 0.316589 0.054537
vt 0.409153 0.062741
vt 0.406425 0.045170
vt 0.399302 0.070056
vt 0.398278 0.047894
vt 0.449312 0.111125
vt 0.437781 0.117917
vt 0.431293 0.088537
vt 0.444488 0.084368
vt 0.408121 0.132888
vt 0.402258 0.098148
vt 0.411261 0.089430
vt 0.417644 0.122183
vt 0.421067 0.088695
vt 0.427631 0.120272
vt 0.307514 0.099029
vt 0.307124 0.076554
vt 0.320004 0.074962
vt 0.322292 0.095283
vt 0.287418 0.094605
vt 0.291763 0.073027
vt 0.456029 0.081130
vt 0.459012 0.106684
vt 0.463705 0.073504
vt 0.467420 0.103181
vt 0.270688 0.087993
vt 0.277843 0.073029
vt 0.258282 0.084973
vt 0.261724 0.067126
vt 0.237889 0.075244
vt 0.246162 0.059467
vt 0.485820 0.106808
vt 0.477715 0.071828
vt 0.578640 0.606962
vt 0.585339 0.593417
vt 0.585828 0.599875
vt 0.583421 0.609320
vt 0.590515 0.610426
vt 0.590482 0.600598
vt 0.595563 0.601438
vt 0.597859 0.609489
vt 0.712517 0.636389
vt 0.721751 0.630536
vt 0.722840 0.636027
vt 0.716546 0.641954
vt 0.719173 0.645947
vt 0.725439 0.638060
vt 0.727889 0.639781
vt 0.723151 0.649184
vt 0.592308 0.592125
vt 0.597615 0.597225
vt 0.728305 0.632585
vt 0.731720 0.639018
vt 0.601861 0.609291
vt 0.727067 0.652529
vt 0.704727 0.677021
vt 0.710116 0.668330
vt 0.714853 0.676645
vt 0.709612 0.684689
vt 0.599000 0.651289
vt 0.597525 0.642802
vt 0.604948 0.634983
vt 0.606520 0.645890
vt 0.577875 0.651374
vt 0.579290 0.640752
vt 0.589296 0.641658
vt 0.588267 0.653344
vt 0.695950 0.665284
vt 0.703416 0.657443
vt 0.705944 0.662499
vt 0.699586 0.670661
vt 0.690411 0.658301
vt 0.697198 0.652966
vt 0.570253 0.646412
vt 0.572806 0.635749
vt 0.712103 0.664883
vt 0.716857 0.672258
vt 0.598446 0.639602
vt 0.604551 0.631464
vt 0.579453 0.637463
vt 0.589116 0.637914
vt 0.705439 0.654818
vt 0.708361 0.659583
vt 0.699307 0.650666
vt 0.573498 0.630602
vt 0.714820 0.661121
vt 0.718616 0.655784
vt 0.722264 0.661006
vt 0.718983 0.667566
vt 0.598061 0.630450
vt 0.598227 0.617375
vt 0.602828 0.619123
vt 0.603540 0.626550
vt 0.580678 0.629509
vt 0.582500 0.617463
vt 0.589643 0.618435
vt 0.589358 0.629752
vt 0.707968 0.651708
vt 0.711778 0.647281
vt 0.714777 0.651284
vt 0.711085 0.656320
vt 0.701913 0.646640
vt 0.706424 0.641787
vt 0.574486 0.625130
vt 0.576171 0.617246
vt 0.567184 0.657514
vt 0.575145 0.665422
vt 0.586524 0.671497
vt 0.600757 0.666366
vt 0.683482 0.657021
vt 0.686221 0.673656
vt 0.693649 0.681137
vt 0.699908 0.687410
vt 0.606043 0.655189
vt 0.705340 0.694080
vt 0.626684 0.614616
vt 0.634538 0.609125
vt 0.635690 0.613849
vt 0.630261 0.620692
vt 0.636319 0.623337
vt 0.638323 0.615389
vt 0.641724 0.619101
vt 0.640835 0.626342
vt 0.645794 0.627156
vt 0.645991 0.618686
vt 0.650033 0.618904
vt 0.649990 0.625831
vt 0.654234 0.623731
vt 0.652511 0.616050
vt 0.656130 0.615761
vt 0.659531 0.622609
vt 0.640982 0.610361
vt 0.651119 0.610753
vt 0.657442 0.611864
vt 0.663128 0.620094
vt 0.664675 0.651653
vt 0.662718 0.644704
vt 0.669445 0.647019
vt 0.671896 0.650957
vt 0.636312 0.665701
vt 0.640314 0.652377
vt 0.644993 0.650776
vt 0.642499 0.663508
vt 0.619317 0.656684
vt 0.622838 0.647934
vt 0.630297 0.648924
vt 0.627299 0.662309
vt 0.649317 0.656249
vt 0.650583 0.645833
vt 0.656531 0.645304
vt 0.656774 0.653835
vt 0.613588 0.644429
vt 0.614569 0.639421
vt 0.662339 0.641047
vt 0.667509 0.641631
vt 0.639790 0.648647
vt 0.644941 0.646692
vt 0.622546 0.641763
vt 0.630664 0.646971
vt 0.650204 0.642358
vt 0.655981 0.641054
vt 0.615615 0.633653
vt 0.662171 0.637031
vt 0.661758 0.629496
vt 0.666206 0.628521
vt 0.667380 0.636660
vt 0.640976 0.642711
vt 0.640935 0.633403
vt 0.645161 0.633627
vt 0.645163 0.641819
vt 0.624538 0.636364
vt 0.627409 0.627933
vt 0.633573 0.631120
vt 0.631908 0.640875
vt 0.650251 0.638642
vt 0.650114 0.632031
vt 0.655540 0.631986
vt 0.655831 0.637675
vt 0.617988 0.629300
vt 0.622082 0.622346
vt 0.609912 0.653500
vt 0.611248 0.669586
vt 0.623856 0.676290
vt 0.635744 0.677587
vt 0.642910 0.676743
vt 0.652109 0.675031
vt 0.659361 0.668836
vt 0.669766 0.666903
vt 0.678335 0.656580
vt 0.661259 0.627703
vt 0.665548 0.626400
vt 0.641469 0.631360
vt 0.645253 0.632030
vt 0.628294 0.625859
vt 0.634312 0.628538
vt 0.650049 0.630433
vt 0.655219 0.629922
vt 0.622981 0.620413
vt 0.720663 0.653305
vt 0.724035 0.657733
vt 0.598265 0.614132
vt 0.602455 0.615692
vt 0.582895 0.614315
vt 0.589812 0.614654
vt 0.713540 0.645274
vt 0.716798 0.649199
vt 0.708607 0.639666
vt 0.577086 0.613302
vt 0.521418 0.718947
vt 0.516037 0.714765
vt 0.521482 0.708192
vt 0.527360 0.712581
vt 0.531076 0.701662
vt 0.525250 0.696980
vt 0.530059 0.686871
vt 0.535491 0.690154
vt 0.724511 0.708246
vt 0.728164 0.706646
vt 0.730445 0.711022
vt 0.726404 0.714017
vt 0.731005 0.722089
vt 0.733330 0.718715
vt 0.737451 0.723280
vt 0.734253 0.726950
vt 0.744515 0.708951
vt 0.753005 0.700248
vt 0.754335 0.703349
vt 0.748702 0.713221
vt 0.496212 0.677595
vt 0.500434 0.673150
vt 0.501617 0.676527
vt 0.498963 0.682465
vt 0.740213 0.697697
vt 0.751302 0.695233
vt 0.751211 0.697761
vt 0.740476 0.702142
vt 0.508645 0.688756
vt 0.513085 0.681966
vt 0.502801 0.702480
vt 0.494597 0.687345
vt 0.498357 0.687714
vt 0.507154 0.696289
vt 0.513765 0.712397
vt 0.518912 0.705836
vt 0.523399 0.697052
vt 0.526618 0.685554
vt 0.730411 0.704704
vt 0.732603 0.709133
vt 0.736173 0.714973
vt 0.739870 0.721353
vt 0.719768 0.731369
vt 0.727882 0.736814
vt 0.714269 0.715054
vt 0.715515 0.721274
vt 0.547028 0.716455
vt 0.549147 0.700817
vt 0.533290 0.728613
vt 0.540830 0.723777
vt 0.509076 0.708874
vt 0.513123 0.701220
vt 0.516499 0.694859
vt 0.519984 0.686121
vt 0.733936 0.701691
vt 0.734862 0.707129
vt 0.738980 0.712485
vt 0.743773 0.717944
vt 0.523175 0.676143
vt 0.528104 0.677035
vt 0.746740 0.722911
vt 0.743449 0.726820
vt 0.738128 0.733460
vt 0.729162 0.742908
vt 0.535561 0.678160
vt 0.549745 0.677599
vt 0.531221 0.677305
vt 0.741530 0.728731
vt 0.758200 0.704886
vt 0.751951 0.717706
vt 0.514734 0.674380
vt 0.756153 0.696458
vt 0.852830 0.354039
vt 0.848053 0.362845
vt 0.839230 0.367394
vt 0.840193 0.353627
vt 0.891206 0.358943
vt 0.887392 0.366776
vt 0.881017 0.358032
vt 0.885809 0.352677
vt 0.902487 0.354490
vt 0.910174 0.354228
vt 0.911237 0.364882
vt 0.907297 0.364494
vt 0.902911 0.371794
vt 0.907395 0.374206
vt 0.904084 0.379025
vt 0.899128 0.377469
vt 0.914556 0.318399
vt 0.906595 0.319364
vt 0.905006 0.302400
vt 0.913886 0.306824
vt 0.869848 0.331892
vt 0.864528 0.338800
vt 0.845688 0.323399
vt 0.865464 0.313073
vt 0.916139 0.356208
vt 0.908072 0.342207
vt 0.915866 0.342618
vt 0.900267 0.338988
vt 0.908217 0.337263
vt 0.900711 0.343912
vt 0.882975 0.375016
vt 0.879144 0.381844
vt 0.865092 0.377422
vt 0.871729 0.367961
vt 0.898463 0.323614
vt 0.906595 0.322411
vt 0.878172 0.355049
vt 0.882573 0.348809
vt 0.916152 0.337427
vt 0.860043 0.373533
vt 0.867212 0.363577
vt 0.892355 0.379156
vt 0.890100 0.383678
vt 0.915599 0.367467
vt 0.898220 0.369868
vt 0.894623 0.373859
vt 0.894090 0.300953
vt 0.897959 0.319579
vt 0.875722 0.334666
vt 0.867894 0.342707
vt 0.914744 0.321380
vt 0.855864 0.355916
vt 0.850200 0.364099
vt 0.924046 0.324009
vt 0.924065 0.321722
vt 0.886425 0.326233
vt 0.885070 0.320398
vt 0.902800 0.363569
vt 0.897281 0.354218
vt 0.921290 0.368291
vt 0.922641 0.357372
vt 0.921423 0.343162
vt 0.922553 0.337130
vt 0.891561 0.345931
vt 0.889757 0.342138
vt 0.885754 0.301516
vt 0.922145 0.311625
vt 0.906411 0.366407
vt 0.908954 0.369454
vt 0.773001 0.316943
vt 0.757774 0.295435
vt 0.759445 0.285003
vt 0.787068 0.286551
vt 0.758874 0.357126
vt 0.751189 0.352171
vt 0.759488 0.342241
vt 0.765657 0.351075
vt 0.768741 0.370677
vt 0.775142 0.380126
vt 0.757331 0.383678
vt 0.753641 0.377171
vt 0.741750 0.371863
vt 0.736693 0.376554
vt 0.733456 0.371738
vt 0.737342 0.365330
vt 0.936775 0.319009
vt 0.929617 0.317979
vt 0.926822 0.306798
vt 0.933117 0.304477
vt 0.791170 0.327656
vt 0.782993 0.321334
vt 0.807116 0.294878
vt 0.817465 0.308164
vt 0.944144 0.360188
vt 0.939696 0.359661
vt 0.936824 0.348541
vt 0.942959 0.348942
vt 0.784395 0.363103
vt 0.790951 0.375862
vt 0.786834 0.378377
vt 0.779895 0.365757
vt 0.745995 0.346921
vt 0.739898 0.340930
vt 0.743296 0.329669
vt 0.751873 0.336110
vt 0.737442 0.359054
vt 0.731157 0.354577
vt 0.947977 0.376941
vt 0.943690 0.376989
vt 0.747010 0.366400
vt 0.742355 0.362499
vt 0.805436 0.363662
vt 0.818586 0.370510
vt 0.764878 0.338759
vt 0.770194 0.346002
vt 0.935619 0.344283
vt 0.942570 0.346030
vt 0.746639 0.326810
vt 0.754809 0.332774
vt 0.831511 0.352104
vt 0.832166 0.370394
vt 0.821545 0.369585
vt 0.810250 0.363320
vt 0.782279 0.336045
vt 0.777083 0.328103
vt 0.937317 0.320380
vt 0.929819 0.320696
vt 0.771034 0.321747
vt 0.755649 0.297949
vt 0.776955 0.352449
vt 0.789658 0.342859
vt 0.948744 0.344930
vt 0.944674 0.318353
vt 0.944582 0.315895
vt 0.797827 0.336683
vt 0.948953 0.348926
vt 0.772159 0.356731
vt 0.751231 0.372142
vt 0.762195 0.364351
vt 0.953582 0.375465
vt 0.951821 0.359797
vt 0.835059 0.322062
vt 0.942177 0.303647
vt 0.747273 0.375913
vt 0.740530 0.378487
vt 0.799206 0.221478
vt 0.805965 0.212059
vt 0.822674 0.218126
vt 0.816248 0.229649
vt 0.748875 0.229587
vt 0.741243 0.232859
vt 0.736733 0.223027
vt 0.740823 0.218639
vt 0.750369 0.205964
vt 0.744615 0.199344
vt 0.752100 0.197616
vt 0.755195 0.201298
vt 0.959778 0.311478
vt 0.953022 0.313892
vt 0.944843 0.301197
vt 0.949729 0.296251
vt 0.792705 0.246858
vt 0.797700 0.234202
vt 0.809573 0.240990
vt 0.804518 0.254184
vt 0.755229 0.209926
vt 0.759339 0.207482
vt 0.768086 0.214537
vt 0.764766 0.221666
vt 0.977661 0.355476
vt 0.973665 0.357120
vt 0.968258 0.346597
vt 0.972836 0.343461
vt 0.750948 0.236983
vt 0.745415 0.237637
vt 0.760833 0.200231
vt 0.763871 0.196636
vt 0.772377 0.200024
vt 0.767711 0.206284
vt 0.750146 0.241694
vt 0.747803 0.240408
vt 0.772441 0.219044
vt 0.767608 0.224642
vt 0.964436 0.340821
vt 0.969693 0.338258
vt 0.777714 0.202892
vt 0.774877 0.210851
vt 0.767897 0.260104
vt 0.756861 0.263860
vt 0.781299 0.224816
vt 0.776209 0.232876
vt 0.962957 0.337189
vt 0.967854 0.334683
vt 0.780687 0.203882
vt 0.778139 0.212575
vt 0.770043 0.262305
vt 0.759319 0.265337
vt 0.792671 0.229928
vt 0.785857 0.241937
vt 0.954486 0.315919
vt 0.960463 0.313042
vt 0.802733 0.211628
vt 0.794793 0.219173
vt 0.772364 0.280129
vt 0.757523 0.280272
vt 0.967515 0.308877
vt 0.965497 0.306567
vt 0.777719 0.251554
vt 0.783245 0.257929
vt 0.975216 0.330503
vt 0.769397 0.239006
vt 0.976830 0.333430
vt 0.761942 0.230135
vt 0.979309 0.339792
vt 0.757376 0.225756
vt 0.983382 0.349338
vt 0.746907 0.214259
vt 0.794765 0.275889
vt 0.955530 0.291775
vt 0.742711 0.208057
vt 0.741771 0.202134
vt 0.873870 0.243958
vt 0.879273 0.239216
vt 0.884485 0.242729
vt 0.881638 0.246763
vt 0.889026 0.248495
vt 0.884490 0.254885
vt 0.922010 0.236720
vt 0.918585 0.237277
vt 0.914626 0.225825
vt 0.916443 0.225595
vt 0.913279 0.222767
vt 0.913280 0.225142
vt 0.912054 0.224986
vt 0.910066 0.223639
vt 0.907176 0.236958
vt 0.909384 0.237427
vt 0.909485 0.251139
vt 0.902170 0.246939
vt 0.913848 0.236172
vt 0.898808 0.231552
vt 0.893779 0.227042
vt 0.904771 0.221992
vt 0.906924 0.223296
vt 0.890614 0.237826
vt 0.883984 0.230910
vt 0.915443 0.250001
vt 0.929946 0.246553
vt 0.924785 0.250215
vt 0.879800 0.225710
vt 0.892488 0.222947
vt 0.908196 0.224758
vt 0.900901 0.234403
vt 0.895401 0.241573
vt 0.909054 0.220814
vt 0.904853 0.220458
vt 0.841388 0.322286
vt 0.837536 0.352890
vt 0.836102 0.367823
vt 0.797642 0.283375
vt 0.780320 0.281945
vt 0.758440 0.282510
vt 0.813076 0.261914
vt 0.801022 0.275192
vt 0.849869 0.309442
vt 0.864573 0.298841
vt 0.847283 0.308733
vt 0.844311 0.297026
vt 0.877079 0.272517
vt 0.889866 0.275814
vt 0.885290 0.291038
vt 0.873092 0.280618
vt 0.881951 0.263236
vt 0.892581 0.263297
vt 0.837465 0.252098
vt 0.830285 0.241515
vt 0.849812 0.239505
vt 0.850573 0.247265
vt 0.858755 0.237721
vt 0.859098 0.245791
vt 0.870145 0.235206
vt 0.869011 0.244011
vt 0.865974 0.288489
vt 0.848858 0.285295
vt 0.803723 0.280907
vt 0.833964 0.290410
vt 0.826838 0.279376
vt 0.838847 0.273804
vt 0.840678 0.281506
vt 0.849805 0.282098
vt 0.821815 0.249747
vt 0.887306 0.240452
vt 0.891969 0.245432
vt 0.881332 0.235356
vt 0.898757 0.256218
vt 0.899603 0.264961
vt 0.897747 0.278293
vt 0.895822 0.291230
vt 0.908484 0.270048
vt 0.922118 0.272267
vt 0.915517 0.278025
vt 0.908642 0.281328
vt 0.907561 0.292461
vt 0.898067 0.250178
vt 0.830992 0.227295
vt 0.845193 0.229976
vt 0.856674 0.228656
vt 0.869910 0.227818
vt 0.957488 0.279613
vt 0.950317 0.281115
vt 0.948925 0.273805
vt 0.953349 0.266952
vt 0.940073 0.266670
vt 0.946704 0.259401
vt 0.932266 0.259650
vt 0.937695 0.251936
vt 0.925401 0.299835
vt 0.930413 0.297615
vt 0.938871 0.296351
vt 0.944255 0.296425
vt 0.943196 0.302223
vt 0.924162 0.309867
vt 0.918023 0.301658
vt 0.932752 0.281248
vt 0.940407 0.281835
vt 0.916008 0.286701
vt 0.925397 0.281799
vt 0.443188 0.148232
vt 0.433931 0.150984
vt 0.424687 0.154051
vt 0.414874 0.155868
vt 0.323674 0.107512
vt 0.304651 0.104163
vt 0.287210 0.100358
vt 0.272717 0.095521
vt 0.258225 0.092045
vt 0.233017 0.079432
vt 0.486223 0.122883
vt 0.469369 0.123205
vt 0.460901 0.133181
vt 0.454214 0.139685
vt 0.607060 0.656631
vt 0.605077 0.669954
vt 0.675773 0.676076
vt 0.682089 0.656658
vt 0.666633 0.732930
vt 0.670218 0.717182
vt 0.700388 0.722708
vt 0.694131 0.744873
vt 0.645310 0.732181
vt 0.647499 0.715191
vt 0.643708 0.681506
vt 0.635276 0.683017
vt 0.662730 0.677018
vt 0.655418 0.678522
vt 0.619707 0.681295
vt 0.703482 0.697521
vt 0.698070 0.693522
vt 0.586163 0.675252
vt 0.569412 0.666495
vt 0.688364 0.686126
vt 0.564442 0.659717
vt 0.658725 0.699640
vt 0.657762 0.687933
vt 0.673226 0.689957
vt 0.670935 0.705559
vt 0.684571 0.694501
vt 0.682921 0.705931
vt 0.693431 0.700008
vt 0.651006 0.687263
vt 0.567366 0.733239
vt 0.557192 0.692048
vt 0.597081 0.710341
vt 0.594423 0.734082
vt 0.628681 0.711227
vt 0.621736 0.734737
vt 0.603577 0.678586
vt 0.617446 0.685576
vt 0.586064 0.682217
vt 0.613662 0.698961
vt 0.600561 0.696230
vt 0.585556 0.692731
vt 0.567771 0.673580
vt 0.632939 0.691565
vt 0.556302 0.671582
vt 0.562137 0.663914
vt 0.703690 0.703083
vt 0.707669 0.712839
vt 0.641613 0.688157
vt 0.638296 0.713344
vt 0.553670 0.696155
vt 0.552743 0.675996
vt 0.712104 0.713646
vt 0.706749 0.721286
vt 0.705306 0.738525
vt 0.556158 0.749405
vt 0.548449 0.756423
vt 0.555010 0.727251
vt 0.709531 0.759930
vt 0.705063 0.753113
vt 0.633560 0.732885
vt 0.258898 0.940695
vt 0.260377 0.953526
vt 0.256815 0.955086
vt 0.253558 0.946115
vt 0.249359 0.952183
vt 0.253725 0.956694
vt 0.252102 0.957761
vt 0.248002 0.955877
vt 0.246829 0.958455
vt 0.251231 0.958756
vt 0.252402 0.961444
vt 0.247585 0.962521
vt 0.248028 0.967205
vt 0.254273 0.964257
vt 0.257063 0.967336
vt 0.251446 0.972977
vt 0.254480 0.981471
vt 0.260424 0.970079
vt 0.261372 0.970605
vt 0.256831 0.985500
vt 0.251870 0.978617
vt 0.259190 0.969228
vt 0.262691 0.971132
vt 0.260220 0.986951
vt 0.266095 0.933342
vt 0.264351 0.952153
vt 0.265711 0.987327
vt 0.265139 0.971687
vt 0.262139 0.986747
vt 0.263903 0.971408
vt 0.272816 0.962423
vt 0.271933 0.962464
vt 0.273133 0.962398
vt 0.275389 0.962190
vt 0.277991 0.961934
vt 0.275916 0.962149
vt 0.272141 0.962458
vt 0.273630 0.962366
vt 0.274049 0.962324
vt 0.273371 0.962387
vt 0.272338 0.962446
vt 0.274495 0.962274
vt 0.276510 0.962082
vt 0.277260 0.962023
vt 0.274921 0.962242
vt 0.272553 0.962440
vt 0.271299 0.962432
vt 0.271579 0.962446
vt 0.269506 0.962281
vt 0.267573 0.962072
vt 0.266832 0.962004
vt 0.269117 0.962247
vt 0.270458 0.962369
vt 0.270075 0.962342
vt 0.271020 0.962414
vt 0.270772 0.962390
vt 0.268670 0.962191
vt 0.266106 0.961906
vt 0.268155 0.962145
vt 0.269784 0.962316
vt 0.271760 0.962461
vn -0.5602 0.7514 -0.3485
vn -0.5722 -0.4428 -0.6902
vn -0.7636 -0.6167 0.1910
vn -0.8175 -0.5494 0.1728
vn 0.5722 -0.4428 -0.6902
vn 0.5602 0.7514 -0.3485
vn 0.8175 -0.5494 0.1728
vn 0.7636 -0.6167 0.1910
vn 0.8063 -0.5912 -0.0156
vn -0.8063 -0.5912 -0.0156
vn 0.5516 -0.4655 0.6921
vn -0.5516 -0.4655 0.6921
vn -0.5716 0.8016 0.1751
vn 0.5716 0.8016 0.1751
vn 0.5749 0.6525 0.4937
vn -0.5749 0.6525 0.4937
vn -0.5613 0.7694 -0.3048
vn -0.6379 -0.4234 -0.6432
vn -0.7658 -0.5923 0.2506
vn -0.8187 -0.5232 0.2365
vn 0.5025 -0.4600 -0.7321
vn 0.5552 0.7336 -0.3919
vn 0.8105 -0.5754 0.1095
vn 0.7561 -0.6410 0.1319
vn 0.7834 -0.6167 -0.0775
vn -0.8235 -0.5652 0.0477
vn 0.5885 -0.4838 0.6477
vn -0.5108 -0.4486 0.7334
vn -0.5304 0.8192 0.2179
vn 0.6088 0.7827 0.1291
vn 0.6320 0.6332 0.4468
vn -0.5137 0.6699 0.5361
vn -0.5588 0.7860 -0.2644
vn -0.6949 -0.4037 -0.5950
vn -0.7629 -0.5696 0.3058
vn -0.8146 -0.4990 0.2955
vn 0.4345 -0.4739 -0.7659
vn 0.5469 0.7172 -0.4317
vn 0.7989 -0.5993 0.0514
vn 0.7443 -0.6633 0.0777
vn 0.7571 -0.6395 -0.1331
vn -0.8343 -0.5406 0.1076
vn 0.6192 -0.5017 0.6041
vn -0.4696 -0.4340 0.7688
vn -0.4888 0.8343 0.2547
vn 0.6394 0.7642 0.0840
vn 0.6811 0.6137 0.3993
vn -0.4536 0.6842 0.5710
vn 0.5908 0.7927 -0.1499
vn 0.6222 0.0152 0.7827
vn 0.7555 -0.6467 0.1049
vn 0.7973 -0.5975 0.0851
vn -0.5000 0.0489 0.8647
vn -0.5580 0.8272 -0.0660
vn -0.8107 -0.5492 0.2026
vn -0.7695 -0.6009 0.2163
vn -0.7863 -0.5186 0.3358
vn 0.7944 -0.5660 0.2204
vn -0.6061 -0.6414 -0.4703
vn 0.4920 -0.6744 -0.5505
vn 0.5736 0.6500 -0.4984
vn -0.6001 0.6853 -0.4127
vn -0.6194 0.4912 -0.6124
vn 0.5521 0.4560 -0.6979
vn -0.6898 -0.7016 -0.1787
vn -0.4564 -0.1019 0.8839
vn -0.6303 0.6623 0.4050
vn -0.6960 0.6090 0.3803
vn 0.6649 -0.2452 0.7055
vn 0.4080 -0.8418 -0.3533
vn 0.9059 0.4044 0.1255
vn 0.8661 0.4711 0.1670
vn 0.9078 0.3029 0.2901
vn -0.6723 0.5047 0.5414
vn 0.6165 0.7431 -0.2603
vn -0.4645 0.8812 -0.0884
vn -0.7233 -0.3681 -0.5842
vn 0.3968 -0.5111 -0.7624
vn 0.4221 -0.1834 -0.8878
vn -0.7045 -0.0394 -0.7086
vn -0.2277 -0.9734 -0.0267
vn -0.3209 -0.1851 0.9288
vn -0.8753 0.2994 0.3797
vn -0.9042 0.2170 0.3679
vn 0.7081 0.2402 0.6640
vn 0.7797 -0.5570 -0.2860
vn 0.5658 0.8245 -0.0103
vn 0.4978 0.8668 0.0263
vn 0.6231 0.7646 0.1644
vn -0.8268 0.1654 0.5376
vn 0.1356 0.9041 -0.4052
vn -0.8563 0.4942 -0.1499
vn -0.4370 -0.7702 -0.4645
vn 0.5909 -0.3454 -0.7291
vn 0.4398 -0.0743 -0.8950
vn -0.5940 -0.5016 -0.6290
vn -0.9957 -0.0361 -0.0850
vn -0.3136 0.6113 0.7266
vn 0.0677 0.9976 -0.0143
vn -0.0181 0.9992 -0.0340
vn 0.3501 -0.3076 0.8848
vn -0.3459 -0.9357 0.0697
vn 0.9301 -0.3133 0.1918
vn 0.9534 -0.2286 0.1967
vn 0.8734 -0.3085 0.3767
vn -0.0618 0.9861 0.1539
vn 0.9359 -0.0703 -0.3450
vn 0.2961 0.8154 -0.4974
vn -0.8169 0.0227 -0.5763
vn -0.1538 -0.8951 -0.4183
vn 0.0862 -0.7638 -0.6396
vn -0.5806 0.1592 -0.7984
vn 0.5466 0.8275 0.1282
vn 0.7962 -0.5739 0.1917
vn 0.7472 -0.6431 0.1676
vn 0.7827 -0.1473 -0.6047
vn -0.3120 -0.1473 -0.9386
vn -0.7136 -0.6431 -0.2779
vn -0.7676 -0.5739 -0.2853
vn -0.5251 0.8275 -0.1986
vn 0.8410 -0.5409 0.0065
vn -0.7015 -0.5409 -0.4640
vn 0.3925 -0.6936 0.6040
vn -0.6627 -0.6936 0.2821
vn -0.6829 0.6749 0.2795
vn 0.4106 0.6749 0.6130
vn -0.7554 0.4159 0.5063
vn 0.3443 0.4159 0.8417
vn 0.5339 0.8275 0.1737
vn 0.7773 -0.5739 0.2579
vn 0.7305 -0.6431 0.2298
vn 0.8307 -0.1473 -0.5369
vn -0.2320 -0.1473 -0.9615
vn -0.6877 -0.6431 -0.3368
vn -0.7410 -0.5739 -0.3487
vn -0.5066 0.8275 -0.2420
vn 0.8375 -0.5409 0.0771
vn -0.6600 -0.5409 -0.5213
vn 0.3403 -0.6936 0.6348
vn -0.6841 -0.6936 0.2255
vn -0.7039 0.6749 0.2211
vn 0.3577 0.6749 0.6453
vn -0.7953 0.4159 0.4411
vn 0.2724 0.4159 0.8676
vn 0.5187 0.8275 0.2148
vn 0.7548 -0.5739 0.3177
vn 0.7103 -0.6431 0.2860
vn 0.8701 -0.1473 -0.4704
vn -0.1563 -0.1473 -0.9767
vn -0.6594 -0.6431 -0.3894
vn -0.7115 -0.5739 -0.4054
vn -0.4862 0.8275 -0.2808
vn 0.8289 -0.5409 0.1421
vn -0.6174 -0.5409 -0.5711
vn 0.2898 -0.6936 0.6594
vn -0.6996 -0.6936 0.1715
vn -0.7190 0.6749 0.1656
vn 0.3063 0.6749 0.6713
vn -0.8273 0.4159 0.3777
vn 0.2039 0.4159 0.8862
vn -0.6126 0.7902 -0.0168
vn -0.7194 -0.5850 -0.3745
vn -0.6793 -0.6380 -0.3626
vn -0.8080 -0.2834 0.5165
vn 0.2394 -0.2834 0.9286
vn 0.7442 -0.6380 0.1975
vn 0.7817 -0.5850 0.2161
vn 0.4598 0.7902 0.4051
vn -0.7565 -0.6073 -0.2425
vn 0.7190 -0.6073 0.3380
vn -0.2473 -0.4146 -0.8758
vn 0.7778 -0.4146 -0.4724
vn 0.6094 0.7907 0.0590
vn -0.4862 0.7907 -0.3720
vn 0.7033 0.6871 -0.1825
vn -0.3903 0.6871 -0.6128
vn 0.6898 -0.7223 0.0483
vn 0.6960 0.6971 0.1720
vn 0.6303 0.7554 0.1789
vn 0.4564 0.1780 0.8717
vn -0.6649 -0.0135 0.7468
vn -0.8661 0.4997 0.0121
vn -0.9059 0.4234 -0.0065
vn -0.4080 -0.9099 -0.0739
vn 0.6723 0.6481 0.3576
vn -0.9078 0.3781 0.1815
vn 0.4645 0.8100 -0.3581
vn -0.6165 0.6252 -0.4785
vn -0.3968 -0.7229 -0.5655
vn 0.7233 -0.5315 -0.4407
vn -0.4221 -0.4504 -0.7867
vn 0.7045 -0.2579 -0.6612
vn 0.2277 -0.9737 -0.0074
vn 0.9042 0.2242 0.3635
vn 0.8753 0.3068 0.3737
vn 0.3209 -0.1665 0.9323
vn -0.7081 0.2533 0.6591
vn -0.4978 0.8672 0.0090
vn -0.5658 0.8241 -0.0268
vn -0.7797 -0.5626 -0.2748
vn 0.8268 0.1761 0.5341
vn -0.6231 0.7678 0.1491
vn 0.8563 0.4911 -0.1597
vn -0.1356 0.8959 -0.4231
vn -0.5909 -0.3598 -0.7221
vn 0.4370 -0.7793 -0.4491
vn -0.4398 -0.0921 -0.8933
vn 0.5940 -0.5140 -0.6189
vn 0.9957 -0.0776 -0.0501
vn 0.0181 0.8077 -0.5893
vn -0.0677 0.8174 -0.5720
vn 0.3136 0.9138 0.2580
vn -0.3501 0.2423 0.9048
vn -0.9534 -0.0786 0.2911
vn -0.9301 -0.1515 0.3347
vn 0.3459 -0.7350 0.5831
vn 0.0618 0.9024 -0.4264
vn -0.8734 -0.0438 0.4850
vn -0.2961 0.3953 -0.8695
vn -0.9359 -0.2519 -0.2460
vn 0.1538 -0.9756 0.1565
vn 0.8169 -0.3048 -0.4896
vn -0.0862 -0.9912 -0.1003
vn 0.5806 -0.3166 -0.7501
vn 0.4519 -0.7043 0.5475
vn 0.4383 -0.7946 0.4200
vn 0.2977 0.2492 0.9215
vn -0.1129 0.0863 0.9898
vn 0.7777 0.2259 0.5866
vn 0.4593 -0.7401 0.4913
vn 0.9792 -0.0167 -0.2024
vn 0.4891 -0.7867 0.3767
vn 0.8706 -0.3173 -0.3759
vn 0.4881 -0.5727 0.6585
vn 0.7648 -0.6375 -0.0933
vn 0.3400 0.2525 0.9059
vn 0.6396 -0.6544 0.4033
vn 0.3567 0.3864 0.8505
vn 0.4781 -0.6222 0.6199
vn 0.4026 0.2934 0.8671
vn 0.5014 -0.5396 0.6763
vn -0.1702 -0.2062 0.9636
vn 0.5892 -0.0225 0.8076
vn 0.0821 -0.2832 0.9555
vn 0.5393 -0.3000 0.7868
vn -0.0574 -0.8268 0.5596
vn -0.0448 -0.6205 0.7829
vn 0.9496 -0.1384 0.2814
vn 0.7826 -0.6187 0.0692
vn 0.7865 0.3469 0.5109
vn 0.4406 0.4515 0.7759
vn 0.1693 0.3442 0.9235
vn -0.0982 0.3482 0.9322
vn -0.1017 -0.0872 0.9910
vn 0.3418 -0.8870 0.3105
vn 0.0124 -0.1162 0.9931
vn 0.0122 -0.1864 0.9824
vn 0.0135 -0.1194 0.9927
vn 0.2822 -0.1271 0.9509
vn 0.0136 -0.1820 0.9832
vn 0.2484 -0.1071 0.9627
vn 0.7229 -0.3608 0.5892
vn 0.4368 -0.7249 0.5326
vn 0.0107 -0.8249 0.5652
vn 0.0084 -0.9370 0.3492
vn 0.4594 -0.8381 0.2941
vn 0.6116 -0.5439 0.5745
vn 0.6876 -0.6652 0.2911
vn 0.7778 -0.4928 0.3901
vn 0.6751 -0.6455 0.3572
vn 0.5196 -0.8201 0.2396
vn 0.5522 -0.8337 -0.0075
vn 0.7021 -0.6767 -0.2214
vn 0.9035 -0.4121 -0.1175
vn 0.9572 -0.1344 0.2562
vn 0.7469 0.2318 0.6232
vn 0.1985 0.3419 0.9185
vn -0.1966 0.1856 0.9627
vn -0.1690 -0.0078 0.9856
vn 0.0133 -0.0746 0.9971
vn 0.0123 -0.6861 0.7274
vn 0.4741 -0.7318 0.4895
vn 0.7206 -0.4533 0.5247
vn 0.8224 -0.4118 0.3926
vn 0.8731 -0.3237 0.3645
vn 0.8679 -0.4187 0.2670
vn 0.0191 0.0935 0.9954
vn 0.0127 0.0715 0.9973
vn 0.0896 0.1013 0.9908
vn 0.3000 -0.1911 0.9346
vn 0.8750 -0.2048 0.4386
vn 0.9330 -0.1830 0.3099
vn 0.5755 -0.3932 0.7170
vn 0.8826 -0.0903 0.4613
vn 0.8347 -0.0631 0.5471
vn 0.7474 -0.1728 0.6415
vn 0.8447 -0.1073 0.5244
vn 0.9523 -0.2369 0.1921
vn 0.9248 -0.2288 0.3040
vn 0.9064 -0.4043 -0.1226
vn 0.9172 -0.3980 0.0196
vn 0.7830 -0.5601 -0.2705
vn 0.8378 -0.5381 -0.0919
vn 0.8476 -0.3860 -0.3640
vn 0.5642 -0.7098 -0.4217
vn 0.9197 -0.3026 0.2500
vn 0.7450 -0.6267 0.2286
vn 0.7340 -0.3874 0.5578
vn 0.6671 -0.6142 0.4214
vn 0.5766 -0.5283 0.6231
vn 0.5732 -0.6963 0.4320
vn 0.2694 -0.7706 0.5776
vn 0.3108 -0.7837 0.5377
vn 0.0115 -0.7674 0.6410
vn 0.0112 -0.7911 0.6115
vn -0.0786 -0.9820 0.1718
vn 0.0066 -0.9797 0.2003
vn -0.1042 -0.9239 -0.3682
vn -0.0019 -0.9027 -0.4302
vn 0.3632 -0.6715 -0.6458
vn 0.2975 -0.8283 -0.4747
vn 0.6154 -0.6301 -0.4735
vn 0.7706 -0.4985 -0.3972
vn 0.9006 -0.3618 -0.2410
vn 0.9590 -0.2668 0.0956
vn 0.9001 -0.2269 0.3719
vn 0.7460 -0.5009 0.4388
vn 0.0133 -0.5016 0.8650
vn 0.0091 -0.9096 0.4153
vn 0.6999 -0.6772 0.2271
vn 0.4240 -0.4452 0.7886
vn 0.0133 -0.5132 0.8581
vn 0.7214 -0.3127 0.6179
vn 0.7588 -0.4079 0.5076
vn 0.8276 -0.3883 0.4053
vn 0.8740 -0.4021 0.2728
vn 0.9348 -0.2939 0.1991
vn 0.8613 -0.3467 0.3714
vn 0.7697 -0.3486 0.5347
vn 0.7093 -0.3561 0.6083
vn 0.2844 -0.6173 0.7335
vn 0.1565 -0.6908 0.7059
vn 0.8130 -0.2951 -0.5019
vn 0.7525 -0.3477 -0.5593
vn 0.7806 -0.0342 -0.6240
vn 0.8852 -0.0293 -0.4642
vn 0.8565 0.0656 -0.5119
vn 0.8186 0.1760 -0.5466
vn 0.9111 0.1606 -0.3796
vn 0.9205 0.2217 -0.3217
vn 0.9246 -0.2020 -0.3229
vn 0.9595 -0.2777 0.0466
vn 0.9478 -0.2895 0.1332
vn 0.8894 -0.3609 0.2805
vn 0.8020 -0.0017 0.5972
vn 0.9785 -0.1547 -0.1367
vn 0.8925 -0.4283 -0.1411
vn 0.7933 0.2267 -0.5651
vn 0.0981 0.6236 0.7755
vn 0.0081 0.5903 0.8071
vn 0.3711 0.7000 0.6101
vn 0.5508 0.6163 0.5628
vn 0.6989 0.4770 0.5329
vn 0.7434 0.3854 0.5466
vn 0.7792 -0.2705 0.5654
vn 0.4515 -0.7849 0.4242
vn 0.3009 -0.8619 0.4080
vn 0.2830 -0.9174 0.2795
vn 0.0171 -0.9660 0.2579
vn 0.4722 -0.6143 -0.6321
vn 0.3359 -0.7766 -0.5330
vn 0.0069 -0.8341 -0.5515
vn 0.0595 -0.7228 -0.6885
vn 0.7589 0.2822 0.5868
vn 0.9304 0.2226 0.2912
vn 0.6824 0.3594 0.6365
vn 0.6847 0.5651 0.4602
vn 0.6922 0.3618 -0.6244
vn 0.8473 0.2363 -0.4757
vn 0.9543 0.1459 -0.2607
vn 0.9109 -0.0133 -0.4124
vn 0.6879 0.1979 -0.6982
vn 0.8567 0.0976 -0.5064
vn 0.5317 0.4007 -0.7461
vn 0.6359 0.6977 -0.3297
vn 0.2666 0.8211 -0.5047
vn 0.4100 0.8917 -0.1917
vn 0.6030 0.7703 0.2074
vn 0.0847 0.2451 0.9658
vn -0.0395 0.2181 0.9751
vn 0.3686 0.4347 0.8216
vn 0.2542 0.5649 0.7850
vn 0.0558 0.2597 0.9641
vn 0.0116 0.2520 0.9677
vn 0.0786 0.3035 0.9496
vn 0.0113 0.2875 0.9577
vn 0.6500 -0.0943 -0.7540
vn -0.0624 -0.3057 -0.9501
vn -0.4844 -0.6360 -0.6007
vn -0.4752 -0.8701 0.1306
vn 0.1037 -0.8089 0.5787
vn 0.5262 -0.5842 0.6179
vn 0.7333 -0.4556 0.5046
vn 0.9644 -0.2636 -0.0185
vn 0.5499 -0.2708 -0.7901
vn -0.3002 -0.3134 -0.9009
vn -0.5065 -0.4626 -0.7276
vn -0.6705 -0.7393 -0.0623
vn -0.0797 -0.7255 0.6836
vn 0.5408 -0.6119 0.5772
vn 0.7093 -0.5631 0.4239
vn 0.8821 -0.4562 0.1168
vn 0.2210 -0.9048 -0.3638
vn -0.0251 -0.9995 0.0172
vn 0.2969 -0.8544 -0.4263
vn 0.7844 -0.3163 -0.5335
vn 0.5596 -0.5192 -0.6459
vn 0.7032 -0.5428 -0.4592
vn 0.9215 -0.2616 -0.2870
vn 0.0914 -0.6589 -0.7466
vn 0.1051 -0.7436 -0.6602
vn 0.4152 0.3927 0.8206
vn 0.4884 0.1825 0.8533
vn 0.0071 0.2452 0.9694
vn 0.1196 0.3038 0.9452
vn 0.0113 0.2930 0.9560
vn 0.0108 0.3461 0.9381
vn 0.7215 0.5099 0.4684
vn 0.6309 0.4198 0.6525
vn 0.7517 0.4633 0.4693
vn 0.6328 0.5350 0.5597
vn 0.8600 0.4729 0.1918
vn 0.8703 0.2925 0.3961
vn 0.6361 0.5707 0.5192
vn 0.6449 0.5298 0.5507
vn 0.7980 0.5906 0.1197
vn 0.5878 0.6333 0.5033
vn 0.4845 0.8716 0.0739
vn 0.5051 0.8369 -0.2108
vn 0.6853 0.6820 0.2552
vn 0.6249 0.7674 -0.1432
vn 0.2860 -0.4178 0.8623
vn 0.1430 0.1996 0.9694
vn 0.2836 0.6176 0.7336
vn 0.7369 0.5314 0.4179
vn 0.9224 0.1464 0.3573
vn 0.8003 -0.3789 0.4646
vn 0.5420 0.8141 0.2084
vn 0.7715 0.6227 -0.1301
vn 0.9117 0.4105 -0.0147
vn 0.9359 0.0842 0.3421
vn 0.5551 0.0393 0.8308
vn 0.1109 0.1610 0.9807
vn 0.0999 0.7864 0.6095
vn 0.3836 0.6914 0.6121
vn -0.0066 0.3652 0.9309
vn 0.0239 0.4999 0.8657
vn 0.0112 0.3055 0.9521
vn 0.6663 0.5212 0.5333
vn 0.9767 0.1833 -0.1118
vn 0.9892 0.0947 0.1120
vn 0.7815 0.3703 0.5020
vn 0.9090 0.0595 -0.4124
vn 0.5853 0.6268 0.5143
vn 0.4363 0.8700 0.2297
vn 0.4996 0.8401 -0.2110
vn 0.6003 0.5921 -0.5376
vn 0.7121 0.2748 -0.6460
vn 0.8280 0.5591 -0.0422
vn 0.6253 0.6458 0.4380
vn 0.7716 0.6122 0.1728
vn 0.9502 0.1902 -0.2469
vn 0.9485 0.3162 0.0203
vn 0.9724 -0.0189 0.2325
vn 0.7812 0.0991 0.6164
vn 0.9680 -0.0002 -0.2510
vn 0.5357 0.4069 0.7399
vn 0.4885 0.5678 0.6626
vn 0.5493 0.6075 0.5737
vn 0.8903 0.0373 -0.4539
vn 0.8569 0.3859 0.3417
vn 0.7181 0.5114 0.4719
vn 0.7268 0.6868 0.0077
vn 0.7988 0.5175 -0.3066
vn 0.6902 -0.1826 0.7002
vn 0.6441 0.1923 0.7403
vn 0.8694 0.0727 -0.4887
vn 0.8926 -0.4102 -0.1868
vn 0.7704 -0.5295 0.3550
vn 0.9834 0.1489 0.1036
vn 0.2462 0.7954 -0.5538
vn 0.2034 0.8799 -0.4294
vn 0.1389 0.8220 -0.5522
vn 0.5970 0.2491 0.7625
vn -0.0192 0.7779 -0.6280
vn 0.9917 -0.0125 -0.1280
vn 0.1968 0.7582 -0.6215
vn -0.0067 0.7432 -0.6690
vn -0.0241 0.8739 -0.4854
vn 0.2262 0.8628 -0.4520
vn 0.3820 0.8048 -0.4542
vn 0.5573 0.8287 -0.0517
vn 0.2937 0.5284 0.7966
vn 0.0094 0.4888 0.8723
vn 0.6341 0.7039 0.3200
vn 0.5966 0.6084 0.5233
vn 0.4222 0.8495 -0.3161
vn 0.5540 0.8301 -0.0628
vn 0.2225 0.7264 0.6503
vn 0.0062 0.7153 0.6988
vn 0.5824 0.7605 0.2871
vn 0.5148 0.7063 0.4859
vn -0.0065 0.9849 -0.1728
vn 0.4017 0.9023 -0.1563
vn 0.3361 0.8172 0.4682
vn 0.0041 0.8193 0.5734
vn 0.5938 -0.7348 -0.3276
vn 0.8528 -0.5105 -0.1097
vn -0.7918 -0.6105 -0.0158
vn -0.5148 -0.8224 -0.2420
vn -0.2122 0.9618 0.1726
vn -0.0020 0.9884 0.1516
vn -0.1666 0.9699 0.1773
vn 0.0703 0.9702 0.2317
vn 0.3038 0.9198 0.2481
vn 0.4088 0.8513 0.3289
vn 0.3575 -0.2648 0.8956
vn -0.4415 -0.8889 0.1222
vn -0.5026 -0.8631 -0.0498
vn -0.4736 -0.8076 -0.3514
vn -0.3267 -0.9444 0.0357
vn 0.4911 -0.8613 -0.1303
vn -0.0015 -0.9150 -0.4034
vn 0.6983 -0.6685 -0.2558
vn 0.1879 -0.8455 -0.4997
vn -0.0093 -0.9388 0.3443
vn 0.1307 -0.8919 0.4329
vn 0.9035 -0.4281 0.0204
vn 0.3988 -0.6214 0.6744
vn -0.0635 -0.3613 0.9303
vn 0.4140 -0.0966 0.9051
vn 0.4131 -0.0576 0.9088
vn -0.1982 0.1418 0.9698
vn 0.7174 -0.4033 0.5680
vn 0.9922 0.0262 -0.1218
vn 0.6773 0.5342 -0.5058
vn 0.8016 -0.2820 0.5271
vn 0.9392 0.0301 0.3419
vn 0.7534 0.6423 0.1405
vn 0.6691 0.5512 -0.4984
vn 0.8362 0.3064 -0.4548
vn 0.1699 0.3456 -0.9228
vn 0.3297 0.1623 -0.9300
vn 0.8634 0.2258 -0.4511
vn 0.7123 0.5074 -0.4849
vn -0.4661 0.0028 -0.8847
vn -0.2256 -0.2285 -0.9470
vn -0.8694 -0.4004 -0.2895
vn -0.7322 -0.6244 -0.2720
vn -0.6681 -0.4206 0.6138
vn -0.7597 -0.4947 0.4221
vn -0.2820 -0.2699 0.9207
vn -0.1865 -0.6825 0.7067
vn 0.3264 -0.1033 0.9395
vn 0.3582 -0.6148 0.7027
vn 0.2405 0.4505 0.8597
vn 0.4213 -0.3459 0.8383
vn -0.0783 -0.5039 0.8602
vn -0.4279 0.2051 0.8802
vn -0.7370 -0.4782 0.4777
vn -0.9433 0.2488 0.2197
vn -0.8716 -0.1253 -0.4740
vn -0.7834 0.2691 -0.5601
vn -0.4545 0.0784 -0.8873
vn -0.4000 0.2558 -0.8801
vn 0.1620 0.2495 -0.9547
vn 0.1921 0.4169 -0.8884
vn 0.9448 -0.1377 0.2973
vn 0.8740 0.3387 0.3484
vn 0.6887 0.4372 0.5784
vn -0.0247 0.5008 0.8652
vn -0.2375 0.2858 0.9284
vn 0.3753 0.1947 0.9062
vn -0.5546 0.3065 0.7736
vn -0.6950 0.3315 0.6380
vn -0.8709 -0.1886 0.4537
vn -0.9942 -0.0117 0.1068
vn -0.7189 -0.6932 -0.0502
vn -0.1385 -0.2905 -0.9468
vn -0.0258 -0.8166 -0.5767
vn 0.3753 -0.3687 -0.8504
vn 0.7115 -0.4575 -0.5333
vn 0.9179 0.0147 -0.3966
vn 0.9963 0.0620 -0.0584
vn 0.9359 0.1697 0.3088
vn 0.8138 0.4725 -0.3383
vn 0.4997 0.8363 0.2257
vn 0.7373 0.5016 0.4524
vn 0.9853 0.0273 -0.1686
vn 0.3847 0.0835 -0.9192
vn 0.5758 -0.4850 -0.6582
vn -0.3426 -0.0887 -0.9352
vn -0.1324 -0.7019 -0.6999
vn -0.8200 -0.0578 -0.5694
vn -0.7833 -0.5510 -0.2876
vn -0.9608 0.2425 0.1340
vn -0.8965 -0.0020 0.4430
vn -0.4363 0.6869 0.5812
vn -0.4497 0.4404 0.7770
vn -0.0019 0.8751 0.4840
vn 0.1093 0.6354 0.7644
vn -0.0373 -0.8151 0.5782
vn -0.2118 -0.7940 0.5698
vn 0.0253 -0.9988 0.0413
vn 0.1151 -0.9815 -0.1530
vn 0.0854 -0.8785 -0.4700
vn 0.2956 -0.8432 -0.4490
vn 0.4582 -0.8346 -0.3056
vn 0.4364 -0.8771 -0.2007
vn 0.4862 -0.8501 -0.2022
vn 0.5967 -0.7925 -0.1263
vn 0.1805 -0.9834 0.0150
vn 0.3661 -0.7388 0.5658
vn 0.4003 -0.6273 0.6680
vn 0.3226 -0.5324 0.7826
vn 0.9411 -0.0213 0.3374
vn 0.6716 0.0273 0.7403
vn 0.8678 0.2487 -0.4302
vn 0.8182 0.4091 -0.4039
vn 0.3910 0.1101 -0.9138
vn 0.1938 0.4082 -0.8921
vn -0.2496 -0.2682 -0.9304
vn -0.2286 0.0914 -0.9692
vn -0.7932 -0.5267 -0.3053
vn -0.7124 -0.2629 -0.6507
vn -0.8553 -0.2018 0.4772
vn -0.9909 -0.1023 0.0874
vn 0.4574 0.3888 0.7997
vn 0.7428 -0.1025 -0.6616
vn 0.8817 -0.4650 -0.0788
vn -0.2623 -0.8650 0.4277
vn 0.8226 0.4907 -0.2872
vn 0.8688 -0.0939 -0.4862
vn 0.6227 -0.2020 -0.7559
vn 0.6070 0.4968 -0.6202
vn 0.8969 0.3436 -0.2783
vn 0.6253 -0.2835 -0.7270
vn 0.3109 -0.1422 -0.9397
vn 0.4563 0.5714 -0.6821
vn 0.4969 0.3058 -0.8121
vn 0.3580 -0.0079 -0.9337
vn 0.0915 -0.1561 -0.9835
vn 0.0795 0.2450 -0.9662
vn 0.9836 0.1140 -0.1395
vn 0.9600 0.1301 -0.2480
vn 0.5358 0.2263 0.8135
vn 0.2571 -0.0427 0.9654
vn 0.9567 0.2602 0.1303
vn 0.5357 0.7790 0.3258
vn 0.5570 0.6590 -0.5054
vn 0.7972 -0.0118 -0.6035
vn -0.0816 0.2331 -0.9690
vn 0.6167 -0.0663 -0.7844
vn 0.6931 0.6423 -0.3271
vn 0.6121 0.6236 0.4861
vn 0.9669 0.2023 0.1556
vn 0.8784 0.3587 -0.3157
vn 0.1647 0.5979 -0.7844
vn 0.5273 0.5868 -0.6144
vn 0.1990 -0.9774 -0.0720
vn 0.3651 -0.9305 0.0277
vn 0.0452 -0.9775 -0.2058
vn 0.3906 -0.4837 0.7832
vn 0.5671 -0.5258 0.6339
vn 0.2478 -0.7233 0.6445
vn 0.2116 -0.4871 0.8473
vn 0.0923 -0.1336 0.9867
vn 0.1386 -0.7125 0.6878
vn 0.4596 -0.6864 0.5636
vn 0.6118 -0.0326 0.7903
vn 0.4306 -0.4194 0.7992
vn 0.6818 -0.0743 0.7277
vn 0.0924 -0.3060 0.9475
vn 0.5542 -0.5255 0.6455
vn 0.8047 -0.1165 0.5822
vn 0.1271 0.2790 0.9518
vn -0.1363 -0.1309 0.9820
vn 0.2460 0.0351 0.9686
vn 0.1398 0.1319 0.9813
vn -0.1486 0.1754 0.9732
vn 0.7010 -0.1663 0.6934
vn 0.7437 -0.4519 0.4926
vn 0.7168 -0.4775 0.5081
vn 0.1332 0.3678 0.9203
vn 0.5858 -0.5368 0.6071
vn 0.8805 0.1282 0.4563
vn -0.1480 0.3410 0.9283
vn 0.1647 -0.6070 0.7774
vn 0.4956 -0.2172 0.8409
vn 0.3876 -0.1502 0.9095
vn 0.4107 -0.6002 0.6863
vn 0.3076 -0.7371 0.6017
vn 0.5249 -0.0882 0.8466
vn 0.2263 -0.1697 0.9591
vn 0.1332 -0.0714 0.9885
vn 0.2159 0.0347 0.9758
vn 0.4380 -0.1210 0.8907
vn 0.7290 0.4716 0.4960
vn -0.1299 0.6832 0.7186
vn 0.2264 0.1800 0.9572
vn 0.6074 0.0361 0.7935
vn 0.5987 -0.0311 0.8004
vn 0.2767 -0.3250 0.9043
vn 0.7121 0.2307 0.6631
vn 0.5592 0.1370 0.8176
vn 0.7791 0.3803 0.4982
vn 0.7878 0.3140 0.5299
vn -0.0579 -0.8004 0.5965
vn -0.0913 -0.6188 0.7802
vn 0.5463 -0.3041 0.7804
vn 0.6489 0.0900 0.7555
vn 0.4304 -0.0832 0.8988
vn -0.1483 0.1576 0.9763
vn 0.3178 -0.0273 0.9478
vn -0.1397 -0.1131 0.9837
vn 0.1496 0.0208 0.9885
vn 0.3547 -0.0790 0.9316
vn 0.4419 -0.0060 0.8970
vn 0.7293 0.2175 0.6486
vn 0.6988 0.2229 0.6797
vn 0.8397 0.4716 0.2690
vn 0.8400 0.4755 0.2611
vn 0.7986 0.6012 -0.0269
vn 0.7071 0.7048 0.0566
vn 0.3138 0.9381 -0.1463
vn 0.4519 0.8858 -0.1053
vn 0.0092 0.9535 -0.3013
vn 0.0211 0.9264 -0.3760
vn -0.0269 0.9975 -0.0654
vn 0.3614 0.9317 0.0349
vn 0.6029 0.7764 0.1836
vn 0.7106 0.5321 0.4604
vn 0.5953 0.2818 0.7524
vn 0.2832 -0.0331 0.9585
vn -0.1384 -0.1274 0.9821
vn -0.0698 0.9693 0.2357
vn 0.3653 0.9218 0.1294
vn 0.5472 0.8291 0.1142
vn 0.7147 0.5448 0.4384
vn 0.5748 0.1174 0.8098
vn 0.2532 0.0569 0.9657
vn -0.1436 -0.0262 0.9893
vn 0.2014 0.6539 0.7293
vn -0.1328 0.6526 0.7459
vn 0.3684 -0.5287 0.7646
vn 0.6382 -0.4139 0.6491
vn 0.7721 -0.0540 0.6332
vn 0.0921 -0.0524 0.9944
vn 0.7857 0.3413 0.5159
vn 0.3960 0.2875 0.8721
vn 0.3130 0.9478 0.0603
vn -0.0279 0.9978 -0.0596
vn 0.7093 0.7033 0.0470
vn 0.0279 0.9070 -0.4201
vn 0.0532 0.8085 -0.5860
vn 0.3786 0.8613 -0.3389
vn 0.4455 0.8919 -0.0770
vn -0.3441 0.6976 -0.6284
vn 0.6214 0.7834 -0.0091
vn 0.6729 0.7396 0.0168
vn 0.6366 0.7694 -0.0522
vn 0.6026 0.7951 0.0681
vn 0.8383 0.5368 0.0952
vn 0.8266 0.5598 0.0570
vn 0.2896 -0.3952 0.8717
vn 0.1778 -0.1867 0.9662
vn 0.5385 -0.0854 0.8382
vn 0.7950 0.2276 0.5623
vn 0.4140 -0.1686 0.8945
vn 0.6857 -0.1209 0.7177
vn 0.8567 0.0903 0.5079
vn 0.9201 0.2110 0.3300
vn 0.6317 0.4779 0.6103
vn 0.6726 0.7240 0.1533
vn 0.9116 0.4037 -0.0778
vn 0.5659 0.8232 -0.0450
vn 0.6714 0.7240 0.1582
vn 0.7193 0.6604 0.2156
vn 0.8657 0.4908 -0.0984
vn 0.6814 0.7235 0.1108
vn 0.0962 0.5850 -0.8053
vn -0.6113 0.7790 -0.1397
vn 0.1050 0.5184 -0.8487
vn -0.7444 0.2603 -0.6149
vn -0.5850 -0.0643 -0.8084
vn 0.3743 0.7393 -0.5597
vn 0.7637 -0.1524 -0.6273
vn 0.7276 0.6700 -0.1469
vn 0.4615 0.7675 -0.4449
vn 0.6837 0.5829 -0.4391
vn 0.0667 0.7647 -0.6409
vn 0.3716 0.5998 -0.7086
vn -0.2826 0.1723 -0.9436
vn -0.2218 0.8385 -0.4977
vn 0.5339 0.7705 -0.3482
vn 0.6266 0.1395 -0.7667
vn 0.1183 0.3983 -0.9096
vn -0.6393 0.2016 -0.7420
vn -0.6596 0.6359 -0.4006
vn 0.0354 0.8853 -0.4637
vn -0.0450 0.9972 0.0588
vn 0.0932 0.8118 -0.5765
vn 0.5278 0.7005 -0.4804
vn 0.0522 0.8241 -0.5640
vn -0.4680 -0.1395 -0.8726
vn 0.8345 0.4485 -0.3201
vn 0.2173 0.6906 -0.6898
vn 0.3703 0.9288 -0.0080
vn -0.3224 0.6149 -0.7197
vn 0.3952 0.5310 -0.7495
vn 0.6955 0.4866 -0.5287
vn 0.7276 0.5888 -0.3520
vn 0.8071 0.0843 -0.5843
vn 0.5308 0.1689 -0.8305
vn 0.1307 0.2537 -0.9584
vn 0.4449 -0.0697 -0.8928
vn 0.7654 -0.0378 -0.6424
vn 0.1150 0.6805 -0.7237
vn 0.0075 0.7427 -0.6695
vn 0.1474 -0.1032 -0.9837
vn 0.1172 0.6778 -0.7258
vn 0.2862 0.5204 -0.8045
vn 0.9154 0.2061 -0.3457
vn 0.7375 0.4689 -0.4859
vn 0.2036 0.8387 -0.5051
vn 0.0548 0.4796 -0.8757
vn 0.0239 0.7921 -0.6099
vn 0.0403 0.6548 -0.7547
vn 0.1881 0.2970 -0.9362
vn 0.0661 0.4668 -0.8819
vn 0.0485 0.6682 -0.7424
vn 0.3170 0.3029 -0.8987
vn -0.0530 0.1679 -0.9843
vn 0.3450 -0.0491 -0.9373
vn -0.1687 0.4681 -0.8674
vn -0.2707 0.8308 -0.4862
vn 0.9155 -0.0006 -0.4023
vn 0.7788 0.5797 -0.2395
vn 0.3423 0.9073 -0.2442
vn -0.1676 0.9387 -0.3010
vn 0.8327 0.0741 -0.5487
vn 0.6510 -0.1711 -0.7395
vn 0.4577 0.5255 -0.7171
vn 0.8187 0.2891 -0.4962
vn 0.3071 0.4772 -0.8234
vn 0.0743 0.3368 -0.9386
vn 0.7256 0.5333 -0.4348
vn 0.3680 0.6761 -0.6383
vn 0.0406 0.6604 -0.7498
vn 0.9573 0.2111 -0.1973
vn 0.4152 -0.8512 0.3210
vn 0.8199 -0.5496 0.1603
vn 0.0540 -0.9754 0.2138
vn 0.0066 -0.9739 0.2266
vn -0.0445 -0.6601 0.7498
vn 0.2547 -0.6084 0.7516
vn 0.0354 -0.9984 0.0445
vn 0.3267 -0.9369 0.1241
vn 0.3298 -0.9433 0.0385
vn 0.0207 -0.9990 0.0399
vn 0.5412 -0.8039 0.2465
vn 0.4870 -0.8208 0.2984
vn 0.5527 -0.7158 0.4269
vn 0.4952 -0.7148 0.4938
vn 0.4603 -0.6058 0.6489
vn 0.4234 -0.6700 0.6098
vn 0.1589 -0.6637 0.7309
vn -0.0365 -0.7231 0.6898
vn -0.0247 -0.8012 0.5979
vn -0.0428 -0.7046 0.7083
vn -0.0595 -0.7554 0.6525
vn -0.2901 -0.7653 0.5745
vn -0.2568 -0.9360 0.2406
vn -0.2417 -0.9700 -0.0240
vn 0.0394 -0.9921 -0.1193
vn -0.4685 -0.1419 0.8720
vn -0.0855 0.0126 0.9962
vn -0.7351 -0.1298 0.6654
vn -0.8744 -0.3007 0.3806
vn -0.7840 -0.6164 -0.0737
vn -0.4327 -0.8568 -0.2804
vn 0.0536 -0.9401 -0.3366
vn -0.0263 -0.8318 0.5544
vn -0.7022 -0.5684 0.4286
vn 0.7849 0.2981 -0.5432
vn 0.2653 0.5200 -0.8119
vn 0.0495 0.4550 -0.8891
vn 0.9462 -0.2701 -0.1783
vn 0.5110 -0.8027 0.3073
vn 0.7251 -0.6772 0.1250
vn 0.5391 0.3301 -0.7748
vn 0.1385 0.3645 -0.9208
vn 0.0431 0.3680 -0.9288
vn 0.9469 0.0842 -0.3102
vn 0.6218 -0.7713 0.1353
vn 0.9243 -0.3635 0.1162
vn -0.0695 0.0139 0.9975
vn 0.6752 0.3236 0.6628
vn 0.5463 0.0175 -0.8374
vn 0.2007 0.0717 -0.9770
vn 0.0696 0.2124 -0.9747
vn 0.8933 0.2190 -0.3924
vn 0.9214 0.3487 0.1716
vn -0.0433 -0.7210 0.6916
vn -0.3851 -0.4624 0.7986
vn -0.0161 -0.6257 0.7799
vn -0.7717 0.0540 0.6337
vn 0.0052 -0.8768 0.4808
vn -0.7124 -0.5692 0.4104
vn 0.1118 -0.1048 -0.9882
vn 0.1404 -0.1918 -0.9713
vn -0.0374 -0.5395 -0.8411
vn 0.1576 -0.5030 -0.8498
vn 0.1203 -0.9620 -0.2450
vn -0.4512 -0.8669 -0.2116
vn -0.9061 0.0642 0.4181
vn -0.7545 -0.6476 0.1062
vn -0.9204 -0.3453 0.1834
vn -0.8239 0.0337 0.5657
vn -0.4317 -0.9013 -0.0340
vn 0.0210 -0.9378 0.3465
vn -0.0019 -0.9853 -0.1708
vn 0.1599 -0.5204 0.8388
vn 0.3721 -0.8917 -0.2575
vn 0.2185 -0.5248 0.8227
vn -0.5727 0.4569 0.6806
vn -0.3574 0.1267 0.9253
vn -0.0372 0.6891 0.7237
vn 0.2171 0.2844 0.9338
vn 0.6980 0.5861 0.4114
vn 0.3571 0.7243 0.5898
vn 0.6164 0.2898 0.7322
vn 0.8891 0.1591 0.4292
vn 0.7195 -0.6312 -0.2895
vn 0.6408 -0.6735 0.3684
vn 0.9691 -0.2194 -0.1127
vn 0.9579 -0.2448 -0.1501
vn 0.9434 0.2946 0.1523
vn 0.9996 -0.0026 0.0260
vn -0.5705 0.6440 0.5096
vn -0.2751 0.7445 0.6083
vn -0.3241 0.7194 0.6143
vn 0.1172 0.7645 0.6338
vn 0.8053 0.5600 0.1948
vn 0.9408 0.1841 -0.2845
vn 0.8631 0.4701 0.1847
vn 0.9693 0.1144 -0.2177
vn 0.2684 0.7783 0.5675
vn 0.5550 0.6724 0.4896
vn 0.7176 -0.1345 -0.6833
vn 0.8043 -0.2655 -0.5316
vn 0.3342 -0.3261 -0.8843
vn 0.4328 -0.6201 -0.6543
vn -0.8271 0.3861 0.4084
vn -0.7192 0.4620 0.5189
vn -0.9673 -0.0736 0.2428
vn -0.9611 -0.0075 0.2759
vn 0.1562 -0.5094 -0.8462
vn 0.0254 -0.8492 -0.5275
vn -0.2161 -0.8336 -0.5084
vn -0.4813 -0.8385 -0.2554
vn -0.8424 -0.5388 0.0045
vn -0.8786 -0.4759 0.0394
vn -0.9880 0.1360 -0.0733
vn -0.9060 0.3850 -0.1760
vn -0.8837 0.4041 0.2363
vn -0.8481 -0.4752 0.2342
vn -0.8971 0.3178 -0.3070
vn -0.8327 0.4170 -0.3644
vn -0.7190 0.4553 -0.5251
vn -0.7215 0.4854 -0.4937
vn -0.2090 0.6553 -0.7259
vn -0.4961 0.6147 -0.6131
vn -0.3907 -0.8965 0.2091
vn -0.4812 -0.2237 0.8476
vn 0.1930 -0.9597 0.2041
vn 0.6513 -0.4986 0.5719
vn 0.9432 -0.3286 -0.0478
vn 0.6797 -0.7158 0.1602
vn 0.9553 0.1399 0.2604
vn 0.9992 0.0354 -0.0149
vn 0.3087 0.6397 -0.7039
vn -0.0133 0.7529 -0.6579
vn 0.7684 0.3651 -0.5256
vn 0.6561 0.4847 -0.5785
vn 0.9619 -0.0166 -0.2730
vn 0.9426 0.1544 -0.2959
vn 0.3449 -0.7511 0.5629
vn 0.2843 -0.9266 0.2459
vn 0.7381 -0.6603 0.1383
vn 0.7741 -0.5547 0.3051
vn 0.8531 0.4345 -0.2887
vn 0.9851 -0.0723 -0.1558
vn 0.9677 -0.0751 -0.2404
vn 0.8587 0.3001 -0.4153
vn 0.9353 -0.3509 0.0455
vn 0.9261 -0.3753 -0.0373
vn 0.4895 0.8565 -0.1635
vn 0.5168 0.7091 -0.4797
vn 0.0580 0.9806 0.1872
vn 0.0185 0.8415 -0.5398
vn -0.4480 -0.6907 0.5676
vn -0.5094 -0.8268 0.2383
vn -0.9228 -0.3323 0.1947
vn -0.9118 -0.3897 0.1295
vn -0.5763 0.7193 -0.3878
vn -0.3721 0.9212 0.1139
vn -0.9240 0.3201 -0.2088
vn -0.8087 0.5863 0.0459
vn -0.9998 0.0197 -0.0008
vn -0.9853 0.1707 -0.0051
vn -0.9997 -0.0208 0.0098
vn -0.7345 0.5875 0.3397
vn -0.7305 0.6817 -0.0405
vn -0.7538 0.3446 -0.5595
vn 0.2789 0.8261 0.4896
vn 0.9409 0.3298 0.0777
vn 0.8110 0.5108 -0.2850
vn 0.1372 0.9748 -0.1758
vn 0.9109 -0.2470 -0.3305
vn 0.3768 -0.7528 -0.5396
vn 0.3682 -0.4917 -0.7890
vn 0.7109 0.0892 -0.6976
vn -0.3432 -0.8214 -0.4555
vn -0.8351 -0.4898 -0.2503
vn -0.7416 -0.2939 -0.6030
vn -0.2472 -0.4696 -0.8476
vn 0.0267 0.4203 -0.9069
vn -0.6592 -0.6827 0.3152
vn -0.9707 -0.0183 0.2396
vn -0.9898 -0.0685 0.1245
vn -0.6323 -0.7626 0.1368
vn 0.8623 0.3713 -0.3443
vn 0.9231 -0.3426 -0.1748
vn 0.8948 -0.3969 -0.2044
vn 0.7267 0.3574 -0.5866
vn -0.6466 0.7606 -0.0577
vn 0.1822 0.9186 -0.3507
vn 0.1555 0.7048 -0.6921
vn -0.6594 0.6835 -0.3130
vn 0.2979 -0.9523 0.0657
vn -0.2941 -0.9287 0.2257
vn -0.2517 -0.9673 -0.0306
vn 0.2238 -0.9674 -0.1185
vn -0.9934 -0.1106 -0.0290
vn -0.6662 -0.7202 -0.1935
vn 0.8822 -0.4149 -0.2227
vn 0.8604 0.4152 -0.2955
vn 0.2506 0.9380 -0.2394
vn -0.7018 0.6941 -0.1602
vn -0.3050 -0.8894 -0.3405
vn 0.2220 -0.8937 -0.3899
vn -0.7183 -0.6379 -0.2776
vn -0.9968 -0.0273 -0.0752
vn -0.9994 0.0101 -0.0342
vn -0.7886 -0.5593 -0.2553
vn 0.8918 0.4388 0.1104
vn 0.9353 -0.2723 -0.2259
vn 0.9460 -0.1912 -0.2618
vn 0.8330 0.5409 0.1160
vn -0.6357 0.7555 0.1585
vn 0.2993 0.9219 0.2461
vn 0.2990 0.8996 0.3183
vn -0.6192 0.7344 0.2779
vn 0.2616 -0.8675 -0.4229
vn -0.3218 -0.8756 -0.3602
vn -0.3307 -0.8635 -0.3807
vn 0.3076 -0.8249 -0.4741
vn -0.9872 -0.1381 -0.0801
vn -0.6393 0.7666 -0.0599
vn -0.0603 0.8805 -0.4702
vn 0.4447 0.4041 -0.7993
vn 0.7453 -0.2415 -0.6215
vn 0.2139 -0.9439 -0.2515
vn -0.4494 -0.8889 0.0887
vn -0.7904 -0.5958 0.1422
vn -0.8783 -0.4693 0.0916
vn -0.8890 0.3206 0.3269
vn -0.9104 0.3635 -0.1974
vn -0.8890 -0.2489 -0.3843
vn -0.2171 0.9493 0.2271
vn 0.5025 0.8616 -0.0713
vn 0.2944 0.8025 -0.5190
vn -0.3965 0.7937 -0.4612
vn 0.8504 0.1731 -0.4967
vn 0.7229 -0.4208 -0.5479
vn 0.6063 -0.2665 -0.7492
vn 0.6417 0.3010 -0.7054
vn 0.1727 -0.8911 -0.4196
vn -0.4864 -0.8628 -0.1377
vn -0.5541 -0.7230 -0.4126
vn 0.0032 -0.4257 -0.9048
vn -0.2380 0.2595 -0.9359
vn -0.2097 -0.9666 0.1470
vn -0.9434 -0.3248 0.0673
vn -0.8417 -0.4790 0.2491
vn -0.2095 -0.9768 0.0440
vn 0.5649 0.8097 -0.1589
vn 0.9748 0.2095 -0.0765
vn 0.9739 0.0913 -0.2079
vn 0.6237 0.7489 -0.2238
vn -0.8290 0.5515 -0.0925
vn -0.1487 0.9705 -0.1895
vn -0.1553 0.9617 -0.2259
vn -0.7903 0.5923 -0.1567
vn 0.8573 -0.5136 -0.0339
vn 0.4394 -0.8972 0.0430
vn 0.3392 -0.9233 -0.1798
vn 0.7691 -0.5853 -0.2565
vn -0.7863 -0.5606 0.2598
vn -0.2872 -0.9505 -0.1180
vn 0.9618 0.0649 -0.2658
vn 0.6251 0.7770 0.0735
vn -0.0531 0.9555 0.2901
vn -0.8464 0.2750 0.4560
vn 0.2797 -0.8934 -0.3516
vn 0.7345 -0.5293 -0.4245
vn -0.3607 -0.9277 -0.0965
vn -0.8367 -0.5015 0.2199
vn -0.8760 -0.4464 0.1825
vn -0.4671 -0.8809 -0.0752
vn 0.7134 0.6992 -0.0450
vn 0.9255 0.0722 -0.3717
vn 0.8690 0.1618 -0.4676
vn 0.4582 0.8513 -0.2553
vn -0.8027 0.3334 0.4945
vn -0.0931 0.9280 0.3607
vn -0.2327 0.9697 0.0739
vn -0.8636 0.4111 0.2918
vn 0.7425 -0.5148 -0.4285
vn 0.2735 -0.9160 -0.2935
vn 0.2133 -0.9171 -0.3366
vn 0.7578 -0.4578 -0.4648
vn -0.9102 -0.3207 -0.2622
vn -0.4448 0.5032 -0.7409
vn 0.0415 0.9081 -0.4166
vn 0.6366 0.7243 -0.2648
vn 0.9560 0.1877 -0.2255
vn 0.8758 -0.3068 -0.3726
vn 0.3678 -0.8948 -0.2529
vn -0.4216 -0.8827 -0.2077
vn -0.4780 -0.8729 -0.0975
vn -0.8571 -0.4845 0.1749
vn 0.5695 0.8032 -0.1744
vn 0.8700 0.1852 -0.4570
vn -0.8355 0.4141 0.3611
vn -0.1932 0.9420 0.2745
vn 0.7410 -0.4218 -0.5224
vn 0.1914 -0.8977 -0.3969
vn -0.9996 0.0134 0.0243
vn -0.8417 -0.4864 -0.2342
vn 0.9483 -0.1857 -0.2571
vn 0.8937 0.3801 0.2383
vn 0.2940 0.7775 0.5560
vn -0.6120 0.6618 0.4329
vn -0.3651 -0.8159 -0.4484
vn 0.3453 -0.7677 -0.5398
vn -0.6932 0.6603 -0.2890
vn -0.2340 0.4593 -0.8569
vn -0.4087 0.3888 -0.8257
vn -0.7685 0.5995 -0.2237
vn 0.3272 -0.1271 -0.9363
vn 0.6686 -0.5915 -0.4505
vn 0.7494 -0.5603 -0.3527
vn 0.5701 -0.1246 -0.8120
vn 0.4513 -0.8575 0.2467
vn -0.2838 -0.6079 0.7415
vn -0.2044 -0.8165 0.5399
vn 0.4575 -0.8684 0.1909
vn -0.6800 -0.0730 0.7296
vn -0.8367 0.3586 0.4139
vn -0.9527 0.1226 0.2780
vn -0.6998 -0.3098 0.6436
vn -0.8045 -0.5720 -0.1597
vn -0.9675 0.0908 -0.2359
vn -0.7632 0.0670 -0.6427
vn -0.4010 -0.4476 -0.7993
vn 0.4067 0.0308 -0.9130
vn 0.7022 0.4952 -0.5115
vn 0.9680 -0.1445 -0.2054
vn 0.7389 -0.5371 -0.4067
vn 0.7511 -0.6593 0.0332
vn 0.0965 -0.9944 -0.0432
vn 0.1642 -0.8664 -0.4715
vn 0.8275 0.5549 -0.0855
vn 0.9953 -0.0951 0.0174
vn -0.7045 0.6700 -0.2340
vn 0.1440 0.9745 -0.1718
vn 0.1684 0.8602 -0.4814
vn -0.3733 0.5610 -0.7388
vn -0.3383 0.8154 -0.4698
vn -0.7122 0.6718 -0.2035
vn 0.9808 -0.1935 0.0254
vn 0.8306 0.2041 -0.5180
vn -0.1349 -0.9575 0.2547
vn 0.6055 -0.7874 0.1156
vn -0.9983 0.0490 -0.0327
vn -0.7951 -0.5726 0.1997
vn -0.7335 0.1681 0.6585
vn -0.7910 0.5203 0.3219
vn 0.2809 -0.9416 0.1854
vn -0.5992 -0.3872 0.7007
vn 0.6003 0.1043 -0.7929
vn 0.8701 -0.3141 -0.3799
vn -0.6950 0.7139 -0.0855
vn -0.3063 0.6103 -0.7305
vn 0.1284 0.9866 0.1008
vn -0.7423 0.6650 -0.0818
vn 0.9861 0.0208 0.1650
vn 0.7697 0.6056 0.2021
vn -0.0457 -0.9972 0.0594
vn 0.7040 -0.7074 0.0626
vn -0.9911 0.0831 -0.1042
vn -0.7918 -0.6092 -0.0423
vn -0.9760 -0.0014 0.2178
vn -0.7813 -0.1250 0.6115
vn -0.4899 -0.7695 0.4097
vn -0.8711 -0.4690 0.1455
vn 0.3355 0.9411 -0.0418
vn 0.2670 0.9614 -0.0658
vn -0.6122 0.7889 -0.0525
vn -0.6503 0.7595 0.0139
vn 0.9919 0.1101 0.0626
vn 0.9147 0.1769 0.3633
vn 0.7470 -0.2937 0.5964
vn 0.8106 -0.5046 0.2973
vn 0.3920 0.3635 0.8451
vn -0.6474 0.1854 0.7392
vn -0.4970 -0.3077 0.8113
vn 0.2319 -0.3551 0.9056
vn 0.0767 -0.9970 0.0047
vn 0.2541 -0.9605 -0.1129
vn 0.7227 -0.6348 -0.2732
vn 0.7555 -0.6352 -0.1604
vn 0.1951 0.9742 0.1129
vn 0.3255 0.9250 0.1959
vn -0.4036 0.6936 0.5967
vn -0.5989 0.7464 0.2902
vn 0.1376 -0.8526 0.5041
vn 0.1362 -0.9259 0.3524
vn 0.8380 -0.5024 0.2129
vn 0.9958 0.0452 -0.0797
vn 0.9933 0.1152 0.0026
vn 0.7857 -0.6146 0.0696
vn -0.9788 -0.0970 0.1802
vn -0.9879 -0.1241 0.0923
vn -0.6041 -0.7358 0.3058
vn -0.6276 -0.6535 0.4232
vn 0.9883 -0.0373 -0.1480
vn 0.7667 -0.6314 -0.1160
vn 0.1694 0.9673 -0.1884
vn -0.6709 0.7323 -0.1168
vn 0.0334 -0.9803 0.1944
vn -0.9978 -0.0298 0.0593
vn -0.7382 -0.6522 0.1721
vn 0.3436 0.8530 0.3928
vn -0.4991 0.7424 0.4469
vn 0.9775 -0.0832 -0.1935
vn 0.9857 -0.1037 -0.1330
vn 0.2671 0.9551 -0.1280
vn -0.6595 0.7516 -0.0138
vn -0.0599 -0.9982 -0.0081
vn -0.9969 0.0189 0.0767
vn -0.8508 -0.5218 0.0615
vn 0.7830 0.6049 -0.1449
vn 0.8048 0.5934 -0.0105
vn 0.8351 0.5419 0.0942
vn 0.8010 0.5983 -0.0180
vn 0.7522 0.6530 -0.0875
vn 0.7447 0.6453 -0.1704
vn 0.8564 0.5162 -0.0067
vn -0.9645 0.2540 0.0719
vn -0.9427 0.2702 0.1957
vn -0.5598 -0.7620 0.3254
vn -0.8741 -0.4711 -0.1184
vn -0.0498 0.9256 -0.3753
vn -0.0698 0.9176 -0.3912
vn -0.8373 0.5177 -0.1757
vn -0.8011 0.5739 -0.1697
vn 0.9955 -0.0942 0.0065
vn 0.8960 0.1316 0.4241
vn 0.7430 -0.3399 0.5765
vn 0.6901 -0.6092 0.3906
vn 0.1900 0.3448 0.9192
vn -0.7716 0.2266 0.5943
vn -0.5758 -0.2997 0.7606
vn 0.1333 -0.4365 0.8897
vn -0.1243 -0.9702 -0.2080
vn -0.2335 -0.9718 -0.0318
vn 0.2943 -0.9441 0.1486
vn 0.6841 -0.7124 -0.1564
vn 0.0059 0.9896 0.1438
vn 0.1047 0.8772 0.4686
vn -0.6483 0.6560 0.3864
vn -0.5780 0.8069 0.1215
vn 0.0294 -0.8049 0.5926
vn -0.1470 -0.9207 0.3614
vn 0.5835 -0.7782 0.2321
vn 0.9997 0.0085 -0.0241
vn 0.9983 -0.0451 -0.0365
vn 0.6348 -0.7492 0.1891
vn -0.9923 0.0218 0.1216
vn -0.9971 0.0258 0.0717
vn -0.7062 -0.6234 0.3355
vn -0.7328 -0.5061 0.4548
vn 0.0232 0.9717 0.2349
vn -0.6655 0.6903 0.2838
vn 0.9967 -0.0796 -0.0157
vn 0.6581 -0.7528 -0.0115
vn -0.1382 0.9301 -0.3403
vn -0.7442 0.6477 -0.1634
vn -0.1911 -0.9626 0.1920
vn -0.9937 0.1079 0.0299
vn -0.8197 -0.5456 0.1743
vn 0.6751 -0.1696 0.7179
vn 0.9876 -0.0696 -0.1403
vn -0.0689 0.9777 -0.1983
vn -0.5970 0.7967 -0.0932
vn -0.1352 -0.9899 0.0433
vn -0.9653 0.2593 0.0295
vn -0.8151 -0.5786 0.0268
vn 0.6955 0.6605 -0.2829
vn 0.6435 0.7395 -0.1975
vn 0.6786 0.7345 -0.0072
vn 0.7691 0.5598 -0.3082
vn 0.7635 0.6362 0.1102
vn 0.7873 0.5490 -0.2807
vn 0.4905 0.5411 0.6831
vn -0.9883 0.1055 -0.1101
vn -0.9780 0.1275 -0.1651
vn -0.8065 -0.5052 -0.3070
vn -0.7999 -0.5575 -0.2220
vn 0.9975 -0.0634 -0.0309
vn 0.7492 0.1996 0.6316
vn 0.6039 -0.3266 0.7270
vn 0.7002 -0.6456 0.3046
vn -0.2047 0.3817 0.9013
vn -0.7698 0.0798 0.6332
vn -0.6313 -0.4230 0.6500
vn -0.0611 -0.4289 0.9012
vn -0.1687 -0.9474 -0.2720
vn -0.3504 -0.9071 -0.2333
vn 0.2176 -0.9513 0.2181
vn 0.8348 -0.5444 -0.0819
vn 0.2147 0.9219 0.3226
vn 0.2325 0.9082 0.3479
vn -0.6799 0.7276 0.0909
vn -0.6886 0.7148 0.1215
vn -0.2434 0.9207 0.3050
vn -0.0520 0.9635 -0.2624
vn -0.7082 0.6731 -0.2126
vn -0.7161 0.6823 0.1466
vn -0.1126 -0.8969 0.4275
vn 0.9938 -0.0868 -0.0692
vn 0.7750 -0.6185 0.1293
vn -0.9932 -0.0613 0.0987
vn -0.7153 -0.6331 0.2958
vn 0.9927 -0.1040 -0.0607
vn 0.7963 -0.6035 0.0405
vn 0.0022 0.9786 -0.2057
vn -0.6243 0.7645 -0.1607
vn -0.0650 -0.9599 0.2727
vn -0.9998 0.0161 -0.0074
vn -0.7609 -0.6198 0.1918
vn 0.9926 -0.1147 -0.0392
vn 0.7684 -0.6327 -0.0956
vn 0.0692 0.9948 -0.0741
vn -0.6185 0.7855 -0.0202
vn -0.0448 -0.9676 0.2484
vn -0.9931 0.0771 0.0878
vn -0.7654 -0.6033 0.2240
vn 0.9826 -0.1367 0.1252
vn 0.1577 0.9776 0.1392
vn -0.6793 0.7302 0.0738
vn -0.1321 -0.9912 -0.0090
vn -0.9958 0.0649 0.0638
vn -0.8470 -0.5282 0.0587
vn 0.6459 -0.2994 0.7022
vn 0.9436 0.3275 0.0485
vn 0.9339 0.2734 0.2304
vn 0.8691 0.4891 -0.0734
vn 0.7661 0.6093 -0.2045
vn 0.7365 0.6255 -0.2574
vn 0.5698 0.7700 0.2868
vn 0.3217 0.5391 0.7783
vn -0.1793 0.7898 -0.5865
vn -0.6438 0.5526 -0.5293
vn 0.5820 0.6490 -0.4899
vn -0.9816 -0.0693 -0.1780
vn -0.9587 -0.0719 -0.2749
vn -0.8190 -0.5258 -0.2296
vn -0.7355 -0.6566 -0.1667
vn -0.2904 0.0096 -0.9568
vn 0.8204 0.0341 -0.5708
vn 0.7424 -0.4557 -0.4910
vn -0.0964 -0.8155 -0.5706
vn 0.9266 -0.1156 -0.3578
vn 0.8524 -0.1548 -0.4993
vn 0.6482 -0.6825 -0.3377
vn 0.7427 -0.6100 -0.2762
vn 0.1155 -0.9887 -0.0949
vn -0.2276 0.8366 -0.4983
vn -0.2444 0.6210 -0.7447
vn -0.9225 0.2359 -0.3055
vn -0.9030 0.3297 -0.2755
vn -0.3055 0.7499 -0.5867
vn -0.8939 0.2677 -0.3594
vn 0.0639 -0.9626 -0.2634
vn -0.9378 -0.0322 -0.3456
vn -0.7461 -0.5900 -0.3084
vn 0.7708 0.4012 -0.4949
vn 0.6792 0.4881 -0.5481
vn 0.5482 0.5129 -0.6606
vn -0.1397 0.4676 0.8728
vn -0.3616 -0.2038 0.9098
vn -0.2118 -0.7177 0.6633
vn -0.7766 0.4514 0.4394
vn -0.5094 -0.0822 0.8566
vn -0.0908 -0.8041 0.5875
vn 0.0562 0.7428 0.6671
vn 0.1916 0.5134 0.8365
vn 0.4463 0.8593 0.2497
vn 0.1465 0.9065 0.3959
vn 0.1617 0.8592 0.4854
vn 0.4105 0.7938 0.4487
vn 0.9254 0.3785 0.0205
vn 0.9773 0.1567 -0.1425
vn 0.9023 0.2373 -0.3599
vn -0.8663 0.4171 -0.2747
vn -0.9158 0.3953 -0.0701
vn -0.7960 0.4345 -0.4214
vn -0.7572 0.4185 -0.5015
vn 0.4985 0.8033 0.3259
vn 0.3775 0.9210 0.0960
vn -0.5842 0.3968 0.7079
vn 0.2014 0.7778 0.5953
vn 0.2600 0.9467 0.1898
vn -0.2710 0.6532 0.7070
vn -0.5520 0.7968 0.2457
vn -0.2751 0.7631 -0.5847
vn 0.5589 0.6584 -0.5041
vn -0.7825 0.3815 -0.4920
vn 0.8900 -0.1712 -0.4225
vn 0.9277 -0.0486 -0.3702
vn 0.9425 -0.2101 -0.2598
vn 0.9017 -0.2499 -0.3526
vn 0.6264 -0.6332 -0.4545
vn 0.6067 -0.6521 -0.4546
vn 0.3109 -0.7860 -0.5343
vn -0.0540 -0.8674 -0.4946
vn 0.6158 -0.7179 -0.3246
vn 0.8935 0.1444 -0.4252
vn -0.9196 0.1245 -0.3726
vn -0.9630 -0.1246 -0.2387
vn -0.8221 0.2055 -0.5309
vn -0.8261 0.1127 -0.5521
vn -0.7995 -0.3891 -0.4575
vn -0.7085 -0.6189 -0.3391
vn -0.7100 -0.3861 -0.5889
vn -0.7012 -0.4732 -0.5332
vn -0.1541 -0.9839 -0.0899
vn 0.1325 -0.9876 -0.0844
vn -0.3439 -0.9388 -0.0193
vn -0.3287 -0.9427 -0.0557
vn 0.2594 -0.9564 -0.1339
vn -0.5102 -0.7802 -0.3619
vn -0.4074 -0.8309 -0.3791
vn -0.1069 -0.9077 -0.4059
vn 0.2780 -0.9024 -0.3292
vn 0.7478 -0.2634 0.6094
vn 0.9411 -0.2870 0.1786
vn 0.9669 -0.2294 -0.1110
vn 0.8471 0.3572 -0.3934
vn 0.3623 0.9297 0.0665
vn -0.0168 0.6446 0.7643
vn 0.0717 0.6623 0.7457
vn -0.6803 0.2309 0.6955
vn -0.8427 -0.5239 -0.1235
vn -0.8912 -0.2421 0.3836
vn -0.3690 -0.3468 0.8623
vn 0.3107 -0.3101 0.8985
vn -0.0723 -0.0605 -0.9955
vn -0.0641 -0.2415 -0.9683
vn 0.0033 -0.9852 0.1712
vn 0.1636 -0.0133 0.9864
vn -0.4963 0.2957 0.8162
vn -0.4210 -0.0846 0.9031
vn 0.1074 -0.0522 0.9928
vn 0.8371 0.0232 0.5465
vn 0.7706 -0.0798 0.6322
vn 0.5796 0.2641 -0.7709
vn 0.9493 0.0774 -0.3045
vn 0.8401 -0.5242 -0.1396
vn 0.3041 -0.9526 0.0028
vn 0.1585 0.0802 -0.9841
vn -0.8183 -0.5048 0.2748
vn -0.9406 -0.3035 0.1518
vn -0.8213 -0.2399 -0.5175
vn -0.2922 -0.1009 -0.9510
vn -0.3707 -0.8911 0.2615
vn 0.4879 -0.1303 0.8631
vn 0.1588 -0.1373 0.9777
vn 0.1552 -0.5319 0.8324
vn 0.4816 -0.4060 0.7766
vn -0.1946 -0.0979 0.9760
vn -0.2396 -0.4944 0.8355
vn -0.5336 -0.2823 0.7972
vn 0.8207 -0.2716 0.5026
vn -0.0327 -0.0900 -0.9954
vn 0.1049 -0.2037 -0.9734
vn -0.0203 -0.2479 -0.9686
vn -0.2810 -0.5291 -0.8007
vn 0.6588 -0.0023 -0.7523
vn 0.6568 -0.1750 -0.7335
vn -0.0495 -0.5046 -0.8619
vn 0.2570 -0.3283 -0.9089
vn -0.3358 -0.3977 -0.8538
vn 0.2846 -0.3138 -0.9058
vn 0.0184 -0.2468 -0.9689
vn -0.4024 -0.0529 -0.9139
vn -0.5944 -0.3279 -0.7342
vn 0.6497 -0.1407 -0.7470
vn -0.7863 -0.6025 0.1366
vn -0.9214 -0.3151 0.2273
vn 0.9946 -0.0296 -0.0993
vn 0.9983 -0.0457 -0.0352
vn 0.4657 -0.7401 -0.4851
vn -0.3847 -0.9017 0.1973
vn -0.5423 -0.2830 0.7911
vn -0.6633 0.3013 0.6850
vn -0.4761 0.7015 -0.5303
vn -0.6827 0.7067 0.1858
vn 0.2759 -0.0266 -0.9608
vn -0.6872 0.5195 0.5077
vn 0.9840 0.0859 -0.1559
vn 0.0034 0.9244 0.3814
vn -0.2130 0.8692 0.4462
vn 0.0461 0.9165 0.3973
vn 0.1644 0.9515 0.2598
vn -0.7315 -0.5293 0.4299
vn -0.6354 0.2606 0.7269
vn -0.6992 -0.7149 0.0028
vn -0.7460 -0.6486 0.1509
vn -0.4808 -0.8747 -0.0602
vn -0.6980 -0.7144 -0.0475
vn -0.6782 -0.7318 -0.0662
vn 0.1693 -0.9712 -0.1675
vn -0.2819 0.8433 0.4576
vn -0.0009 -0.9335 -0.3586
vn 0.3336 -0.9086 -0.2513
vn 0.5939 -0.7715 -0.2279
vn 0.0025 0.8829 0.4694
vn -0.4327 -0.7097 0.5560
vn 0.1379 0.0871 0.9866
vn -0.2752 0.2484 0.9287
vn -0.4218 -0.7976 0.4313
vn -0.7615 0.2201 0.6096
vn -0.4407 -0.7436 0.5028
vn -0.9841 -0.0277 -0.1752
vn -0.4726 -0.7906 0.3893
vn -0.8793 -0.3235 -0.3495
vn -0.4661 -0.5766 0.6710
vn -0.7634 -0.6422 -0.0691
vn -0.3182 0.2499 0.9144
vn -0.6234 -0.6587 0.4212
vn -0.3375 0.3835 0.8596
vn -0.4567 -0.6260 0.6321
vn -0.3822 0.2902 0.8773
vn -0.4772 -0.5462 0.6884
vn 0.1957 -0.2047 0.9591
vn -0.5686 -0.0284 0.8221
vn -0.0571 -0.2867 0.9563
vn -0.5163 -0.3047 0.8003
vn 0.0702 -0.6200 0.7814
vn 0.0789 -0.8263 0.5577
vn -0.7739 -0.6271 0.0880
vn -0.9408 -0.1481 0.3047
vn -0.7759 0.3403 0.5311
vn -0.4236 0.4476 0.7875
vn -0.1477 0.3428 0.9277
vn 0.1201 0.3493 0.9293
vn 0.1284 -0.0862 0.9879
vn -0.3256 -0.8895 0.3205
vn -0.2558 -0.1305 0.9579
vn -0.2223 -0.1090 0.9689
vn -0.7042 -0.3667 0.6079
vn -0.4168 -0.7284 0.5438
vn -0.4447 -0.8418 0.3060
vn -0.5918 -0.5489 0.5903
vn -0.6742 -0.6708 0.3089
vn -0.7632 -0.4991 0.4104
vn -0.5065 -0.8242 0.2530
vn -0.6603 -0.6508 0.3747
vn -0.5447 -0.8386 0.0083
vn -0.7034 -0.6822 -0.1996
vn -0.9037 -0.4178 -0.0936
vn -0.9482 -0.1529 0.2785
vn -0.7352 0.2177 0.6419
vn -0.1767 0.3413 0.9232
vn 0.2199 0.1875 0.9573
vn 0.1944 -0.0063 0.9809
vn -0.4552 -0.7356 0.5016
vn -0.7029 -0.4591 0.5433
vn -0.8079 -0.4205 0.4129
vn -0.8609 -0.3312 0.3862
vn -0.8576 -0.4256 0.2889
vn 0.0049 0.0937 0.9956
vn -0.0655 0.1011 0.9927
vn -0.2674 -0.1928 0.9441
vn -0.8613 -0.2227 0.4567
vn -0.9246 -0.1949 0.3274
vn -0.5533 -0.3978 0.7318
vn -0.8695 -0.0974 0.4842
vn -0.8298 -0.1141 0.5463
vn -0.7289 -0.1788 0.6608
vn -0.8196 -0.0699 0.5687
vn -0.9450 -0.2447 0.2169
vn -0.9146 -0.2364 0.3279
vn -0.9059 -0.4117 -0.0988
vn -0.9131 -0.4055 0.0433
vn -0.7852 -0.5665 -0.2499
vn -0.8356 -0.5449 -0.0701
vn -0.8537 -0.3929 -0.3417
vn -0.5692 -0.7144 -0.4069
vn -0.9104 -0.3101 0.2739
vn -0.7336 -0.6327 0.2479
vn -0.7160 -0.3933 0.5768
vn -0.6509 -0.6196 0.4387
vn -0.5559 -0.5329 0.6379
vn -0.5560 -0.7009 0.4467
vn -0.2479 -0.7727 0.5843
vn -0.2902 -0.7862 0.5455
vn 0.0911 -0.9813 0.1696
vn 0.1020 -0.9230 -0.3709
vn -0.3745 -0.6745 -0.6362
vn -0.3030 -0.8307 -0.4669
vn -0.7743 -0.5048 -0.3815
vn -0.6051 -0.6391 -0.4747
vn -0.9036 -0.3691 -0.2174
vn -0.9539 -0.2746 0.1206
vn -0.8882 -0.2342 0.3952
vn -0.7302 -0.5069 0.4581
vn -0.6882 -0.6828 0.2452
vn -0.3996 -0.4486 0.7994
vn -0.7024 -0.3185 0.6365
vn -0.7420 -0.4140 0.5272
vn -0.8135 -0.3950 0.4267
vn -0.8633 -0.4091 0.2954
vn -0.9269 -0.3015 0.2234
vn -0.8481 -0.3544 0.3939
vn -0.7524 -0.3554 0.5545
vn -0.6902 -0.3618 0.6266
vn -0.1324 -0.6920 0.7096
vn -0.2601 -0.6195 0.7407
vn -0.8087 -0.3325 -0.4851
vn -0.6874 -0.4233 -0.5901
vn -0.7903 -0.1297 -0.5987
vn -0.8400 -0.1876 -0.5090
vn -0.8894 -0.0202 -0.4566
vn -0.9437 -0.0855 -0.3197
vn -0.9585 0.0979 -0.2676
vn -0.9615 0.1488 -0.2308
vn -0.9340 -0.2543 -0.2508
vn -0.9541 -0.2900 0.0743
vn -0.9390 -0.3019 0.1648
vn -0.8792 -0.3683 0.3022
vn -0.7936 -0.0113 0.6084
vn -0.9804 -0.1874 -0.0600
vn -0.8965 -0.4350 -0.0841
vn -0.8389 0.2258 -0.4952
vn -0.0828 0.6229 0.7779
vn -0.3606 0.6971 0.6196
vn -0.5408 0.6119 0.5771
vn -0.6886 0.4714 0.5510
vn -0.7298 0.3881 0.5628
vn -0.7609 -0.2773 0.5866
vn -0.4320 -0.7892 0.4365
vn -0.2826 -0.8646 0.4154
vn -0.2681 -0.9197 0.2868
vn -0.0024 -0.9661 0.2582
vn -0.3652 -0.6530 -0.6635
vn -0.3192 -0.7790 -0.5396
vn -0.9279 0.2173 0.3030
vn -0.7503 0.2810 0.5984
vn -0.6693 0.3572 0.6514
vn -0.6738 0.5661 0.4748
vn -0.7711 0.3221 -0.5492
vn -0.9049 0.2099 -0.3701
vn -0.9872 0.0807 -0.1375
vn -0.9675 -0.0237 -0.2517
vn -0.9721 -0.0923 0.2154
vn -0.9807 0.0872 -0.1751
vn -0.7241 -0.3429 0.5984
vn -0.7290 0.6838 -0.0321
vn -0.5091 -0.2767 0.8150
vn -0.5127 0.8549 -0.0786
vn -0.6677 0.5165 0.5361
vn -0.0628 0.2440 0.9677
vn 0.0563 0.2203 0.9738
vn -0.3500 0.4318 0.8312
vn -0.2388 0.5580 0.7947
vn -0.0337 0.2591 0.9652
vn -0.0566 0.3026 0.9514
vn 0.0400 -0.3052 -0.9514
vn -0.6688 -0.0997 -0.7367
vn 0.4736 -0.6321 -0.6133
vn 0.4855 -0.8662 0.1180
vn -0.0819 -0.8096 0.5812
vn -0.5051 -0.5884 0.6314
vn -0.7161 -0.4616 0.5236
vn -0.9624 -0.2714 0.0067
vn 0.2791 -0.3110 -0.9085
vn -0.5681 -0.2754 -0.7754
vn 0.4910 -0.4585 -0.7407
vn 0.6746 -0.7338 -0.0799
vn 0.1035 -0.7248 0.6811
vn -0.5205 -0.6162 0.5910
vn -0.6934 -0.5688 0.4422
vn -0.8750 -0.4634 0.1398
vn -0.2230 -0.9067 -0.3580
vn 0.0336 -0.9993 0.0164
vn -0.3010 -0.8568 -0.4185
vn -0.6707 -0.4138 -0.6155
vn -0.8016 -0.4063 -0.4385
vn -0.5142 -0.6148 -0.5979
vn -0.3998 -0.5854 -0.7053
vn -0.3966 0.3897 0.8312
vn -0.0973 0.3029 0.9480
vn 0.0162 0.2452 0.9693
vn -0.4674 0.1786 0.8658
vn -0.7125 0.5032 0.4889
vn -0.6198 0.4200 0.6628
vn -0.7404 0.4606 0.4895
vn -0.6026 0.5345 0.5925
vn -0.8571 0.4598 0.2323
vn -0.6369 0.5216 0.5676
vn -0.6357 0.5611 0.5301
vn -0.8611 0.2883 0.4188
vn -0.8001 0.5818 0.1458
vn -0.5651 0.6204 0.5438
vn -0.5529 0.8236 -0.1259
vn -0.5068 0.8495 0.1470
vn -0.6856 0.6733 0.2765
vn -0.6583 0.7509 -0.0522
vn -0.1460 0.2029 0.9682
vn -0.2313 -0.4171 0.8789
vn -0.2775 0.6119 0.7407
vn -0.7268 0.5304 0.4363
vn -0.9137 0.1434 0.3802
vn -0.7735 -0.4004 0.4912
vn -0.7797 0.6164 -0.1098
vn -0.5430 0.8097 0.2226
vn -0.9151 0.4031 0.0092
vn -0.9272 0.0766 0.3665
vn -0.5335 0.0349 0.8451
vn -0.0866 0.1602 0.9833
vn -0.0903 0.7857 0.6120
vn -0.0053 0.4998 0.8661
vn 0.0280 0.3654 0.9304
vn -0.3733 0.6869 0.6235
vn -0.6563 0.5158 0.5506
vn -0.9740 0.2247 -0.0279
vn -0.7772 0.3613 0.5152
vn -0.9798 0.1215 0.1587
vn -0.9603 0.1063 -0.2580
vn -0.5734 0.6232 0.5318
vn -0.4331 0.8665 0.2481
vn -0.5125 0.8364 -0.1943
vn -0.7927 0.3764 -0.4794
vn -0.6297 0.6413 -0.4383
vn -0.8321 0.5542 -0.0211
vn -0.7645 0.6096 0.2092
vn -0.6193 0.6398 0.4551
vn -0.9645 0.2114 -0.1581
vn -0.7661 0.0916 0.6362
vn -0.9624 -0.0342 0.2694
vn -0.9552 0.2902 0.0575
vn -0.9816 -0.0435 -0.1858
vn -0.5166 0.4070 0.7533
vn -0.4910 0.5634 0.6644
vn -0.5367 0.6007 0.5925
vn -0.9351 0.0201 -0.3536
vn -0.8479 0.3828 0.3667
vn -0.7320 0.6808 0.0269
vn -0.7099 0.5053 0.4906
vn -0.8112 0.5105 -0.2851
vn -0.6259 0.1871 0.7571
vn -0.6701 -0.1881 0.7180
vn -0.8826 0.0650 -0.4656
vn -0.7565 -0.5357 0.3750
vn -0.8938 -0.4176 -0.1635
vn -0.9815 0.1408 0.1293
vn -0.2852 0.8476 -0.4475
vn -0.3171 0.8940 -0.3164
vn -0.1582 0.8583 -0.4881
vn -0.9073 -0.3392 0.2483
vn -0.1804 0.7764 -0.6039
vn -0.2986 0.8670 -0.3988
vn -0.4000 0.8283 -0.3923
vn -0.5677 0.8231 -0.0103
vn -0.2770 0.5260 0.8040
vn -0.5862 0.6013 0.5429
vn -0.6326 0.6967 0.3381
vn -0.4790 0.8361 -0.2672
vn -0.5741 0.8177 -0.0405
vn -0.2082 0.7230 0.6588
vn -0.5014 0.6983 0.5108
vn -0.5765 0.7601 0.2997
vn -0.4120 0.9026 -0.1246
vn -0.3280 0.8149 0.4779
vn -0.8512 -0.5174 -0.0874
vn -0.5962 -0.7397 -0.3121
vn 0.5150 -0.8182 -0.2555
vn 0.7961 -0.6041 -0.0366
vn 0.2088 0.9636 0.1671
vn 0.1635 0.9713 0.1728
vn -0.0719 0.9697 0.2336
vn -0.3048 0.9174 0.2561
vn -0.4064 0.8498 0.3355
vn -0.3295 -0.2464 0.9114
vn 0.4530 -0.8844 0.1118
vn 0.5087 -0.8586 -0.0631
vn 0.4709 -0.8037 -0.3638
vn 0.3352 -0.9417 0.0270
vn -0.4873 -0.8653 -0.1175
vn -0.4350 -0.7923 -0.4278
vn -0.0981 -0.9259 0.3648
vn -0.7461 -0.6460 -0.1609
vn -0.4322 -0.7110 0.5546
vn -0.6159 -0.2026 0.7613
vn -0.5449 -0.1982 0.8148
vn -0.9374 -0.3317 -0.1059
vn -0.7400 -0.5489 0.3887
vn -0.9228 -0.2557 0.2882
vn -0.8454 -0.4209 0.3289
vn -0.8077 0.0905 0.5826
vn -0.9426 0.2204 -0.2509
vn -0.8469 0.3451 -0.4045
vn -0.8461 0.5300 0.0560
vn -0.4198 0.1677 -0.8920
vn -0.8200 0.4394 -0.3668
vn -0.9587 0.1699 -0.2279
vn -0.5744 -0.0043 -0.8186
vn 0.1994 -0.1869 -0.9619
vn -0.0436 -0.4166 -0.9080
vn 0.7411 -0.5138 -0.4322
vn 0.5781 -0.7411 -0.3413
vn 0.7660 -0.4041 0.4999
vn 0.7924 -0.5481 0.2678
vn 0.4729 -0.1650 0.8655
vn 0.1516 -0.8695 0.4701
vn -0.0660 0.0783 0.9947
vn -0.2961 -0.5567 0.7761
vn -0.7631 0.5092 0.3980
vn 0.9738 0.0623 0.2185
vn 0.1573 -0.5461 0.8228
vn -0.1609 -0.2992 0.9405
vn 0.7922 0.2756 -0.5444
vn 0.6485 -0.6467 0.4016
vn 0.4447 0.0829 -0.8918
vn 0.6804 -0.2459 -0.6903
vn 0.0367 -0.0664 -0.9971
vn 0.1563 -0.1412 -0.9775
vn -0.5266 0.0789 -0.8464
vn -0.4524 0.0065 -0.8918
vn -0.8046 -0.0550 0.5912
vn -0.7348 0.4360 0.5196
vn -0.5158 0.6850 0.5145
vn -0.2872 0.6439 0.7091
vn 0.3203 0.7457 0.5842
vn 0.2166 0.8810 0.4205
vn 0.7194 0.6729 0.1723
vn 0.7046 0.6818 0.1962
vn 0.9114 0.0131 -0.4113
vn 0.9969 0.0689 -0.0373
vn 0.2519 -0.7460 -0.6164
vn 0.7049 -0.6867 -0.1772
vn -0.4024 -0.8089 -0.4285
vn -0.0820 -0.9910 -0.1058
vn -0.9402 -0.3027 -0.1561
vn -0.7421 -0.6627 0.1002
vn -0.9069 0.2615 0.3304
vn -0.9469 0.0084 0.3213
vn -0.9418 0.3051 -0.1408
vn -0.9604 -0.0087 0.2783
vn -0.5577 0.7089 0.4317
vn -0.4852 0.8743 -0.0117
vn -0.7136 -0.2741 -0.6446
vn -0.7092 -0.7022 -0.0627
vn -0.0337 -0.4745 -0.8796
vn -0.0754 -0.9499 -0.3031
vn 0.5250 -0.3263 -0.7860
vn 0.6578 -0.6709 -0.3423
vn 0.8545 0.2575 -0.4512
vn 0.9773 0.1910 -0.0920
vn 0.4898 0.8548 -0.1715
vn 0.6383 0.7560 0.1451
vn 0.0832 0.9904 -0.1105
vn 0.1174 0.9419 0.3146
vn 0.0992 -0.8082 0.5805
vn -0.0060 -0.9786 -0.2058
vn -0.1341 -0.8387 -0.5277
vn -0.3116 -0.8773 -0.3649
vn -0.3281 -0.8382 -0.4356
vn -0.5078 -0.8145 -0.2805
vn -0.3747 -0.8686 -0.3240
vn -0.4357 -0.7882 0.4346
vn -0.0599 -0.9963 -0.0614
vn -0.4425 -0.5176 0.7323
vn -0.4546 -0.5554 0.6963
vn -0.6688 0.1098 0.7353
vn -0.8602 0.0779 0.5039
vn -0.9140 0.2287 -0.3351
vn -0.9613 0.1710 -0.2159
vn -0.4378 0.2013 -0.8762
vn -0.6312 -0.0607 -0.7732
vn 0.0622 -0.0901 -0.9940
vn -0.0312 -0.4684 -0.8829
vn 0.5618 -0.3428 -0.7529
vn 0.6130 -0.6681 -0.4218
vn 0.8410 -0.3319 -0.4272
vn 0.8897 -0.4555 0.0304
vn -0.4174 -0.1323 -0.8990
vn 0.0573 -0.7806 -0.6224
vn 0.3755 -0.9112 -0.1693
vn -0.8222 -0.5171 -0.2377
vn -0.7883 0.4664 -0.4013
vn -0.5147 0.4877 -0.7051
vn -0.4896 -0.2209 -0.8434
vn -0.7820 -0.1228 -0.6110
vn -0.8408 0.2849 -0.4603
vn -0.3574 0.5393 -0.7624
vn -0.1444 -0.1488 -0.9782
vn -0.4664 -0.2900 -0.8357
vn -0.3611 0.2833 -0.8884
vn -0.1868 -0.0222 -0.9821
vn -0.8730 0.0847 -0.4802
vn -0.9473 0.0574 -0.3151
vn -0.5012 -0.0533 0.8637
vn -0.6710 0.2569 0.6955
vn -0.9507 0.2944 -0.0970
vn -0.5753 0.1765 -0.7986
vn -0.3933 0.6679 -0.6318
vn -0.5480 0.8253 0.1361
vn -0.2844 0.0157 -0.9586
vn 0.0998 0.1321 -0.9862
vn -0.7708 0.4936 -0.4028
vn -0.9379 0.2323 -0.2575
vn -0.9687 0.1764 0.1743
vn -0.6335 0.6540 0.4133
vn -0.3739 0.3963 -0.8385
vn -0.6821 0.4140 -0.6027
vn -0.3121 -0.9493 -0.0358
vn -0.1228 -0.9874 -0.1000
vn -0.5618 -0.5196 0.6437
vn -0.6971 -0.5611 0.4462
vn -0.3867 -0.7509 0.5353
vn -0.4343 -0.5141 0.7396
vn -0.3615 -0.1488 0.9204
vn -0.8081 -0.0851 0.5829
vn -0.5517 -0.7230 0.4157
vn -0.2800 -0.7266 0.6273
vn -0.8541 -0.1300 0.5036
vn -0.6098 -0.4578 0.6470
vn -0.3381 -0.3033 0.8909
vn -0.4142 0.2599 0.8722
vn -0.9282 -0.1744 0.3286
vn -0.6850 -0.5561 0.4707
vn -0.4228 0.1112 0.8993
vn -0.5113 0.0094 0.8593
vn -0.8561 -0.2232 0.4660
vn -0.7960 -0.5327 0.2871
vn -0.8223 -0.5069 0.2586
vn -0.4164 0.3478 0.8400
vn -0.6949 -0.5836 0.4201
vn -0.9810 0.0602 0.1845
vn -0.3537 -0.6191 0.7010
vn -0.6785 -0.2932 0.6736
vn -0.6246 -0.1913 0.7571
vn -0.5535 -0.6481 0.5229
vn -0.4298 -0.7664 0.4774
vn -0.7400 -0.1371 0.6585
vn -0.4781 -0.1954 0.8563
vn -0.6645 -0.1613 0.7296
vn -0.4893 0.0092 0.8721
vn -0.4054 -0.0914 0.9095
vn -0.8721 0.4132 0.2622
vn -0.5026 0.1534 0.8508
vn -0.4996 -0.3533 0.7909
vn -0.7987 -0.0818 0.5961
vn -0.8098 -0.0156 0.5865
vn -0.8869 0.1721 0.4288
vn -0.9266 0.2514 0.2795
vn -0.9115 0.3214 0.2564
vn -0.7777 0.0881 0.6223
vn -0.7238 -0.3496 0.5949
vn -0.8423 0.0356 0.5377
vn -0.6621 -0.1231 0.7392
vn -0.5725 -0.0598 0.8177
vn -0.4268 -0.0002 0.9043
vn -0.5994 -0.1139 0.7923
vn -0.6778 -0.0462 0.7338
vn -0.8777 0.1654 0.4496
vn -0.8978 0.1582 0.4110
vn -0.9113 0.4116 0.0056
vn -0.9131 0.4075 0.0131
vn -0.7423 0.6518 -0.1550
vn -0.7984 0.5429 -0.2604
vn -0.3251 0.9148 -0.2397
vn -0.4651 0.8523 -0.2394
vn -0.4219 0.9031 -0.0795
vn -0.8486 0.4750 0.2328
vn -0.6841 0.7294 -0.0044
vn -0.8041 0.2301 0.5481
vn -0.5420 -0.0632 0.8380
vn -0.4519 0.8920 0.0101
vn -0.6148 0.7867 -0.0555
vn -0.8473 0.4876 0.2103
vn -0.7891 0.0674 0.6104
vn -0.5218 0.0284 0.8526
vn -0.4475 0.6301 0.6345
vn -0.5328 -0.5616 0.6330
vn -0.3683 -0.0692 0.9271
vn -0.9152 -0.1158 0.3860
vn -0.7661 -0.4651 0.4436
vn -0.9229 0.2785 0.2657
vn -0.6480 0.2494 0.7196
vn -0.3840 0.9223 -0.0424
vn -0.7404 0.6521 -0.1630
vn 0.0584 0.8091 -0.5847
vn 0.4585 0.7269 -0.5112
vn -0.4676 0.8587 -0.2094
vn -0.3276 0.8359 -0.4403
vn -0.7007 0.6894 -0.1838
vn -0.6427 0.7405 -0.1963
vn -0.6522 0.7493 -0.1150
vn -0.6480 0.7231 -0.2390
vn -0.8661 0.4757 -0.1536
vn -0.8458 0.5001 -0.1860
vn -0.4972 -0.4243 0.7567
vn -0.4434 -0.2069 0.8721
vn -0.7436 -0.1265 0.6566
vn -0.9304 0.1755 0.3218
vn -0.6370 -0.2137 0.7406
vn -0.8498 -0.1951 0.4895
vn -0.9670 -0.0115 0.2544
vn -0.9876 0.1398 0.0708
vn -0.8126 0.4133 0.4110
vn -0.7341 0.6778 -0.0395
vn -0.5892 0.7818 -0.2041
vn -0.8744 0.3795 -0.3023
vn -0.7415 0.6693 -0.0454
vn -0.7961 0.6051 -0.0056
vn -0.8342 0.4288 -0.3466
vn -0.7345 0.6718 -0.0960
vn 0.5685 0.8220 0.0326
vn 0.8685 0.3181 -0.3800
vn 0.7958 -0.0144 -0.6054
vn -0.5393 -0.2009 -0.8177
vn -0.2524 0.7271 -0.6384
vn -0.7038 0.6139 -0.3574
vn -0.3749 0.7241 -0.5789
vn -0.5861 0.5310 -0.6119
vn 0.0047 0.8059 -0.5920
vn -0.2177 0.5473 -0.8081
vn 0.5273 0.2019 -0.8253
vn -0.3898 0.1024 -0.9152
vn -0.4659 0.7340 -0.4942
vn 0.2942 0.8573 -0.4223
vn 0.6978 0.6873 -0.2018
vn 0.8081 0.2546 -0.5311
vn -0.4172 0.6660 -0.6184
vn 0.0176 0.8107 -0.5852
vn 0.7037 -0.0991 -0.7035
vn -0.7381 0.3911 -0.5498
vn -0.2747 0.5921 -0.7576
vn -0.4209 0.9004 -0.1104
vn 0.1627 0.4584 -0.8737
vn -0.5079 0.3636 -0.7809
vn -0.5462 0.5082 -0.6658
vn -0.6259 0.5741 -0.5278
vn -0.2821 0.1392 -0.9492
vn -0.6102 0.0337 -0.7915
vn -0.1651 -0.0920 -0.9820
vn 0.0689 0.7492 -0.6587
vn 0.0391 0.6414 -0.7662
vn -0.5431 -0.0830 -0.8355
vn -0.1455 0.4861 -0.8617
vn -0.6290 0.4420 -0.6395
vn -0.8033 0.1747 -0.5693
vn 0.0527 0.5085 -0.8594
vn -0.1758 0.8178 -0.5480
vn 0.0796 0.7757 -0.6260
vn -0.0348 0.2915 -0.9559
vn -0.1667 0.2880 -0.9430
vn -0.1601 -0.0629 -0.9851
vn 0.2191 0.1750 -0.9599
vn 0.2992 0.4597 -0.8361
vn 0.3045 0.8279 -0.4710
vn -0.7598 0.5400 -0.3619
vn -0.8319 -0.0422 -0.5533
vn 0.1431 0.9454 -0.2927
vn -0.3541 0.8815 -0.3122
vn -0.4953 -0.1963 -0.8462
vn -0.7236 0.0322 -0.6895
vn -0.3403 0.5052 -0.7930
vn -0.7236 0.2593 -0.6397
vn -0.1848 0.4613 -0.8678
vn -0.2947 0.6460 -0.7041
vn -0.6654 0.4724 -0.5780
vn -0.9138 0.1577 -0.3742
vn -0.8160 -0.5777 0.0175
vn -0.4178 -0.8649 0.2781
vn -0.0359 -0.9778 0.2066
vn -0.3506 -0.6330 0.6902
vn -0.2855 -0.9583 -0.0118
vn -0.2577 -0.9588 0.1194
vn -0.4797 -0.8484 0.2238
vn -0.4892 -0.8419 0.2276
vn -0.5207 -0.7498 0.4081
vn -0.5509 -0.7425 0.3809
vn -0.4866 -0.6989 0.5241
vn -0.5305 -0.6255 0.5720
vn -0.2441 -0.6847 0.6866
vn -0.0419 -0.7955 0.6044
vn -0.0063 -0.7353 0.6776
vn 0.2108 -0.7611 0.6134
vn 0.2576 -0.9229 0.2860
vn 0.2850 -0.9573 0.0479
vn 0.3078 -0.1080 0.9452
vn 0.6011 -0.0936 0.7936
vn 0.7947 -0.2880 0.5343
vn 0.8050 -0.5898 0.0643
vn 0.5233 -0.8302 -0.1921
vn 0.6482 -0.5325 0.5443
vn -0.1694 0.4952 -0.8521
vn -0.6605 0.2682 -0.7013
vn -0.8970 -0.2334 -0.3753
vn -0.7574 -0.6525 0.0203
vn -0.5198 -0.8015 0.2957
vn -0.0125 0.3922 -0.9198
vn -0.3862 0.3527 -0.8523
vn -0.8273 0.1027 -0.5522
vn -0.9835 -0.1614 -0.0819
vn -0.5932 -0.7874 0.1675
vn -0.7794 0.3087 0.5451
vn -0.2437 -0.2477 0.9377
vn -0.0126 0.1496 -0.9886
vn -0.2881 0.1554 -0.9449
vn -0.7068 0.2554 -0.6597
vn -0.9322 0.3471 -0.1027
vn 0.0901 -0.4394 0.8937
vn 0.5073 0.0090 0.8617
vn 0.6302 -0.5211 0.5755
vn 0.3019 -0.4502 -0.8403
vn 0.0904 -0.1007 -0.9908
vn 0.6309 -0.7689 -0.1038
vn 0.6424 0.0018 0.7664
vn 0.5200 -0.0364 0.8534
vn 0.8275 -0.2882 0.4818
vn 0.7782 -0.5459 0.3105
vn 0.3820 -0.9190 0.0972
vn 0.5902 -0.8058 -0.0485
vn -0.9191 -0.2529 0.3022
vn 0.2193 -0.8902 -0.3993
vn -0.1746 0.1296 -0.9761
vn -0.1076 -0.7848 -0.6103
vn 0.1886 0.3067 0.9329
vn -0.0679 -0.0031 0.9977
vn -0.3596 0.5027 0.7860
vn -0.6187 0.1202 0.7763
vn -0.8919 0.4211 0.1650
vn -0.9987 0.0481 0.0149
vn -0.8969 0.1361 0.4207
vn -0.6783 0.5373 0.5012
vn -0.2940 -0.0201 -0.9556
vn -0.4387 -0.5380 -0.7197
vn -0.7615 -0.2145 -0.6116
vn -0.7946 -0.2097 -0.5697
vn -0.9566 0.1867 -0.2235
vn -0.9127 -0.0488 -0.4055
vn -0.1693 0.5216 0.8362
vn 0.1887 0.4372 0.8793
vn -0.4960 0.5593 0.6642
vn -0.0869 0.5404 0.8369
vn -0.7609 0.2093 -0.6142
vn -0.8922 0.4473 -0.0612
vn -0.8006 0.1203 -0.5870
vn -0.9279 0.3550 -0.1134
vn -0.6307 0.5644 0.5325
vn -0.8108 0.4837 0.3293
vn -0.3927 0.0068 -0.9196
vn -0.4733 -0.1400 -0.8697
vn -0.0396 -0.1389 -0.9895
vn -0.0602 -0.4339 -0.8990
vn 0.5265 0.2752 0.8043
vn 0.3664 0.3321 0.8691
vn 0.8066 -0.0876 0.5846
vn 0.7604 -0.0328 0.6486
vn 0.1507 -0.3595 -0.9209
vn 0.3059 -0.6806 -0.6657
vn 0.5358 -0.6871 -0.4907
vn 0.7111 -0.6756 -0.1945
vn 0.8718 -0.4256 0.2423
vn 0.8762 -0.3764 0.3008
vn 0.9308 0.1269 0.3428
vn 0.6938 -0.3657 0.6203
vn 0.6618 0.2017 0.7220
vn 0.8928 0.3768 0.2466
vn 0.9524 0.2931 0.0837
vn 0.9011 0.4326 0.0303
vn 0.8909 0.4104 -0.1946
vn 0.8554 0.5036 -0.1215
vn 0.5032 0.6165 -0.6055
vn 0.6803 0.6717 -0.2931
vn 0.2223 -0.8470 0.4828
vn 0.0223 -0.3013 0.9532
vn -0.3702 -0.9165 0.1517
vn -0.7745 -0.4058 0.4853
vn -0.8396 -0.3181 -0.4403
vn -0.9314 0.0188 -0.3635
vn -0.9999 -0.0038 -0.0099
vn -0.7315 -0.6674 -0.1393
vn 0.1801 0.8679 -0.4628
vn -0.0048 0.6154 -0.7881
vn -0.4739 0.5409 -0.6948
vn -0.4932 0.3454 -0.7984
vn -0.7582 -0.0191 -0.6517
vn -0.7868 0.1770 -0.5913
vn -0.5390 -0.7690 0.3436
vn -0.8282 -0.5559 -0.0712
vn -0.7416 -0.6454 -0.1828
vn -0.3795 -0.9187 0.1090
vn -0.6697 0.3491 -0.6554
vn -0.5988 0.2688 -0.7544
vn -0.7759 -0.0707 -0.6268
vn -0.8286 -0.0641 -0.5560
vn -0.8308 -0.3637 -0.4213
vn -0.8703 -0.3369 -0.3591
vn -0.3857 0.7799 -0.4929
vn -0.2600 0.6377 -0.7250
vn -0.0490 0.9952 -0.0842
vn 0.2413 0.7737 -0.5857
vn 0.3619 -0.8221 0.4393
vn 0.1864 -0.7026 0.6867
vn 0.7749 -0.3769 0.5073
vn 0.7615 -0.3311 0.5571
vn 0.4490 0.8837 0.1322
vn 0.7402 0.6450 -0.1897
vn 0.8290 0.4563 0.3233
vn 0.9514 0.2503 0.1792
vn 0.9176 0.0618 0.3927
vn 0.9105 -0.0026 0.4136
vn 0.9996 -0.0172 0.0216
vn 0.7535 0.1540 -0.6391
vn 0.7294 0.6412 -0.2384
vn 0.7391 0.6525 0.1672
vn -0.2774 0.9288 0.2457
vn -0.1379 0.8788 -0.4568
vn -0.8125 0.4010 -0.4230
vn -0.9453 0.3261 -0.0087
vn -0.9045 -0.3580 -0.2316
vn -0.7069 -0.1337 -0.6945
vn -0.3629 -0.7120 -0.6012
vn -0.3654 -0.8936 -0.2607
vn 0.3412 -0.9261 -0.1606
vn 0.2467 -0.7076 -0.6622
vn 0.7395 -0.4670 -0.4847
vn 0.8310 -0.5509 -0.0775
vn -0.0266 0.1176 -0.9927
vn 0.6681 -0.3735 0.6434
vn 0.6442 -0.5133 0.5670
vn 0.9901 0.0252 0.1377
vn 0.9708 0.1243 0.2052
vn -0.8665 0.1121 -0.4864
vn -0.7380 -0.0205 -0.6745
vn -0.9058 -0.4174 0.0721
vn -0.9245 -0.3776 0.0510
vn 0.6429 0.6042 -0.4707
vn 0.6532 0.4099 -0.6366
vn -0.1785 0.2231 -0.9583
vn -0.1909 0.5677 -0.8008
vn -0.3036 -0.7331 0.6085
vn -0.2318 -0.8079 0.5417
vn 0.2561 -0.7597 0.5977
vn 0.3024 -0.6213 0.7228
vn 0.6690 -0.6551 0.3510
vn 0.9963 -0.0795 0.0329
vn -0.8452 0.1529 -0.5121
vn -0.8947 -0.4277 0.1286
vn 0.6728 0.4513 -0.5861
vn -0.2295 0.5477 -0.8045
vn -0.2281 -0.9057 0.3573
vn 0.3002 -0.8740 0.3821
vn 0.7111 -0.6516 0.2641
vn 0.7753 -0.6060 0.1778
vn 0.9991 -0.0204 -0.0356
vn 0.9969 -0.0714 -0.0320
vn -0.8859 0.3851 -0.2587
vn -0.8440 0.4710 -0.2566
vn -0.9431 -0.3261 -0.0654
vn -0.9360 -0.3504 0.0321
vn 0.6349 0.6178 -0.4639
vn 0.6310 0.7078 -0.3174
vn -0.2941 0.8771 -0.3797
vn -0.2859 0.7978 -0.5307
vn -0.2622 -0.9126 0.3136
vn -0.3010 -0.9402 0.1595
vn 0.3245 -0.9102 0.2573
vn 0.3126 -0.8779 0.3627
vn 0.9874 -0.1575 0.0128
vn 0.6386 0.6012 -0.4803
vn 0.0578 0.4612 -0.8854
vn -0.4458 -0.1191 -0.8871
vn -0.7438 -0.5526 -0.3759
vn -0.2122 -0.9218 0.3243
vn 0.4508 -0.6833 0.5742
vn 0.7915 -0.4110 0.4523
vn 0.8783 -0.4674 0.1010
vn 0.8890 -0.2565 -0.3792
vn 0.9104 0.3595 -0.2046
vn 0.8890 0.3271 0.3204
vn 0.2171 0.9537 0.2081
vn 0.3965 0.7844 -0.4769
vn -0.2944 0.7920 -0.5348
vn -0.5025 0.8600 -0.0884
vn -0.8504 0.1632 -0.5001
vn -0.6417 0.2869 -0.7112
vn -0.6063 -0.2814 -0.7438
vn -0.7229 -0.4317 -0.5394
vn -0.1727 -0.8993 -0.4018
vn -0.0032 -0.4436 -0.8962
vn 0.5541 -0.7310 -0.3981
vn 0.4864 -0.8654 -0.1205
vn 0.2380 0.2409 -0.9409
vn 0.1784 -0.8133 0.5538
vn 0.1784 -0.9437 0.2786
vn 0.8154 -0.4066 0.4120
vn 0.9358 -0.2680 0.2290
vn -0.5450 0.5680 -0.6167
vn -0.6045 0.5098 -0.6120
vn -0.9740 -0.0293 -0.2246
vn -0.9711 0.1334 -0.1977
vn 0.8314 0.3732 -0.4115
vn 0.7866 0.2285 -0.5736
vn 0.1409 0.6023 -0.7857
vn 0.1689 0.6584 -0.7335
vn -0.8364 -0.5023 0.2195
vn -0.7502 -0.6503 -0.1190
vn -0.3388 -0.9406 0.0201
vn -0.4275 -0.7980 0.4248
vn 0.2727 -0.9621 -0.0085
vn 0.7676 -0.5396 0.3457
vn -0.6442 0.7501 -0.1490
vn -0.9522 -0.0017 -0.3054
vn 0.8722 0.2461 0.4227
vn 0.0828 0.9938 -0.0737
vn -0.7157 -0.5880 -0.3768
vn -0.2713 -0.9262 -0.2617
vn 0.3563 -0.9321 -0.0647
vn 0.4673 -0.8817 -0.0639
vn 0.8787 -0.4399 0.1852
vn 0.8369 -0.4950 0.2337
vn -0.7360 0.6762 -0.0319
vn -0.4780 0.8450 -0.2397
vn -0.8768 0.1441 -0.4587
vn -0.9304 0.0405 -0.3641
vn 0.7846 0.3504 0.5114
vn 0.8567 0.4250 0.2921
vn 0.2133 0.9736 0.0817
vn 0.0511 0.9222 0.3833
vn -0.7335 -0.5397 -0.4130
vn -0.7570 -0.4678 -0.4562
vn -0.2121 -0.9227 -0.3218
vn -0.2619 -0.9291 -0.2611
vn 0.9114 -0.4099 -0.0352
vn 0.4369 -0.0111 -0.8994
vn -0.0356 0.5014 -0.8645
vn -0.6343 0.4445 -0.6325
vn -0.9559 0.0263 -0.2925
vn -0.8781 -0.4600 -0.1315
vn -0.3732 -0.8764 0.3042
vn 0.4148 -0.8438 0.3404
vn 0.4780 -0.8747 -0.0801
vn 0.8571 -0.4809 0.1843
vn -0.5744 0.7989 -0.1783
vn -0.8728 0.1798 -0.4537
vn 0.8349 0.4220 0.3533
vn 0.1906 0.9468 0.2593
vn -0.7410 -0.4322 -0.5139
vn -0.1914 -0.9054 -0.3789
vn 0.8217 -0.5692 0.0268
vn 0.9998 -0.0055 0.0168
vn -0.9102 0.4119 0.0425
vn -0.9323 -0.3349 -0.1366
vn 0.6564 0.7509 0.0723
vn -0.2984 0.9383 0.1748
vn -0.3313 -0.9377 -0.1042
vn 0.3514 -0.9361 -0.0141
vn 0.6932 0.3841 -0.6099
vn 0.7685 0.3704 -0.5217
vn 0.4087 -0.1419 -0.9015
vn 0.2340 -0.1011 -0.9669
vn -0.3272 -0.6310 -0.7034
vn -0.5701 -0.5591 -0.6019
vn -0.7494 -0.6617 0.0228
vn -0.6687 -0.7425 -0.0405
vn -0.4516 -0.5708 0.6857
vn -0.4575 -0.6113 0.6456
vn 0.2044 -0.3724 0.9053
vn 0.2834 -0.0866 0.9551
vn 0.6799 0.3493 0.6447
vn 0.6998 0.1050 0.7066
vn 0.9527 0.2575 0.1612
vn 0.8367 0.5292 0.1411
vn 0.8045 -0.5630 0.1891
vn 0.4010 -0.8192 -0.4100
vn 0.7632 -0.3054 -0.5694
vn 0.9675 -0.0573 -0.2462
vn -0.4067 -0.4872 -0.7728
vn -0.7389 -0.6728 -0.0349
vn -0.9680 -0.2349 -0.0888
vn -0.7022 0.1225 -0.7013
vn -0.7511 -0.5269 0.3977
vn -0.1642 -0.9817 0.0964
vn -0.0965 -0.8471 0.5226
vn -0.8275 0.4111 -0.3823
vn -0.9953 -0.0689 0.0678
vn 0.7045 0.4230 -0.5699
vn 0.3733 0.0493 -0.9264
vn -0.1684 0.4414 -0.8813
vn -0.1440 0.7099 -0.6894
vn 0.7122 0.4416 -0.5456
vn 0.3383 0.4108 -0.8466
vn -0.8307 -0.1220 -0.5432
vn -0.9808 -0.1458 0.1296
vn -0.6055 -0.5866 0.5378
vn 0.1349 -0.6492 0.7485
vn 0.7951 -0.3616 0.4868
vn 0.9983 0.0222 -0.0546
vn 0.7335 0.5089 0.4506
vn 0.7910 0.6113 -0.0258
vn -0.2820 -0.6744 0.6823
vn 0.5983 0.0724 0.7980
vn -0.6001 -0.3591 -0.7148
vn -0.8699 -0.4736 -0.1381
vn 0.6950 0.5426 -0.4717
vn 0.3063 0.0947 -0.9472
vn 0.7423 0.5043 -0.4411
vn -0.1284 0.8730 -0.4706
vn -0.7697 0.6146 -0.1728
vn -0.9861 0.1099 0.1249
vn -0.7040 -0.5502 0.4490
vn 0.0457 -0.7917 0.6091
vn 0.7918 -0.5278 0.3071
vn 0.9911 0.0102 -0.1329
vn 0.8749 -0.0840 0.4770
vn 0.8459 -0.4891 0.2123
vn 0.4433 -0.8675 0.2257
vn 0.5961 -0.3480 0.7235
vn -0.4140 0.8864 0.2072
vn 0.5340 0.6973 0.4781
vn 0.5123 0.7497 0.4189
vn -0.3442 0.9143 0.2133
vn -0.9779 0.0781 -0.1940
vn -0.7996 -0.5797 -0.1569
vn -0.8429 -0.4984 0.2029
vn -0.9926 0.0256 0.1189
vn -0.6433 0.0151 0.7655
vn -0.4268 -0.6726 0.6044
vn 0.2906 -0.5929 0.7510
vn 0.3992 -0.1094 0.9103
vn 0.0359 -0.9240 -0.3806
vn -0.6089 -0.5266 -0.5932
vn -0.5481 -0.4814 -0.6840
vn -0.1064 -0.8460 -0.5224
vn -0.3271 0.8538 0.4049
vn 0.4130 0.5744 0.7067
vn 0.1322 0.3711 0.9191
vn -0.4944 0.7549 0.4307
vn -0.1732 -0.9802 0.0960
vn -0.8033 -0.5456 -0.2387
vn -0.1227 -0.9903 -0.0645
vn -0.9360 0.0721 -0.3446
vn -0.7022 -0.5950 -0.3911
vn -0.9636 0.1056 -0.2456
vn 0.8983 -0.1581 0.4097
vn 0.5585 -0.7653 0.3200
vn 0.5769 -0.7968 0.1793
vn 0.9338 -0.1499 0.3248
vn -0.9012 0.0217 -0.4328
vn -0.6321 -0.5399 -0.5558
vn 0.5920 0.7217 0.3586
vn -0.2184 0.9664 0.1355
vn 0.0243 -0.9807 -0.1941
vn 0.7320 -0.6687 0.1305
vn 0.9417 -0.0501 0.3327
vn -0.5293 0.6397 0.5573
vn 0.2745 0.5169 0.8108
vn -0.8712 0.0014 -0.4909
vn -0.8954 -0.0454 -0.4429
vn -0.3268 0.9321 0.1559
vn 0.5512 0.7004 0.4534
vn 0.1701 -0.9202 -0.3525
vn 0.9307 -0.0117 0.3655
vn 0.8551 -0.5060 0.1129
vn -0.7768 0.6146 -0.1368
vn -0.8372 0.5462 -0.0285
vn -0.8843 0.4655 0.0367
vn -0.8277 0.5603 -0.0322
vn -0.7683 0.6373 -0.0595
vn -0.7379 0.6616 -0.1334
vn -0.8816 0.4655 -0.0775
vn 0.8750 0.2076 0.4373
vn 0.9202 -0.3908 -0.0210
vn 0.5322 -0.8285 0.1742
vn 0.8189 0.1756 0.5464
vn 0.0463 0.9987 0.0189
vn 0.7485 0.5953 0.2922
vn 0.7909 0.5456 0.2770
vn 0.0706 0.9975 0.0078
vn -0.9435 -0.0897 -0.3189
vn -0.6979 -0.7120 -0.0771
vn -0.8285 -0.5335 0.1697
vn -0.9861 -0.0395 0.1616
vn -0.4680 -0.0304 0.8832
vn -0.3192 -0.7419 0.5896
vn 0.3787 -0.5663 0.7320
vn 0.5525 -0.0162 0.8333
vn 0.2826 -0.8183 -0.5004
vn -0.5331 -0.5995 -0.5969
vn -0.2170 -0.9297 -0.2976
vn 0.3396 -0.8868 -0.3132
vn -0.1542 0.8607 0.4852
vn 0.4306 0.7002 0.5694
vn 0.4607 0.4183 0.7828
vn -0.3343 0.5795 0.7433
vn -0.0988 -0.9697 0.2232
vn -0.5345 -0.8080 -0.2477
vn 0.1452 -0.9890 0.0280
vn -0.9506 0.0170 -0.3099
vn -0.5752 -0.7648 -0.2902
vn -0.9400 -0.0279 -0.3399
vn 0.9139 -0.0260 0.4050
vn 0.6343 -0.6409 0.4321
vn 0.6541 -0.7042 0.2763
vn 0.9315 -0.0034 0.3637
vn -0.1933 0.8096 0.5542
vn 0.4834 0.5307 0.6962
vn -0.9403 -0.0677 -0.3336
vn -0.5430 -0.6919 -0.4758
vn 0.6841 0.6612 0.3079
vn 0.1209 0.9896 0.0773
vn 0.2377 -0.9633 -0.1242
vn 0.7975 -0.5709 0.1950
vn 0.9304 0.0884 0.3556
vn -0.8207 -0.4297 0.3766
vn -0.8991 -0.0110 -0.4375
vn 0.0110 0.9797 0.2000
vn 0.5079 0.7724 0.3813
vn 0.2273 -0.9321 -0.2821
vn 0.8866 0.2287 0.4020
vn 0.8366 -0.5454 0.0512
vn -0.6621 0.7185 -0.2131
vn -0.6442 0.7591 -0.0937
vn -0.7286 0.6821 0.0626
vn -0.7145 0.6350 -0.2936
vn -0.8306 0.5466 0.1060
vn -0.7382 0.6145 -0.2785
vn -0.7202 0.1669 0.6733
vn 0.9633 0.1395 0.2292
vn 0.8868 -0.4313 -0.1657
vn 0.9112 -0.3476 -0.2210
vn 0.9664 0.1795 0.1839
vn -0.9387 -0.0469 -0.3413
vn -0.6804 -0.7130 -0.1695
vn -0.7376 -0.5784 0.3483
vn -0.9091 -0.0554 0.4127
vn -0.0897 0.0106 0.9959
vn -0.1372 -0.7392 0.6593
vn 0.4753 -0.6382 0.6055
vn 0.5566 -0.1668 0.8138
vn 0.3399 -0.7729 -0.5358
vn -0.7160 -0.4725 -0.5138
vn -0.1615 -0.9629 -0.2163
vn 0.5008 -0.7506 -0.4310
vn -0.3946 0.7301 0.5578
vn 0.5466 0.6150 0.5682
vn 0.5509 0.6258 0.5521
vn -0.4213 0.6894 0.5892
vn 0.0485 0.7357 0.6755
vn 0.5698 0.5754 0.5867
vn 0.6602 0.7035 0.2632
vn 0.0137 0.9910 0.1332
vn 0.0918 -0.9921 0.0851
vn -0.9223 -0.0540 -0.3827
vn -0.7076 -0.6213 -0.3365
vn 0.6746 -0.6980 0.2402
vn 0.9302 -0.0942 0.3548
vn -0.9216 -0.0732 -0.3812
vn -0.7057 -0.5737 -0.4158
vn 0.5557 0.7682 0.3178
vn -0.0551 0.9833 0.1731
vn 0.0950 -0.9915 -0.0886
vn 0.7448 -0.6462 0.1664
vn 0.9565 0.0177 0.2910
vn -0.9261 -0.0912 -0.3659
vn -0.6391 -0.5489 -0.5387
vn 0.5100 0.7342 0.4480
vn -0.1565 0.9484 0.2758
vn 0.0831 -0.9894 -0.1189
vn 0.7385 -0.6431 0.2022
vn 0.9177 0.0379 0.3955
vn -0.9585 -0.1740 -0.2256
vn 0.5488 0.6473 0.5289
vn -0.2968 0.8514 0.4325
vn 0.2386 -0.9134 -0.3297
vn 0.8529 -0.5109 0.1071
vn 0.9281 0.0358 0.3706
vn -0.7741 -0.5438 0.3240
vn -0.9520 0.2845 -0.1133
vn -0.9857 0.1654 0.0308
vn -0.8657 0.4803 -0.1408
vn -0.7451 0.6413 -0.1830
vn -0.7043 0.6764 -0.2152
vn -0.7078 0.6033 0.3674
vn -0.5770 0.1949 0.7931
vn 0.7231 0.6795 -0.1240
vn 0.2587 0.9434 -0.2076
vn -0.5051 0.7749 -0.3800
vn 0.9947 0.0081 0.1025
vn 0.8228 -0.5394 -0.1787
vn 0.9036 -0.3991 -0.1553
vn 0.9992 0.0380 0.0103
vn 0.5349 0.3725 -0.7584
vn 0.3366 -0.5375 -0.7732
vn -0.5271 -0.2349 -0.8166
vn -0.6344 0.2484 -0.7319
vn -0.7767 0.0313 -0.6291
vn -0.5654 -0.4560 -0.6873
vn -0.4299 -0.4813 -0.7639
vn -0.6559 0.0506 -0.7531
vn 0.0275 -0.8758 -0.4818
vn 0.2594 0.9632 -0.0704
vn 0.9012 0.4105 0.1392
vn 0.9386 0.3343 0.0846
vn 0.3659 0.8574 -0.3618
vn 0.3597 0.9200 -0.1553
vn 0.9244 0.3807 0.0239
vn 0.1413 -0.7540 -0.6415
vn 0.9919 0.1072 -0.0676
vn 0.8684 -0.3813 -0.3169
vn -0.6482 0.5592 -0.5169
vn -0.5559 0.6597 -0.5056
vn -0.4084 0.7269 -0.5521
vn -0.1675 0.0306 0.9854
vn 0.1230 -0.5342 0.8363
vn 0.1032 -0.9160 0.3877
vn 0.5749 0.2466 0.7801
vn 0.2652 -0.4016 0.8766
vn 0.0175 -0.9670 0.2539
vn -0.3056 0.3319 0.8924
vn -0.4595 0.1215 0.8798
vn -0.3955 0.6173 0.6800
vn -0.6884 0.5978 0.4107
vn -0.4199 0.5152 0.7471
vn -0.6855 0.3711 0.6263
vn -0.8942 0.1903 -0.4052
vn -0.9288 0.3406 -0.1461
vn -0.7893 0.3153 -0.5269
vn 0.8560 0.3568 0.3740
vn 0.8786 0.4540 0.1480
vn 0.8648 0.5021 -0.0051
vn 0.8491 0.5178 -0.1043
vn -0.8431 0.3747 0.3856
vn -0.7050 0.4473 0.5503
vn 0.3253 0.0615 0.9436
vn -0.4585 0.3001 0.8365
vn 0.0197 0.1964 0.9803
vn -0.5224 0.4079 0.7488
vn 0.3844 0.5199 0.7628
vn 0.3342 0.9294 -0.1563
vn -0.4922 0.7980 -0.3477
vn 0.8466 0.5235 -0.0954
vn -0.7815 0.0832 -0.6183
vn -0.7126 -0.0452 -0.7001
vn -0.7361 -0.1189 -0.6663
vn -0.8057 -0.0888 -0.5857
vn -0.3666 -0.4464 -0.8162
vn 0.3124 -0.6236 -0.7165
vn -0.0755 -0.5866 -0.8063
vn -0.3904 -0.4688 -0.7923
vn -0.4288 -0.5466 -0.7192
vn -0.7657 0.2959 -0.5711
vn 0.9995 -0.0157 0.0286
vn 0.9690 0.2469 0.0007
vn 0.9257 0.3448 -0.1553
vn 0.9326 0.2844 -0.2221
vn 0.8409 -0.4469 -0.3050
vn 0.9396 -0.1968 -0.2799
vn 0.8849 -0.1812 -0.4290
vn 0.8608 -0.2410 -0.4482
vn -0.0005 -0.8860 -0.4637
vn 0.2777 -0.8830 -0.3784
vn 0.4393 -0.8643 -0.2447
vn 0.4363 -0.8524 -0.2882
vn -0.1101 -0.8365 -0.5368
vn 0.5917 -0.6479 -0.4797
vn 0.6742 -0.6030 -0.4264
vn -0.0915 -0.7360 -0.6707
vn 0.3128 -0.7288 -0.6090
vn -0.9245 -0.3262 0.1971
vn -0.9165 -0.2972 -0.2678
vn -0.8244 -0.1879 -0.5339
vn -0.6362 0.2323 -0.7356
vn -0.3430 0.8113 -0.4734
vn -0.0856 0.9824 0.1660
vn -0.1016 0.9277 0.3592
vn 0.8496 0.3981 0.3460
vn 0.9368 -0.2561 0.2383
vn 0.6634 -0.2541 0.7037
vn 0.0030 -0.4000 0.9165
vn -0.6435 -0.3966 0.6547
vn 0.0677 -0.7454 -0.6632
vn 0.0730 -0.6114 -0.7879
vn -0.0019 -0.7140 0.7001
vn -0.1616 0.5394 0.8264
vn -0.1073 0.5147 0.8506
vn 0.4219 0.4371 0.7943
vn 0.4990 0.6992 0.5119
vn -0.8365 0.3236 0.4422
vn -0.7708 0.2891 0.5677
vn -0.9493 -0.1085 -0.2948
vn -0.5809 -0.2156 -0.7848
vn -0.3117 -0.7754 0.5491
vn -0.8430 -0.5041 0.1876
vn -0.1587 -0.4873 -0.8587
vn 0.9410 -0.1653 0.2953
vn 0.8185 -0.2610 0.5117
vn 0.2922 -0.6188 -0.7291
vn 0.8220 -0.4882 -0.2930
vn 0.3712 -0.5868 0.7196
vn -0.4881 0.3775 0.7869
vn -0.4818 0.1022 0.8703
vn -0.1552 0.0302 0.9874
vn -0.1590 0.4367 0.8854
vn 0.2400 0.0632 0.9687
vn 0.1950 0.4683 0.8618
vn 0.5343 0.2157 0.8173
vn -0.8211 0.0591 0.5677
vn 0.1234 -0.6806 -0.7222
vn 0.2819 -0.8882 -0.3626
vn 0.0181 -0.7534 -0.6573
vn -0.0974 -0.7581 -0.6448
vn -0.6587 -0.5574 -0.5052
vn -0.6829 -0.4356 -0.5864
vn 0.0493 -0.9011 -0.4308
vn -0.2573 -0.7811 -0.5689
vn 0.3355 -0.8085 -0.4834
vn -0.2852 -0.7667 -0.5752
vn -0.0193 -0.7470 -0.6645
vn 0.4012 -0.5565 -0.7275
vn 0.5952 -0.6837 -0.4222
vn -0.6506 -0.5347 -0.5393
vn 0.7869 -0.4198 0.4523
vn 0.9215 -0.1326 0.3649
vn -0.9946 -0.0804 -0.0649
vn -0.9983 -0.0576 -0.0041
vn -0.4662 -0.8845 0.0144
vn 0.3847 -0.6370 0.6680
vn 0.5430 0.2098 0.8130
vn 0.6639 0.6329 0.3982
vn 0.5188 0.2771 -0.8087
vn 0.6877 0.6855 -0.2391
vn -0.2602 -0.5722 -0.7777
vn 0.6883 0.7148 0.1239
vn -0.9854 -0.0139 -0.1693
vn 0.2176 0.8709 0.4406
vn -0.0009 0.9244 0.3815
vn -0.1653 0.9502 0.2641
vn -0.0455 0.9163 0.3979
vn 0.6525 0.2655 0.7097
vn 0.7474 -0.5222 0.4107
vn 0.7550 -0.6424 0.1313
vn 0.7049 -0.7092 -0.0155
vn 0.7024 -0.7087 -0.0658
vn 0.4862 -0.8708 -0.0728
vn 0.6822 -0.7263 -0.0840
vn -0.1657 -0.9726 -0.1631
vn 0.2869 0.8456 0.4501
vn -0.3327 -0.9113 -0.2425
vn -0.5934 -0.7764 -0.2124
vn 0.0135 -0.4331 0.9012
usemtl Monster
s 1
f 925/1160/385 926/1161/386 922/1162/387 921/1163/388
f 927/1164/389 928/1165/390 924/1166/391 923/1167/392
f 921/1163/388 924/1168/391 930/1169/393 929/1170/394
f 921/1163/388 922/1162/387 923/1171/392 924/1168/391
f 928/1165/390 927/1172/389 926/1173/386 925/1160/385
f 929/1170/394 930/1169/393 934/1174/395 933/1175/396
f 928/1165/390 925/1160/385 931/1176/397 932/1177/398
f 924/1166/391 928/1165/390 932/1177/398 930/1178/393
f 925/1160/385 921/1163/388 929/1170/394 931/1176/397
f 936/1179/399 935/1180/400 933/1175/396 934/1181/395
f 932/1177/398 931/1176/397 935/1180/400 936/1179/399
f 930/1178/393 932/1177/398 936/1179/399 934/1181/395
f 931/1176/397 929/1170/394 933/1175/396 935/1180/400
f 941/1182/401 942/1183/402 938/1184/403 937/1185/404
f 943/1186/405 944/1187/406 940/1188/407 939/1189/408
f 937/1185/404 940/1190/407 946/1191/409 945/1192/410
f 937/1185/404 938/1184/403 939/1193/408 940/1190/407
f 944/1187/406 943/1194/405 942/1195/402 941/1182/401
f 945/1192/410 946/1191/409 950/1196/411 949/1197/412
f 944/1187/406 941/1182/401 947/1198/413 948/1199/414
f 940/1188/407 944/1187/406 948/1199/414 946/1200/409
f 941/1182/401 937/1185/404 945/1192/410 947/1198/413
f 952/1201/415 951/1202/416 949/1197/412 950/1203/411
f 948/1199/414 947/1198/413 951/1202/416 952/1201/415
f 946/1200/409 948/1199/414 952/1201/415 950/1203/411
f 947/1198/413 945/1192/410 949/1197/412 951/1202/416
f 957/1204/417 958/1205/418 954/1206/419 953/1207/420
f 959/1208/421 960/1209/422 956/1210/423 955/1211/424
f 953/1212/420 956/1210/423 962/1213/425 961/1214/426
f 953/1212/420 954/1215/419 955/1211/424 956/1210/423
f 960/1209/422 959/1216/421 958/1217/418 957/1204/417
f 961/1214/426 962/1213/425 966/1218/427 965/1219/428
f 960/1209/422 957/1204/417 963/1220/429 964/1221/430
f 956/1210/423 960/1209/422 964/1221/430 962/1213/425
f 957/1204/417 953/1207/420 961/1222/426 963/1220/429
f 968/1223/431 967/1224/432 965/1225/428 966/1218/427
f 964/1221/430 963/1220/429 967/1224/432 968/1223/431
f 962/1213/425 964/1221/430 968/1223/431 966/1218/427
f 963/1220/429 961/1222/426 965/1225/428 967/1224/432
f 973/1226/433 974/1227/434 970/1228/435 969/1229/436
f 975/1230/437 976/1231/438 972/1232/439 971/1233/440
f 969/1229/436 972/1234/439 978/1235/441 977/1236/442
f 969/1229/436 970/1228/435 971/1237/440 972/1234/439
f 976/1231/438 975/1238/437 974/1239/434 973/1226/433
f 977/1236/442 978/1235/441 982/1240/443 981/1241/444
f 976/1231/438 973/1226/433 979/1242/445 980/1243/446
f 972/1232/439 976/1231/438 980/1243/446 978/1244/441
f 973/1226/433 969/1229/436 977/1236/442 979/1242/445
f 984/1245/447 983/1246/448 981/1241/444 982/1247/443
f 980/1243/446 979/1242/445 983/1246/448 984/1245/447
f 978/1244/441 980/1243/446 984/1245/447 982/1247/443
f 979/1242/445 977/1236/442 981/1241/444 983/1246/448
f 989/1248/449 990/1249/450 986/1250/451 985/1251/452
f 991/1252/453 992/1253/454 988/1254/455 987/1255/456
f 985/1251/452 988/1256/455 994/1257/457 993/1258/458
f 985/1251/452 986/1250/451 987/1259/456 988/1256/455
f 992/1253/454 991/1260/453 990/1261/450 989/1248/449
f 993/1258/458 994/1257/457 998/1262/459 997/1263/460
f 992/1253/454 989/1248/449 995/1264/461 996/1265/462
f 988/1254/455 992/1253/454 996/1265/462 994/1266/457
f 989/1248/449 985/1251/452 993/1258/458 995/1264/461
f 1000/1267/463 999/1268/464 997/1263/460 998/1269/459
f 996/1265/462 995/1264/461 999/1268/464 1000/1267/463
f 994/1266/457 996/1265/462 1000/1267/463 998/1269/459
f 995/1264/461 993/1258/458 997/1263/460 999/1268/464
f 1005/1270/465 1006/1271/466 1002/1272/467 1001/1273/468
f 1007/1274/469 1008/1275/470 1004/1276/471 1003/1277/472
f 1001/1278/468 1004/1276/471 1010/1279/473 1009/1280/474
f 1001/1278/468 1002/1281/467 1003/1277/472 1004/1276/471
f 1008/1275/470 1007/1282/469 1006/1283/466 1005/1270/465
f 1009/1280/474 1010/1279/473 1014/1284/475 1013/1285/476
f 1008/1275/470 1005/1270/465 1011/1286/477 1012/1287/478
f 1004/1276/471 1008/1275/470 1012/1287/478 1010/1279/473
f 1005/1270/465 1001/1273/468 1009/1288/474 1011/1286/477
f 1016/1289/479 1015/1290/480 1013/1291/476 1014/1284/475
f 1012/1287/478 1011/1286/477 1015/1290/480 1016/1289/479
f 1010/1279/473 1012/1287/478 1016/1289/479 1014/1284/475
f 1011/1286/477 1009/1288/474 1013/1291/476 1015/1290/480
f 1021/1292/481 1022/1293/482 1018/1294/483 1017/1295/484
f 1023/1296/485 1024/1297/486 1020/1298/487 1019/1299/488
f 1017/1300/484 1020/1298/487 1026/1301/489 1025/1302/490
f 1017/1300/484 1018/1303/483 1019/1299/488 1020/1298/487
f 1024/1297/486 1023/1304/485 1022/1305/482 1021/1292/481
f 1025/1302/490 1026/1301/489 1030/1306/491 1029/1307/492
f 1024/1297/486 1021/1292/481 1027/1308/493 1028/1309/494
f 1020/1298/487 1024/1297/486 1028/1309/494 1026/1301/489
f 1021/1292/481 1017/1295/484 1025/1310/490 1027/1308/493
f 1032/1311/495 1031/1312/496 1029/1313/492 1030/1306/491
f 1028/1309/494 1027/1308/493 1031/1312/496 1032/1311/495
f 1026/1301/489 1028/1309/494 1032/1311/495 1030/1306/491
f 1027/1308/493 1025/1310/490 1029/1313/492 1031/1312/496
f 1002/1281/467 1006/1314/466 1007/1274/469 1003/1277/472
f 986/1250/451 990/1249/450 991/1315/453 987/1259/456
f 1018/1303/483 1022/1316/482 1023/1296/485 1019/1299/488
f 970/1228/435 974/1227/434 975/1317/437 971/1237/440
f 922/1162/387 926/1161/386 927/1318/389 923/1171/392
f 938/1184/403 942/1183/402 943/1319/405 939/1193/408
f 954/1215/419 958/1320/418 959/1208/421 955/1211/424
f 1037/1321/497 1033/1322/498 1034/1323/499 1038/1324/500
f 1039/1325/501 1035/1326/502 1036/1327/503 1040/1328/504
f 1033/1322/498 1041/1329/505 1042/1330/506 1036/1331/503
f 1033/1322/498 1036/1331/503 1035/1332/502 1034/1323/499
f 1040/1328/504 1037/1321/497 1038/1333/500 1039/1334/501
f 1041/1329/505 1045/1335/507 1046/1336/508 1042/1330/506
f 1040/1328/504 1044/1337/509 1043/1338/510 1037/1321/497
f 1036/1327/503 1042/1339/506 1044/1337/509 1040/1328/504
f 1037/1321/497 1043/1338/510 1041/1329/505 1033/1322/498
f 1048/1340/511 1046/1341/508 1045/1335/507 1047/1342/512
f 1044/1337/509 1048/1340/511 1047/1342/512 1043/1338/510
f 1042/1339/506 1046/1341/508 1048/1340/511 1044/1337/509
f 1043/1338/510 1047/1342/512 1045/1335/507 1041/1329/505
f 1053/1343/513 1049/1344/514 1050/1345/515 1054/1346/516
f 1055/1347/517 1051/1348/518 1052/1349/519 1056/1350/520
f 1049/1344/514 1057/1351/521 1058/1352/522 1052/1353/519
f 1049/1344/514 1052/1353/519 1051/1354/518 1050/1345/515
f 1056/1350/520 1053/1343/513 1054/1355/516 1055/1356/517
f 1057/1351/521 1061/1357/523 1062/1358/524 1058/1352/522
f 1056/1350/520 1060/1359/525 1059/1360/526 1053/1343/513
f 1052/1349/519 1058/1361/522 1060/1359/525 1056/1350/520
f 1053/1343/513 1059/1360/526 1057/1351/521 1049/1344/514
f 1064/1362/527 1062/1363/524 1061/1357/523 1063/1364/528
f 1060/1359/525 1064/1362/527 1063/1364/528 1059/1360/526
f 1058/1361/522 1062/1363/524 1064/1362/527 1060/1359/525
f 1059/1360/526 1063/1364/528 1061/1357/523 1057/1351/521
f 1069/1365/529 1065/1366/530 1066/1367/531 1070/1368/532
f 1071/1369/533 1067/1370/534 1068/1371/535 1072/1372/536
f 1065/1373/530 1073/1374/537 1074/1375/538 1068/1371/535
f 1065/1373/530 1068/1371/535 1067/1370/534 1066/1376/531
f 1072/1372/536 1069/1365/529 1070/1377/532 1071/1378/533
f 1073/1374/537 1077/1379/539 1078/1380/540 1074/1375/538
f 1072/1372/536 1076/1381/541 1075/1382/542 1069/1365/529
f 1068/1371/535 1074/1375/538 1076/1381/541 1072/1372/536
f 1069/1365/529 1075/1382/542 1073/1383/537 1065/1366/530
f 1080/1384/543 1078/1380/540 1077/1385/539 1079/1386/544
f 1076/1381/541 1080/1384/543 1079/1386/544 1075/1382/542
f 1074/1375/538 1078/1380/540 1080/1384/543 1076/1381/541
f 1075/1382/542 1079/1386/544 1077/1385/539 1073/1383/537
f 1085/1387/545 1081/1388/546 1082/1389/547 1086/1390/548
f 1087/1391/549 1083/1392/550 1084/1393/551 1088/1394/552
f 1081/1388/546 1089/1395/553 1090/1396/554 1084/1397/551
f 1081/1388/546 1084/1397/551 1083/1398/550 1082/1389/547
f 1088/1394/552 1085/1387/545 1086/1399/548 1087/1400/549
f 1089/1395/553 1093/1401/555 1094/1402/556 1090/1396/554
f 1088/1394/552 1092/1403/557 1091/1404/558 1085/1387/545
f 1084/1393/551 1090/1405/554 1092/1403/557 1088/1394/552
f 1085/1387/545 1091/1404/558 1089/1395/553 1081/1388/546
f 1096/1406/559 1094/1407/556 1093/1401/555 1095/1408/560
f 1092/1403/557 1096/1406/559 1095/1408/560 1091/1404/558
f 1090/1405/554 1094/1407/556 1096/1406/559 1092/1403/557
f 1091/1404/558 1095/1408/560 1093/1401/555 1089/1395/553
f 1101/1409/561 1097/1410/562 1098/1411/563 1102/1412/564
f 1103/1413/565 1099/1414/566 1100/1415/567 1104/1416/568
f 1097/1410/562 1105/1417/569 1106/1418/570 1100/1419/567
f 1097/1410/562 1100/1419/567 1099/1420/566 1098/1411/563
f 1104/1416/568 1101/1409/561 1102/1421/564 1103/1422/565
f 1105/1417/569 1109/1423/571 1110/1424/572 1106/1418/570
f 1104/1416/568 1108/1425/573 1107/1426/574 1101/1409/561
f 1100/1415/567 1106/1427/570 1108/1425/573 1104/1416/568
f 1101/1409/561 1107/1426/574 1105/1417/569 1097/1410/562
f 1112/1428/575 1110/1429/572 1109/1423/571 1111/1430/576
f 1108/1425/573 1112/1428/575 1111/1430/576 1107/1426/574
f 1106/1427/570 1110/1429/572 1112/1428/575 1108/1425/573
f 1107/1426/574 1111/1430/576 1109/1423/571 1105/1417/569
f 1117/1431/577 1113/1432/578 1114/1433/579 1118/1434/580
f 1119/1435/581 1115/1436/582 1116/1437/583 1120/1438/584
f 1113/1439/578 1121/1440/585 1122/1441/586 1116/1437/583
f 1113/1439/578 1116/1437/583 1115/1436/582 1114/1442/579
f 1120/1438/584 1117/1431/577 1118/1443/580 1119/1444/581
f 1121/1440/585 1125/1445/587 1126/1446/588 1122/1441/586
f 1120/1438/584 1124/1447/589 1123/1448/590 1117/1431/577
f 1116/1437/583 1122/1441/586 1124/1447/589 1120/1438/584
f 1117/1431/577 1123/1448/590 1121/1449/585 1113/1432/578
f 1128/1450/591 1126/1446/588 1125/1451/587 1127/1452/592
f 1124/1447/589 1128/1450/591 1127/1452/592 1123/1448/590
f 1122/1441/586 1126/1446/588 1128/1450/591 1124/1447/589
f 1123/1448/590 1127/1452/592 1125/1451/587 1121/1449/585
f 1133/1453/593 1129/1454/594 1130/1455/595 1134/1456/596
f 1135/1457/597 1131/1458/598 1132/1459/599 1136/1460/600
f 1129/1461/594 1137/1462/601 1138/1463/602 1132/1459/599
f 1129/1461/594 1132/1459/599 1131/1458/598 1130/1464/595
f 1136/1460/600 1133/1453/593 1134/1465/596 1135/1466/597
f 1137/1462/601 1141/1467/603 1142/1468/604 1138/1463/602
f 1136/1460/600 1140/1469/605 1139/1470/606 1133/1453/593
f 1132/1459/599 1138/1463/602 1140/1469/605 1136/1460/600
f 1133/1453/593 1139/1470/606 1137/1471/601 1129/1454/594
f 1144/1472/607 1142/1468/604 1141/1473/603 1143/1474/608
f 1140/1469/605 1144/1472/607 1143/1474/608 1139/1470/606
f 1138/1463/602 1142/1468/604 1144/1472/607 1140/1469/605
f 1139/1470/606 1143/1474/608 1141/1473/603 1137/1471/601
f 1114/1442/579 1115/1436/582 1119/1435/581 1118/1475/580
f 1098/1411/563 1099/1420/566 1103/1476/565 1102/1412/564
f 1130/1464/595 1131/1458/598 1135/1457/597 1134/1477/596
f 1082/1389/547 1083/1398/550 1087/1478/549 1086/1390/548
f 1034/1323/499 1035/1332/502 1039/1479/501 1038/1324/500
f 1050/1345/515 1051/1354/518 1055/1480/517 1054/1346/516
f 1066/1376/531 1067/1370/534 1071/1369/533 1070/1481/532
f 1145/1482/609 1146/1483/610 1148/1484/611 1147/1485/612
f 1156/1486/613 1148/1484/611 1146/1483/610 1149/1487/614
f 1157/1488/615 1156/1486/613 1149/1487/614 1165/1489/616
f 1158/1490/617 1157/1488/615 1165/1489/616 1150/1491/618
f 1159/1492/619 1158/1490/617 1150/1491/618 1151/1493/620
f 1160/1494/621 1159/1492/619 1151/1493/620 1152/1495/622
f 1161/1496/623 1160/1494/621 1152/1495/622 1153/1497/624
f 1155/1498/625 1145/1482/609 1147/1485/612 1163/1499/626
f 1154/1500/627 1155/1498/625 1163/1499/626 1164/1501/628
f 1162/1502/629 1161/1496/623 1153/1497/624 1154/1500/627
f 1165/1489/616 1149/1487/614 1168/1503/630 1175/1504/631
f 1145/1482/609 1155/1498/625 1174/1505/632 1166/1506/633
f 1155/1498/625 1154/1500/627 1173/1507/634 1174/1505/632
f 1154/1500/627 1153/1497/624 1172/1508/635 1173/1507/634
f 1153/1497/624 1152/1495/622 1171/1509/636 1172/1508/635
f 1152/1495/622 1151/1493/620 1170/1510/637 1171/1509/636
f 1151/1493/620 1150/1491/618 1169/1511/638 1170/1510/637
f 1150/1491/618 1165/1489/616 1175/1504/631 1169/1511/638
f 1149/1487/614 1146/1483/610 1167/1512/639 1168/1503/630
f 1146/1483/610 1145/1482/609 1166/1506/633 1167/1512/639
f 1167/1512/639 1171/1509/636 1170/1510/637 1168/1503/630
f 1166/1506/633 1172/1508/635 1171/1509/636 1167/1512/639
f 1169/1511/638 1175/1504/631 1168/1503/630 1170/1510/637
f 1173/1507/634 1172/1508/635 1166/1506/633 1174/1505/632
f 1164/1501/628 1163/1499/626 2417/1513/640 2418/1514/641
f 2422/1515/642 1178/1516/643 1164/1501/628 2418/1514/641
f 2452/1517/644 1203/1518/645 1178/1516/643 2422/1515/642
f 1164/1501/628 1178/1516/643 1162/1502/629 1154/1500/627
f 1202/1519/646 1162/1502/629 1178/1516/643 1203/1518/645
f 1177/1520/647 2421/1521/648 2424/1522/649 1179/1523/650
f 1176/1524/651 1177/1520/647 1179/1523/650 1180/1525/652
f 1202/1519/646 1176/1524/651 1180/1525/652 1204/1526/653
f 1161/1496/623 1162/1502/629 1181/1527/654 1182/1528/655
f 1160/1494/621 1161/1496/623 1182/1528/655 1183/1529/656
f 1159/1492/619 1160/1494/621 1183/1529/656 1184/1530/657
f 1158/1490/617 1159/1492/619 1184/1530/657 1185/1531/658
f 1157/1488/615 1158/1490/617 1185/1531/658 1186/1532/659
f 1156/1486/613 1157/1488/615 1186/1532/659 1187/1533/660
f 1148/1484/611 1156/1486/613 1187/1533/660 1188/1534/661
f 1147/1485/612 1148/1484/611 1188/1534/661 1189/1535/662
f 1163/1499/626 1147/1485/612 1189/1535/662 1190/1536/663
f 2417/1513/640 1163/1499/626 1190/1536/663 2436/1537/664
f 1179/1523/650 2424/1522/649 2438/1538/665 1191/1539/666
f 1162/1502/629 1202/1519/646 1204/1526/653 1181/1527/654
f 1176/1524/651 1202/1519/646 1203/1518/645 1177/1520/647
f 2421/1521/648 1177/1520/647 1203/1518/645 2452/1517/644
f 1182/1528/655 1181/1527/654 1204/1526/653 1205/1540/667
f 1183/1529/656 1182/1528/655 1205/1540/667 1206/1541/668
f 1184/1530/657 1183/1529/656 1206/1541/668 1207/1542/669
f 1185/1531/658 1184/1530/657 1207/1542/669 1208/1543/670
f 1214/1544/671 2465/1545/672 2436/1537/664 1190/1536/663
f 1213/1546/673 1214/1544/671 1190/1536/663 1189/1535/662
f 1212/1547/674 1213/1546/673 1189/1535/662 1188/1534/661
f 1211/1548/675 1212/1547/674 1188/1534/661 1187/1533/660
f 1210/1549/676 1211/1548/675 1187/1533/660 1186/1532/659
f 1209/1550/677 1180/1525/652 1179/1523/650 1191/1539/666
f 1208/1543/670 1210/1549/676 1186/1532/659 1185/1531/658
f 1216/1551/678 1215/1552/679 1193/1553/680 1194/1554/681
f 1205/1540/667 1204/1526/653 1180/1525/652 1209/1550/677
f 1221/1555/682 1216/1551/678 1194/1554/681 1195/1556/683
f 1222/1557/684 1221/1555/682 1195/1556/683 1196/1558/685
f 1223/1559/686 1222/1557/684 1196/1558/685 1197/1560/687
f 1217/1561/688 1218/1562/689 1223/1559/686 1197/1560/687
f 1224/1563/690 1217/1561/688 1197/1560/687 1198/1564/691
f 1225/1565/692 1224/1563/690 1198/1564/691 1199/1566/693
f 1226/1567/694 1225/1565/692 1199/1566/693 1200/1568/695
f 1227/1569/696 1226/1567/694 1200/1568/695 1201/1570/697
f 2479/1571/698 1227/1569/696 1201/1570/697 2450/1572/699
f 1228/1573/700 1227/1569/696 2479/1571/698 2483/1574/701
f 1229/1575/702 1228/1576/700 2483/1577/701 2484/1578/703
f 1230/1579/704 1229/1575/702 2484/1578/703 1231/1580/705
f 1217/1561/688 1230/1579/704 1231/1580/705 1218/1562/689
f 1223/1559/686 1218/1562/689 1219/1581/706 1232/1582/707
f 1222/1557/684 1223/1559/686 1232/1582/707 1233/1583/708
f 1221/1555/682 1222/1557/684 1233/1583/708 1234/1584/709
f 1216/1551/678 1221/1555/682 1234/1584/709 1235/1585/710
f 1207/1542/669 1215/1552/679 1216/1551/678 1235/1585/710
f 1272/1586/711 2531/1587/712 2491/1588/713 1236/1589/714
f 2450/1572/699 1201/1570/697 1246/1590/715 2503/1591/716
f 1201/1570/697 1200/1568/695 1245/1592/717 1246/1590/715
f 1200/1568/695 1199/1566/693 1244/1593/718 1245/1592/717
f 1199/1566/693 1198/1564/691 1243/1594/719 1244/1593/718
f 1198/1564/691 1197/1560/687 1242/1595/720 1243/1594/719
f 1197/1560/687 1196/1558/685 1241/1596/721 1242/1595/720
f 1196/1558/685 1195/1556/683 1240/1597/722 1241/1596/721
f 1195/1556/683 1194/1554/681 1239/1598/723 1240/1597/722
f 1194/1554/681 1193/1553/680 1238/1599/724 1239/1598/723
f 1193/1553/680 1192/1600/725 1237/1601/726 1238/1599/724
f 1247/1602/727 1232/1582/707 1219/1581/706 1220/1603/728
f 1248/1604/729 1247/1602/727 1220/1603/728 1253/1605/730
f 1249/1606/731 1248/1604/729 1253/1605/730 1254/1607/732
f 1250/1608/733 1249/1606/731 1254/1607/732 1255/1609/734
f 1233/1583/708 1232/1582/707 1247/1602/727 1256/1610/735
f 1234/1584/709 1233/1583/708 1256/1610/735 1257/1611/736
f 1235/1585/710 1234/1584/709 1257/1611/736 1258/1612/737
f 1208/1543/670 1207/1542/669 1235/1585/710 1258/1612/737
f 1210/1549/676 1208/1543/670 1258/1612/737 1259/1613/738
f 1211/1548/675 1210/1549/676 1259/1613/738 1260/1614/739
f 1261/1615/740 1258/1612/737 1257/1611/736 1256/1610/735
f 1252/1616/741 1259/1613/738 1258/1612/737 1261/1615/740
f 1250/1608/733 1251/1617/742 1252/1616/741 1261/1615/740
f 1249/1606/731 1250/1608/733 1261/1615/740 1256/1610/735
f 1248/1604/729 1249/1606/731 1256/1610/735 1247/1602/727
f 2503/1591/716 1246/1590/715 1271/1618/743 2529/1619/744
f 1246/1590/715 1245/1592/717 1270/1620/745 1271/1618/743
f 1245/1592/717 1244/1593/718 1269/1621/746 1270/1620/745
f 1244/1593/718 1243/1594/719 1268/1622/747 1269/1621/746
f 1243/1594/719 1242/1595/720 1267/1623/748 1268/1622/747
f 1242/1595/720 1241/1596/721 1266/1624/749 1267/1623/748
f 1241/1596/721 1240/1597/722 1265/1625/750 1266/1624/749
f 1240/1597/722 1239/1598/723 1264/1626/751 1265/1625/750
f 1239/1598/723 1238/1599/724 1263/1627/752 1264/1626/751
f 1238/1599/724 1237/1601/726 1262/1628/753 1263/1627/752
f 1191/1539/666 2438/1538/665 2531/1587/712 1272/1586/711
f 1274/1629/754 1273/1630/755 2485/1631/756 2532/1632/757
f 1220/1603/728 1219/1581/706 1273/1630/755 1274/1629/754
f 1231/1580/705 2484/1578/703 2485/1631/756 1273/1630/755
f 1218/1562/689 1231/1580/705 1273/1630/755 1219/1581/706
f 1211/1633/675 1260/1634/739 1286/1635/758 1287/1636/759
f 1285/1637/760 1288/1638/761 1287/1636/759 1286/1635/758
f 1275/1639/762 1251/1617/742 1250/1608/733 1276/1640/763
f 1276/1640/763 1250/1608/733 1255/1609/734 1291/1641/764
f 1277/1642/765 1276/1640/763 1291/1641/764 1296/1643/766
f 1278/1644/767 1277/1642/765 1296/1643/766 1292/1645/768
f 1279/1646/769 1278/1644/767 1292/1645/768 1293/1647/770
f 1357/1648/771 1279/1646/769 1293/1647/770 1358/1649/772
f 1297/1650/773 1213/1651/673 1212/1652/674 1290/1653/774
f 1298/1654/775 1297/1650/773 1290/1653/774 1289/1655/776
f 2465/1656/672 1214/1657/671 1299/1658/777 2560/1659/778
f 2560/1659/778 1299/1658/777 1300/1660/779 2562/1661/780
f 1299/1658/777 1214/1657/671 1213/1651/673 1297/1650/773
f 1300/1660/779 1299/1658/777 1297/1650/773 1298/1654/775
f 1230/1579/704 1217/1561/688 1301/1662/781 1308/1663/782
f 1229/1664/702 1230/1579/704 1308/1663/782 1307/1665/783
f 1228/1573/700 1229/1664/702 1307/1665/783 1306/1666/784
f 1227/1569/696 1228/1573/700 1306/1666/784 1305/1667/785
f 1226/1567/694 1227/1569/696 1305/1667/785 1304/1668/786
f 1225/1565/692 1226/1567/694 1304/1668/786 1303/1669/787
f 1224/1563/690 1225/1565/692 1303/1669/787 1302/1670/788
f 1217/1561/688 1224/1563/690 1302/1670/788 1301/1662/781
f 1308/1663/782 1301/1662/781 1309/1671/789 1316/1672/790
f 1307/1665/783 1308/1663/782 1316/1672/790 1315/1673/791
f 1306/1666/784 1307/1665/783 1315/1673/791 1314/1674/792
f 1305/1667/785 1306/1666/784 1314/1674/792 1313/1675/793
f 1304/1668/786 1305/1667/785 1313/1675/793 1312/1676/794
f 1303/1669/787 1304/1668/786 1312/1676/794 1311/1677/795
f 1302/1670/788 1303/1669/787 1311/1677/795 1310/1678/796
f 1301/1662/781 1302/1670/788 1310/1678/796 1309/1671/789
f 1317/1679/797 1318/1680/798 1314/1674/792 1315/1673/791
f 1319/1681/799 1317/1679/797 1315/1673/791 1316/1672/790
f 1310/1678/796 1311/1677/795 1317/1679/797 1319/1681/799
f 1311/1677/795 1312/1676/794 1318/1680/798 1317/1679/797
f 1312/1676/794 1313/1675/793 1318/1680/798
f 1309/1671/789 1310/1678/796 1319/1681/799
f 1316/1672/790 1309/1671/789 1319/1681/799
f 1313/1675/793 1314/1674/792 1318/1680/798
f 1421/1682/800 1422/1683/801 1321/1684/802 1320/1685/803
f 1422/1683/801 2701/1686/804 2583/1687/805 1321/1684/802
f 1372/1688/806 1322/1689/807 1323/1690/808 1373/1691/809
f 2640/1692/810 1373/1691/809 1323/1690/808 2587/1693/811
f 1324/1694/812 1298/1654/775 1289/1655/776 1288/1638/761
f 1324/1694/812 1288/1638/761 1285/1637/760 1284/1695/813
f 1374/1696/814 1372/1688/806 1298/1654/775 1324/1694/812
f 1374/1696/814 1324/1694/812 1284/1695/813 1371/1697/815
f 1326/1698/816 1325/1699/817 1283/1700/818 1282/1701/819
f 1327/1702/820 1326/1698/816 1282/1701/819 1281/1703/821
f 1281/1703/821 1280/1704/822 1294/1705/823 1327/1702/820
f 1328/1706/824 1327/1702/820 1294/1705/823 1295/1707/825
f 1290/1653/774 1212/1652/674 1333/1708/826 1337/1709/827
f 1289/1655/776 1290/1653/774 1337/1709/827 1336/1710/828
f 1288/1638/761 1289/1655/776 1336/1710/828 1335/1711/829
f 1287/1636/759 1288/1638/761 1335/1711/829 1334/1712/830
f 1211/1633/675 1287/1636/759 1334/1712/830 1332/1713/831
f 1212/1652/674 1211/1633/675 1332/1713/831 1333/1708/826
f 1333/1708/826 1332/1713/831 1334/1712/830 1337/1709/827
f 1334/1712/830 1335/1711/829 1336/1710/828 1337/1709/827
f 1327/1702/820 1328/1706/824 1343/1714/832 1342/1715/833
f 1326/1698/816 1327/1702/820 1342/1715/833 1341/1716/834
f 1325/1699/817 1326/1698/816 1341/1716/834 1340/1717/835
f 1322/1689/807 1325/1699/817 1340/1717/835 1338/1718/836
f 1323/1690/808 1322/1689/807 1338/1718/836 1339/1719/837
f 1346/1720/838 1345/1721/839 1329/1722/840 1344/1723/841
f 1344/1723/841 1329/1722/840 1323/1690/808 1339/1719/837
f 1343/1714/832 1328/1706/824 1345/1721/839 1346/1720/838
f 2612/1724/842 2587/1693/811 1323/1690/808 1329/1722/840
f 1338/1718/836 1347/1725/843 1344/1723/841 1339/1719/837
f 1343/1714/832 1346/1720/838 1344/1723/841 1347/1725/843
f 1342/1715/833 1343/1714/832 1347/1725/843 1341/1716/834
f 1338/1718/836 1340/1717/835 1341/1716/834 1347/1725/843
f 1349/1726/844 1356/1727/845 1355/1728/846 1282/1701/819
f 1349/1726/844 1277/1642/765 1350/1729/847 1356/1727/845
f 1281/1703/821 1282/1701/819 1355/1728/846 1354/1730/848
f 1280/1704/822 1281/1703/821 1354/1730/848 1353/1731/849
f 1357/1648/771 1280/1704/822 1353/1731/849 1359/1732/850
f 1278/1644/767 1279/1646/769 1352/1733/851 1351/1734/852
f 1277/1642/765 1278/1644/767 1351/1734/852 1350/1729/847
f 1279/1646/769 1357/1648/771 1359/1732/850 1352/1733/851
f 1280/1704/822 1357/1648/771 1358/1649/772 1294/1705/823
f 1360/1735/853 1352/1733/851 1359/1732/850 1353/1731/849
f 1354/1730/848 1355/1728/846 1360/1735/853 1353/1731/849
f 1360/1735/853 1355/1728/846 1356/1727/845 1350/1729/847
f 1350/1729/847 1351/1734/852 1352/1733/851 1360/1735/853
f 1282/1701/819 1364/1736/854 1369/1737/855 1349/1726/844
f 1277/1642/765 1349/1726/844 1369/1737/855 1363/1738/856
f 1285/1637/760 1348/1739/857 1368/1740/858 1367/1741/859
f 1275/1639/762 1361/1742/860 1368/1740/858 1348/1739/857
f 1284/1695/813 1285/1637/760 1367/1741/859 1366/1743/861
f 1371/1697/815 1284/1695/813 1366/1743/861 1375/1744/862
f 1282/1701/819 1283/1700/818 1365/1745/863 1364/1736/854
f 1276/1640/763 1277/1642/765 1363/1738/856 1362/1746/864
f 1275/1639/762 1276/1640/763 1362/1746/864 1361/1742/860
f 1361/1742/860 1370/1747/865 1367/1741/859 1368/1740/858
f 1361/1742/860 1362/1746/864 1363/1738/856 1370/1747/865
f 1370/1747/865 1363/1738/856 1369/1737/855 1364/1736/854
f 1283/1700/818 1371/1697/815 1375/1744/862 1365/1745/863
f 1325/1699/817 1374/1696/814 1371/1697/815 1283/1700/818
f 1325/1699/817 1322/1689/807 1372/1688/806 1374/1696/814
f 2562/1661/780 1300/1660/779 1373/1691/809 2640/1692/810
f 1298/1654/775 1372/1688/806 1373/1691/809 1300/1660/779
f 1367/1741/859 1370/1747/865 1364/1736/854 1365/1745/863
f 1366/1743/861 1367/1741/859 1365/1745/863 1375/1744/862
f 1348/1739/857 1285/1637/760 1381/1748/866 1383/1749/867
f 1275/1639/762 1348/1739/857 1383/1749/867 1380/1750/868
f 1286/1635/758 1260/1634/739 1379/1751/869 1382/1752/870
f 1285/1637/760 1286/1635/758 1382/1752/870 1381/1748/866
f 1251/1617/742 1275/1639/762 1380/1750/868 1376/1753/871
f 1259/1754/738 1252/1755/741 1377/1756/872 1378/1757/873
f 1260/1634/739 1259/1754/738 1378/1757/873 1379/1751/869
f 1252/1755/741 1251/1617/742 1376/1753/871 1377/1756/872
f 1381/1748/866 1382/1752/870 1379/1751/869 1384/1758/874
f 1383/1749/867 1381/1748/866 1384/1758/874 1380/1750/868
f 1377/1756/872 1376/1753/871 1380/1750/868 1384/1758/874
f 1378/1757/873 1377/1756/872 1384/1758/874 1379/1751/869
f 1385/1759/875 1295/1707/825 1294/1705/823 1330/1760/876
f 1386/1761/877 1385/1759/875 1330/1760/876 1331/1762/878
f 2654/1763/879 1386/1761/877 1331/1762/878 2595/1764/880
f 1393/1765/881 2663/1766/882 2670/1767/883 1398/1768/884
f 1386/1761/877 2654/1763/879 2663/1766/882 1393/1765/881
f 1385/1759/875 1386/1761/877 1393/1765/881 1392/1769/885
f 1295/1707/825 1385/1759/875 1392/1769/885 1387/1770/886
f 2612/1724/842 1329/1722/840 1389/1771/887 2660/1772/888
f 1345/1721/839 1328/1706/824 1388/1773/889 1391/1774/890
f 1328/1706/824 1295/1707/825 1387/1770/886 1388/1773/889
f 1329/1722/840 1345/1721/839 1391/1774/890 1389/1771/887
f 1392/1769/885 1393/1765/881 1398/1768/884 1397/1775/891
f 1387/1770/886 1392/1769/885 1397/1775/891 1390/1776/892
f 2660/1772/888 1389/1771/887 1395/1777/893 2667/1778/894
f 1391/1774/890 1388/1773/889 1394/1779/895 1396/1780/896
f 1388/1773/889 1387/1770/886 1390/1776/892 1394/1779/895
f 1389/1771/887 1391/1774/890 1396/1780/896 1395/1777/893
f 2674/1781/897 1400/1782/898 1398/1768/884 2670/1767/883
f 2667/1778/894 1395/1777/893 1399/1783/899 2673/1784/900
f 2673/1784/900 1399/1783/899 1400/1782/898 2674/1781/897
f 1399/1783/899 1395/1777/893 1396/1780/896 1394/1779/895
f 1400/1782/898 1399/1783/899 1394/1779/895 1390/1776/892
f 1397/1775/891 1398/1768/884 1400/1782/898 1390/1776/892
f 1272/1586/711 1236/1589/714 1403/1785/901 1415/1786/902
f 1262/1628/753 1237/1601/726 1404/1787/903 1405/1788/904
f 2529/1619/744 1271/1618/743 1414/1789/905 2689/1790/906
f 1271/1618/743 1270/1620/745 1413/1791/907 1414/1789/905
f 1270/1620/745 1269/1621/746 1412/1792/908 1413/1791/907
f 1269/1621/746 1268/1622/747 1411/1793/909 1412/1792/908
f 1268/1622/747 1267/1623/748 1410/1794/910 1411/1793/909
f 1267/1623/748 1266/1624/749 1409/1795/911 1410/1794/910
f 1266/1624/749 1265/1625/750 1408/1796/912 1409/1795/911
f 1265/1625/750 1264/1626/751 1407/1797/913 1408/1796/912
f 1264/1626/751 1263/1627/752 1406/1798/914 1407/1797/913
f 1263/1627/752 1262/1628/753 1405/1788/904 1406/1798/914
f 1237/1601/726 1192/1600/725 1402/1799/915 1404/1787/903
f 1191/1539/666 1272/1586/711 1415/1786/902 1401/1800/916
f 1192/1600/725 1191/1539/666 1401/1800/916 1402/1799/915
f 2691/1801/917 1403/1785/901 1236/1589/714 2491/1588/713
f 1193/1553/680 1209/1550/677 1191/1539/666 1192/1600/725
f 1206/1541/668 1205/1540/667 1209/1550/677 1193/1553/680
f 1207/1542/669 1206/1541/668 1193/1553/680 1215/1552/679
f 1423/1802/918 2702/1803/919 2692/1804/920 1416/1805/921
f 1424/1806/922 1423/1802/918 1416/1805/921 1417/1807/923
f 2708/1808/924 1427/1809/925 1419/1810/926 2697/1811/927
f 1358/1649/772 1331/1762/878 1330/1760/876 1294/1705/823
f 1254/1607/732 1296/1643/766 1291/1641/764 1255/1609/734
f 1274/1629/754 2532/1632/757 2701/1686/804 1422/1683/801
f 1220/1603/728 1274/1629/754 1422/1683/801 1421/1682/800
f 1253/1605/730 1220/1603/728 1421/1682/800 1320/1685/803
f 1424/1806/922 1417/1807/923 1420/1812/928 1425/1813/929
f 1426/1814/930 1425/1813/929 1420/1812/928 1418/1815/931
f 1254/1607/732 1253/1605/730 1425/1813/929 1426/1814/930
f 1320/1685/803 1424/1806/922 1425/1813/929 1253/1605/730
f 1320/1685/803 1321/1684/802 1423/1802/918 1424/1806/922
f 1321/1684/802 2583/1687/805 2702/1803/919 1423/1802/918
f 2595/1764/880 1331/1762/878 1427/1809/925 2708/1808/924
f 1293/1647/770 1427/1809/925 1331/1762/878 1358/1649/772
f 1292/1645/768 1296/1643/766 1254/1607/732 1426/1814/930
f 1292/1645/768 1426/1814/930 1427/1809/925 1293/1647/770
f 1418/1815/931 1419/1810/926 1427/1809/925 1426/1814/930
f 1444/1816/932 1430/1817/933 1431/1818/934 1447/1819/935
f 1448/1820/936 1437/1821/937 1429/1822/938 1446/1823/939
f 1450/1824/940 1436/1825/941 1437/1821/937 1448/1820/936
f 1452/1826/942 1435/1827/943 1436/1825/941 1450/1824/940
f 1454/1828/944 1434/1829/945 1435/1827/943 1452/1826/942
f 1456/1830/946 1433/1831/947 1434/1829/945 1454/1828/944
f 1458/1832/948 1432/1833/949 1433/1834/947 1456/1835/946
f 1443/1836/950 1459/1837/951 1457/1838/952 1442/1839/953
f 1459/1837/951 1458/1832/948 1456/1835/946 1457/1838/952
f 1442/1840/953 1457/1841/952 1455/1842/954 1441/1843/955
f 1457/1841/952 1456/1830/946 1454/1828/944 1455/1842/954
f 1441/1843/955 1455/1842/954 1453/1844/956 1440/1845/957
f 1455/1842/954 1454/1828/944 1452/1826/942 1453/1844/956
f 1440/1845/957 1453/1844/956 1451/1846/958 1439/1847/959
f 1453/1844/956 1452/1826/942 1450/1824/940 1451/1846/958
f 1439/1847/959 1451/1846/958 1449/1848/960 1438/1849/961
f 1451/1846/958 1450/1824/940 1448/1820/936 1449/1848/960
f 1438/1849/961 1449/1848/960 1447/1819/935 1431/1818/934
f 1449/1848/960 1448/1820/936 1446/1823/939 1447/1819/935
f 1428/1850/962 1445/1851/963 1446/1823/939 1429/1822/938
f 1445/1851/963 1444/1816/932 1447/1819/935 1446/1823/939
f 1459/1837/951 1443/1836/950 1430/1817/933 1444/1816/932
f 1458/1832/948 1459/1837/951 1444/1816/932 1445/1851/963
f 1445/1851/963 1428/1850/962 1432/1833/949 1458/1832/948
f 1468/1852/964 1471/1853/965 1467/1854/966 1460/1855/967
f 1471/1853/965 1473/1856/968 1466/1857/969 1467/1854/966
f 1473/1858/968 1475/1859/970 1465/1860/971 1466/1861/969
f 1475/1859/970 1477/1862/972 1464/1863/973 1465/1860/971
f 1477/1862/972 1479/1864/974 1463/1865/975 1464/1863/973
f 1479/1864/974 1481/1866/976 1462/1867/977 1463/1865/975
f 1481/1866/976 1483/1868/978 1461/1869/979 1462/1867/977
f 1483/1868/978 1468/1852/964 1460/1855/967 1461/1869/979
f 1491/1870/980 1484/1871/981 1469/1872/982 1482/1873/983
f 1482/1873/983 1469/1872/982 1468/1852/964 1483/1868/978
f 1490/1874/984 1491/1870/980 1482/1873/983 1480/1875/985
f 1480/1875/985 1482/1873/983 1483/1868/978 1481/1866/976
f 1489/1876/986 1490/1874/984 1480/1875/985 1478/1877/987
f 1478/1877/987 1480/1875/985 1481/1866/976 1479/1864/974
f 1488/1878/988 1489/1876/986 1478/1877/987 1476/1879/989
f 1476/1879/989 1478/1877/987 1479/1864/974 1477/1862/972
f 1487/1880/990 1488/1878/988 1476/1879/989 1474/1881/991
f 1474/1881/991 1476/1879/989 1477/1862/972 1475/1859/970
f 1486/1882/992 1487/1880/990 1474/1881/991 1472/1883/993
f 1472/1883/993 1474/1881/991 1475/1859/970 1473/1858/968
f 1485/1884/994 1486/1885/992 1472/1886/993 1470/1887/995
f 1470/1887/995 1472/1886/993 1473/1856/968 1471/1853/965
f 1484/1871/981 1485/1884/994 1470/1887/995 1469/1872/982
f 1469/1872/982 1470/1887/995 1471/1853/965 1468/1852/964
f 1430/1817/933 1443/1836/950 1485/1884/994 1484/1871/981
f 1443/1836/950 1442/1839/953 1486/1885/992 1485/1884/994
f 1442/1840/953 1441/1843/955 1487/1880/990 1486/1882/992
f 1441/1843/955 1440/1845/957 1488/1878/988 1487/1880/990
f 1440/1845/957 1439/1847/959 1489/1876/986 1488/1878/988
f 1439/1847/959 1438/1849/961 1490/1874/984 1489/1876/986
f 1438/1849/961 1431/1818/934 1491/1870/980 1490/1874/984
f 1431/1818/934 1430/1817/933 1484/1871/981 1491/1870/980
f 1416/1888/921 2692/1889/920 2773/1890/996 1492/1891/997
f 1492/1891/997 2773/1890/996 2775/1892/998 1493/1893/999
f 1493/1893/999 2775/1892/998 2777/1894/1000 1494/1895/1001
f 1493/1893/999 1494/1895/1001 1496/1896/1002 1495/1897/1003
f 1495/1897/1003 1496/1896/1002 1498/1898/1004 1497/1899/1005
f 1497/1899/1005 1498/1898/1004 1500/1900/1006 1499/1901/1007
f 1499/1902/1007 1500/1903/1006 1502/1904/1008 1501/1905/1009
f 1501/1905/1009 1502/1904/1008 1504/1906/1010 1503/1907/1011
f 1503/1907/1011 1504/1906/1010 1506/1908/1012 1505/1909/1013
f 1505/1909/1013 1506/1908/1012 1508/1910/1014 1507/1911/1015
f 1507/1911/1015 1508/1910/1014 1510/1912/1016 1509/1913/1017
f 1509/1913/1017 1510/1912/1016 1512/1914/1018 1511/1915/1019
f 1504/1906/1010 1502/1904/1008 1432/1833/949 1428/1850/962
f 1506/1908/1012 1504/1906/1010 1428/1850/962 1429/1822/938
f 1508/1910/1014 1506/1908/1012 1429/1822/938 1437/1821/937
f 1510/1912/1016 1508/1910/1014 1437/1821/937 1436/1825/941
f 1512/1914/1018 1510/1912/1016 1436/1825/941 1435/1827/943
f 1511/1915/1019 1512/1914/1018 1514/1916/1020 1513/1917/1021
f 1513/1917/1021 1514/1916/1020 1516/1918/1022 1515/1919/1023
f 1514/1916/1020 1512/1914/1018 1435/1827/943 1434/1829/945
f 1500/1900/1006 1498/1898/1004 1517/1920/1024 1518/1921/1025
f 1690/1922/1026 1524/1923/1027 1687/1924/1028 1688/1925/1029
f 1694/1926/1030 1693/1927/1031 1695/1928/1032 1696/1929/1033
f 1692/1930/1034 1691/1931/1035 2808/1932/1036 2807/1933/1037
f 1515/1934/1023 1516/1935/1022 1689/1936/1038 1523/1937/1039
f 1517/1920/1024 1689/1938/1038 1516/1939/1022 1518/1921/1025
f 1516/1918/1022 1514/1916/1020 1434/1829/945 1518/1940/1025
f 1432/1833/949 1502/1904/1008 1500/1903/1006 1433/1834/947
f 1433/1831/947 1500/1941/1006 1518/1940/1025 1434/1829/945
f 1501/1905/1009 1503/1907/1011 1526/1942/1040 1525/1943/1041
f 1527/1944/1042 1528/1945/1043 1530/1946/1044 1529/1947/1045
f 1529/1947/1045 1530/1946/1044 1532/1948/1046 1531/1949/1047
f 1652/1950/1048 1656/1951/1049 1655/1952/1050 1654/1953/1051
f 1653/1954/1052 1660/1955/1053 1505/1909/1013 1507/1911/1015
f 1532/1948/1046 1653/1954/1052 1507/1911/1015 1509/1913/1017
f 1531/1949/1047 1532/1948/1046 1509/1913/1017 1511/1915/1019
f 1511/1915/1019 1513/1917/1021 1515/1919/1023 1531/1949/1047
f 1496/1896/1002 1494/1895/1001 1533/1956/1054 1534/1957/1055
f 1494/1895/1001 2777/1894/1000 2819/1958/1056 1533/1956/1054
f 1517/1920/1024 1498/1898/1004 1496/1896/1002 1534/1957/1055
f 1499/1901/1007 1501/1959/1009 1525/1960/1041 1535/1961/1057
f 1497/1899/1005 1499/1901/1007 1535/1961/1057 1536/1962/1058
f 1495/1897/1003 1497/1899/1005 1536/1962/1058 1537/1963/1059
f 1492/1891/997 1493/1893/999 1495/1897/1003 1537/1963/1059
f 1417/1964/923 1416/1888/921 1492/1891/997 1537/1963/1059
f 1420/1965/928 1417/1964/923 1537/1963/1059 1538/1966/1060
f 1550/1967/1061 1549/1968/1062 1547/1969/1063 1539/1970/1064
f 1538/1966/1060 1537/1963/1059 1536/1962/1058 1535/1961/1057
f 1539/1970/1064 1547/1969/1063 1552/1971/1065 1551/1972/1066
f 1562/1973/1067 1561/1974/1068 1563/1975/1069 1540/1976/1070
f 2861/1977/1071 1567/1978/1072 1568/1979/1073 2863/1980/1074
f 1565/1981/1075 1563/1975/1069 1548/1982/1076 1602/1983/1077
f 1540/1976/1070 1563/1975/1069 1565/1981/1075 1566/1984/1078
f 1557/1985/1079 1558/1986/1080 2831/1987/1081
f 1543/1988/1082 1544/1989/1083 1418/1990/931 1420/1965/928
f 1545/1991/1084 1546/1992/1085 1535/1961/1057 1525/1960/1041
f 1553/1993/1086 1543/1988/1082 1420/1965/928 1538/1966/1060
f 1544/1989/1083 1554/1994/1087 1548/1995/1076 1418/1990/931
f 1546/1992/1085 1553/1993/1086 1538/1966/1060 1535/1961/1057
f 1605/1996/1088 1604/1997/1089 1601/1998/1090 1603/1999/1091
f 1549/1968/1062 1550/1967/1061 1544/1989/1083 1543/1988/1082
f 1551/1972/1066 1552/1971/1065 1546/1992/1085 1545/1991/1084
f 1547/1969/1063 1549/1968/1062 1543/1988/1082 1553/1993/1086
f 1550/1967/1061 1539/1970/1064 1554/1994/1087 1544/1989/1083
f 1552/1971/1065 1547/1969/1063 1553/1993/1086 1546/1992/1085
f 1539/1970/1064 1551/1972/1066 1545/1991/1084 1554/1994/1087
f 2831/1987/1081 1558/1986/1080 1560/2000/1092 2846/2001/1093
f 1542/2002/1094 1591/2003/1095 1555/2004/1096 1556/2005/1097
f 1588/2006/1098 1541/2007/1099 1610/2008/1100 1611/2009/1101
f 1557/1985/1079 2848/2010/1102 2828/2011/1103 1564/2012/1104
f 1558/1986/1080 1557/1985/1079 1564/2012/1104 1590/2013/1105
f 2846/2001/1093 1560/2000/1092 1589/2014/1106 2852/2015/1107
f 2852/2015/1107 1589/2014/1106 1559/2016/1108 2853/2017/1109
f 1560/2000/1092 1558/1986/1080 1590/2013/1105 1589/2014/1106
f 1561/1974/1068 1562/1973/1067 1419/2018/926 1418/2019/931
f 1563/1975/1069 1561/1974/1068 1418/2019/931 1548/1982/1076
f 1562/1973/1067 1540/1976/1070 1564/2012/1104 1419/2018/926
f 1593/2020/1110 1592/2021/1111 1591/2003/1095 1542/2002/1094
f 1610/2008/1100 1541/2007/1099 1565/1981/1075 1618/2022/1112
f 1540/1976/1070 1566/1984/1078 1590/2013/1105 1564/2012/1104
f 1567/1978/1072 2861/1977/1071 2697/2023/927 1419/2018/926
f 2863/1980/1074 1568/1979/1073 1564/2012/1104 2828/2011/1103
f 1568/1979/1073 1567/1978/1072 1419/2018/926 1564/2012/1104
f 1559/2016/1108 1589/2014/1106 1569/2024/1113 1570/2025/1114
f 1570/2025/1114 1569/2024/1113 1571/2026/1115 1572/2027/1116
f 1572/2027/1116 1571/2026/1115 1573/2028/1117 1574/2029/1118
f 1579/2030/1119 1580/2031/1120 2870/2032/1121 2871/2033/1122
f 1579/2030/1119 2871/2033/1122 2877/2034/1123 1581/2035/1124
f 1572/2027/1116 1574/2029/1118 1578/2036/1125 1577/2037/1126
f 1570/2025/1114 1572/2027/1116 1577/2037/1126 1576/2038/1127
f 1559/2016/1108 1570/2025/1114 1576/2038/1127 1575/2039/1128
f 2853/2017/1109 1559/2016/1108 1575/2039/1128 2873/2040/1129
f 1574/2029/1118 1579/2030/1119 1581/2035/1124 1578/2036/1125
f 1574/2029/1118 1573/2028/1117 1580/2031/1120 1579/2030/1119
f 1581/2035/1124 2877/2034/1123 2886/2041/1130 1586/2042/1131
f 1578/2036/1125 1581/2035/1124 1586/2042/1131 1585/2043/1132
f 1577/2037/1126 1578/2036/1125 1585/2043/1132 1584/2044/1133
f 1576/2038/1127 1577/2037/1126 1584/2044/1133 1583/2045/1134
f 1575/2039/1128 1576/2038/1127 1583/2045/1134 1582/2046/1135
f 2873/2040/1129 1575/2039/1128 1582/2046/1135 2882/2047/1136
f 1587/2048/1137 1586/2042/1131 2886/2041/1130 2889/2049/1138
f 1582/2046/1135 1587/2048/1137 2889/2049/1138 2882/2047/1136
f 1587/2048/1137 1582/2046/1135 1583/2045/1134 1584/2044/1133
f 1585/2043/1132 1586/2042/1131 1587/2048/1137 1584/2044/1133
f 1595/2050/1139 1594/2051/1140 1599/2052/1141 1596/2053/1142
f 1542/2002/1094 1556/2005/1097 1589/2014/1106 1590/2013/1105
f 1555/2004/1096 1591/2003/1095 1541/2007/1099 1588/2006/1098
f 1592/2021/1111 1593/2020/1110 1566/1984/1078 1565/1981/1075
f 1593/2020/1110 1542/2002/1094 1590/2013/1105 1566/1984/1078
f 1591/2003/1095 1592/2021/1111 1565/1981/1075 1541/2007/1099
f 1598/2054/1143 1597/2055/1144 1596/2053/1142 1599/2052/1141
f 1594/2051/1140 1595/2050/1139 1556/2005/1097 1555/2004/1096
f 1596/2053/1142 1597/2055/1144 1569/2024/1113 1589/2014/1106
f 1597/2055/1144 1598/2054/1143 1571/2026/1115 1569/2024/1113
f 1595/2050/1139 1596/2053/1142 1589/2014/1106 1556/2005/1097
f 1599/2052/1141 1594/2051/1140 1555/2004/1096 1588/2006/1098
f 1598/2054/1143 1599/2052/1141 1588/2006/1098 1571/2026/1115
f 1604/1997/1089 1605/1996/1088 1554/1994/1087 1545/1991/1084
f 1601/1998/1090 1604/1997/1089 1545/1991/1084 1525/1960/1041
f 1605/1996/1088 1603/1999/1091 1548/1995/1076 1554/1994/1087
f 2870/2032/1121 1580/2031/1120 1606/2056/1145 2908/2057/1146
f 2908/2057/1146 1606/2056/1145 1607/2058/1147 2910/2059/1148
f 1636/2060/1149 1635/2061/1150 1609/2062/1151 1608/2063/1152
f 1607/2058/1147 1606/2056/1145 1580/2031/1120 1573/2028/1117
f 1611/2009/1101 1610/2008/1100 1612/2064/1153 1613/2065/1154
f 1613/2065/1154 1612/2064/1153 1614/2066/1155 1615/2067/1156
f 1616/2068/1157 1573/2028/1117 1615/2067/1156 1614/2066/1155
f 1615/2067/1156 1573/2028/1117 1571/2026/1115 1588/2006/1098
f 1611/2009/1101 1613/2065/1154 1615/2067/1156 1588/2006/1098
f 1637/2069/1158 1607/2058/1147 1573/2028/1117 1616/2068/1157
f 1617/2070/1159 1602/1983/1077 1548/1982/1076 1603/2071/1091
f 1619/2072/1160 1617/2070/1159 1603/2071/1091 1601/2073/1090
f 1600/2074/1161 1619/2072/1160 1601/2073/1090 1525/2075/1041
f 1526/1942/1040 1528/1945/1043 1527/1944/1042 1620/2076/1162
f 1526/1942/1040 1620/2076/1162 1600/2077/1161 1525/1943/1041
f 1618/2022/1112 1565/1981/1075 1602/1983/1077 1617/2070/1159
f 1621/2078/1163 1618/2022/1112 1617/2070/1159 1619/2072/1160
f 1622/2079/1164 1621/2078/1163 1619/2072/1160 1600/2074/1161
f 1623/2080/1165 1622/2079/1164 1600/2074/1161 1620/2081/1162
f 1624/2082/1166 1623/2080/1165 1620/2081/1162 1527/2083/1042
f 1610/2008/1100 1618/2022/1112 1621/2078/1163 1625/2084/1167
f 1612/2064/1153 1610/2008/1100 1625/2084/1167 1626/2085/1168
f 1625/2084/1167 1621/2078/1163 1622/2079/1164 1623/2080/1165
f 1626/2085/1168 1625/2084/1167 1623/2080/1165 1624/2082/1166
f 1626/2085/1168 1627/2086/1169 1628/2087/1170 1612/2064/1153
f 1624/2082/1166 1527/2083/1042 1627/2086/1169 1626/2085/1168
f 1614/2066/1155 1612/2064/1153 1628/2087/1170 1629/2088/1171
f 1616/2068/1157 1614/2066/1155 1629/2088/1171 1630/2089/1172
f 1637/2069/1158 1616/2068/1157 1630/2089/1172 1631/2090/1173
f 1635/2061/1150 1636/2060/1149 2910/2059/1148 1607/2058/1147
f 1609/2062/1151 1637/2069/1158 1631/2090/1173 1632/2091/1174
f 1636/2060/1149 1608/2063/1152 2943/2092/1175 2910/2059/1148
f 1609/2062/1151 1635/2061/1150 1607/2058/1147 1637/2069/1158
f 1608/2063/1152 1609/2062/1151 1632/2091/1174 1633/2093/1176
f 2939/2094/1177 2943/2092/1175 1608/2063/1152 1634/2095/1178
f 1634/2095/1178 1608/2063/1152 1633/2093/1176 1638/2096/1179
f 1632/2091/1174 1631/2090/1173 1639/2097/1180 1640/2098/1181
f 1631/2090/1173 1630/2089/1172 1629/2088/1171 1643/2099/1182
f 1639/2097/1180 1631/2090/1173 1643/2099/1182 1644/2100/1183
f 1643/2099/1182 1629/2088/1171 1628/2087/1170 1641/2101/1184
f 1644/2100/1183 1643/2099/1182 1641/2101/1184 1645/2102/1185
f 1639/2097/1180 1644/2100/1183 1645/2102/1185 1642/2103/1186
f 1796/2104/1187 1795/2105/1188 1794/2106/1189 1797/2107/1190
f 2959/2108/1191 1650/2109/1192 1646/2110/1193 2953/2111/1194
f 2956/2112/1195 1648/2113/1196 1647/2114/1197 2955/2115/1198
f 2953/2111/1194 1646/2110/1193 1648/2113/1196 2956/2112/1195
f 1651/2116/1199 1650/2109/1192 1634/2095/1178 1638/2096/1179
f 1648/2113/1196 1646/2110/1193 1650/2109/1192 1651/2116/1199
f 2939/2094/1177 1634/2095/1178 1650/2109/1192 2959/2108/1191
f 1651/2116/1199 1638/2096/1179 1640/2098/1181 1639/2097/1180
f 1642/2103/1186 1648/2113/1196 1651/2116/1199 1639/2097/1180
f 1647/2114/1197 1648/2113/1196 1642/2103/1186 1649/2117/1200
f 1658/2118/1201 1657/2119/1202 1656/1951/1049 1652/1950/1048
f 1659/2120/1203 1658/2118/1201 1652/1950/1048 1661/2121/1204
f 1654/1953/1051 1655/1952/1050 1503/1907/1011 1505/1909/1013
f 1655/1952/1050 1656/1951/1049 1526/1942/1040 1503/1907/1011
f 1657/2119/1202 1658/2118/1201 1530/1946/1044 1528/1945/1043
f 1658/2118/1201 1659/2120/1203 1532/1948/1046 1530/1946/1044
f 1652/1950/1048 1654/1953/1051 1505/1909/1013 1660/1955/1053
f 1656/1951/1049 1657/2119/1202 1528/1945/1043 1526/1942/1040
f 1661/2121/1204 1652/1950/1048 1660/1955/1053 1653/1954/1052
f 1659/2120/1203 1661/2121/1204 1653/1954/1052 1532/1948/1046
f 2848/2010/1102 1557/1985/1079 2831/1987/1081
f 1662/2122/1205 1627/2086/1169 1527/2083/1042 1529/2123/1045
f 1628/2087/1170 1627/2086/1169 1662/2122/1205 1670/2124/1206
f 1647/2114/1197 1649/2117/1200 1664/2125/1207 1663/2126/1208
f 2955/2115/1198 1647/2114/1197 1663/2126/1208 2974/2127/1209
f 1668/2128/1210 1669/2129/1211 1666/2130/1212 1665/2131/1213
f 2982/2132/1214 1668/2128/1210 1665/2131/1213 2977/2133/1215
f 2974/2127/1209 1663/2126/1208 1668/2128/1210 2982/2132/1214
f 1649/2117/1200 1642/2103/1186 1667/2134/1216 1664/2125/1207
f 1663/2126/1208 1664/2125/1207 1669/2129/1211 1668/2128/1210
f 1666/2130/1212 1669/2129/1211 1664/2125/1207 1667/2134/1216
f 1670/2124/1206 1662/2122/1205 1529/2123/1045 1531/2135/1047
f 1670/2124/1206 1531/2135/1047 1671/2136/1217 1672/2137/1218
f 1672/2137/1218 1671/2136/1217 1673/2138/1219 1674/2139/1220
f 1667/2134/1216 1674/2139/1220 1673/2138/1219 1666/2130/1212
f 1641/2101/1184 1628/2087/1170 1670/2124/1206 1672/2137/1218
f 1645/2102/1185 1641/2101/1184 1672/2137/1218 1674/2139/1220
f 1645/2102/1185 1674/2139/1220 1667/2134/1216 1642/2103/1186
f 1671/2136/1217 1531/2135/1047 1515/1934/1023 1523/1937/1039
f 2977/2133/1215 1665/2131/1213 1675/2140/1221 2989/2141/1222
f 2989/2141/1222 1675/2140/1221 1676/2142/1223 2991/2143/1224
f 3009/2144/1225 2991/2143/1224 1676/2142/1223 1521/2145/1226
f 1521/2145/1226 1676/2142/1223 1685/2146/1227 1678/2147/1228
f 1676/2142/1223 1675/2140/1221 1684/2148/1229 1685/2146/1227
f 1675/2140/1221 1665/2131/1213 1680/2149/1230 1684/2148/1229
f 1671/2136/1217 1523/1937/1039 1679/2150/1231 1682/2151/1232
f 1666/2130/1212 1673/2138/1219 1683/2152/1233 1681/2153/1234
f 1673/2138/1219 1671/2136/1217 1682/2151/1232 1683/2152/1233
f 1665/2131/1213 1666/2130/1212 1681/2153/1234 1680/2149/1230
f 1523/1937/1039 1519/2154/1235 1677/2155/1236 1679/2150/1231
f 1519/2154/1235 1521/2145/1226 1678/2147/1228 1677/2155/1236
f 1683/2152/1233 1682/2151/1232 1679/2150/1231 1686/2156/1237
f 1681/2153/1234 1683/2152/1233 1686/2156/1237 1680/2149/1230
f 1680/2149/1230 1686/2156/1237 1678/2147/1228 1684/2148/1229
f 1678/2147/1228 1686/2156/1237 1679/2150/1231 1677/2155/1236
f 1685/2146/1227 1684/2148/1229 1678/2147/1228
f 1688/1925/1029 1687/1924/1028 1520/2157/1238 1519/2154/1235
f 1687/1924/1028 1524/1923/1027 1689/1936/1038 1520/2157/1238
f 1690/1922/1026 1688/1925/1029 1519/2154/1235 1523/1937/1039
f 1524/1923/1027 1690/1922/1026 1523/1937/1039 1689/1936/1038
f 1691/1931/1035 1692/1930/1034 1521/2145/1226 1522/2158/1239
f 1692/1930/1034 2807/1933/1037 3009/2144/1225 1521/2145/1226
f 2808/1932/1036 1691/1931/1035 1522/2158/1239 3008/2159/1240
f 1693/1927/1031 1694/1926/1030 1519/2154/1235 1520/2157/1238
f 1696/1929/1033 1695/1928/1032 1522/2158/1239 1521/2145/1226
f 1694/1926/1030 1696/1929/1033 1521/2145/1226 1519/2154/1235
f 1695/1928/1032 1693/1927/1031 1520/2157/1238 1522/2158/1239
f 1522/2158/1239 1520/2157/1238 1698/2160/1241 1699/2161/1242
f 3008/2159/1240 1522/2158/1239 1699/2161/1242 3021/2162/1243
f 1520/2157/1238 1689/1936/1038 1702/2163/1244 1698/2160/1241
f 1517/1920/1024 1534/1957/1055 1701/2164/1245 1697/2165/1246
f 1534/1957/1055 1533/1956/1054 1700/2166/1247 1701/2164/1245
f 1533/1956/1054 2819/1958/1056 3017/2167/1248 1700/2166/1247
f 1689/1938/1038 1517/1920/1024 1697/2165/1246 1702/2168/1244
f 1700/2166/1247 3017/2167/1248 3022/2169/1249 1703/2170/1250
f 3028/2171/1251 1707/2172/1252 1712/2173/1253 3035/2174/1254
f 1707/2172/1252 1706/2175/1255 1711/2176/1256 1712/2173/1253
f 1706/2175/1255 1705/2177/1257 1710/2178/1258 1711/2176/1256
f 1705/2177/1257 1704/2179/1259 1709/2180/1260 1710/2178/1258
f 1704/2179/1259 1703/2170/1250 1708/2181/1261 1709/2180/1260
f 1703/2170/1250 3022/2169/1249 3029/2182/1262 1708/2181/1261
f 3035/2174/1254 1712/2173/1253 1717/2183/1263 3042/2184/1264
f 1712/2173/1253 1711/2176/1256 1716/2185/1265 1717/2183/1263
f 1711/2176/1256 1710/2178/1258 1715/2186/1266 1716/2185/1265
f 1710/2178/1258 1709/2180/1260 1714/2187/1267 1715/2186/1266
f 1709/2180/1260 1708/2181/1261 1713/2188/1268 1714/2187/1267
f 1708/2181/1261 3029/2182/1262 3036/2189/1269 1713/2188/1268
f 3042/2184/1264 1717/2183/1263 1722/2190/1270 3049/2191/1271
f 1717/2183/1263 1716/2185/1265 1721/2192/1272 1722/2190/1270
f 1716/2185/1265 1715/2186/1266 1720/2193/1273 1721/2192/1272
f 1715/2186/1266 1714/2187/1267 1719/2194/1274 1720/2193/1273
f 1714/2187/1267 1713/2188/1268 1718/2195/1275 1719/2194/1274
f 1713/2188/1268 3036/2189/1269 3043/2196/1276 1718/2195/1275
f 3050/2197/1277 3049/2191/1271 1722/2190/1270 1723/2198/1278
f 3043/2196/1276 3050/2197/1277 1723/2198/1278 1718/2195/1275
f 1718/2195/1275 1723/2198/1278 1720/2193/1273 1719/2194/1274
f 1721/2192/1272 1720/2193/1273 1723/2198/1278 1722/2190/1270
f 1701/2164/1245 1700/2166/1247 1703/2170/1250 1704/2179/1259
f 1699/2161/1242 1698/2160/1241 1725/2199/1279 1726/2200/1280
f 3021/2162/1243 1699/2161/1242 1726/2200/1280 3057/2201/1281
f 1698/2160/1241 1702/2163/1244 1728/2202/1282 1725/2199/1279
f 1697/2165/1246 1701/2164/1245 1727/2203/1283 1724/2204/1284
f 1702/2168/1244 1697/2165/1246 1724/2204/1284 1728/2205/1282
f 1705/2177/1257 1727/2203/1283 1701/2164/1245 1704/2179/1259
f 1726/2200/1280 1725/2199/1279 1730/2206/1285 1731/2207/1286
f 3057/2201/1281 1726/2200/1280 1731/2207/1286 3063/2208/1287
f 1725/2199/1279 1728/2202/1282 1733/2209/1288 1730/2206/1285
f 1724/2204/1284 1727/2203/1283 1732/2210/1289 1729/2211/1290
f 1728/2205/1282 1724/2204/1284 1729/2211/1290 1733/2212/1288
f 1706/2175/1255 1732/2210/1289 1727/2203/1283 1705/2177/1257
f 1732/2210/1289 1706/2175/1255 1734/2213/1291 1739/2214/1292
f 1731/2207/1286 1730/2206/1285 1737/2215/1293 1738/2216/1294
f 3063/2208/1287 1731/2207/1286 1738/2216/1294 3072/2217/1295
f 1730/2206/1285 1733/2209/1288 1740/2218/1296 1737/2215/1293
f 1729/2211/1290 1732/2210/1289 1739/2214/1292 1736/2219/1297
f 1733/2212/1288 1729/2211/1290 1736/2219/1297 1740/2220/1296
f 1707/2172/1252 3028/2171/1251 3066/2221/1298 1735/2222/1299
f 1706/2175/1255 1707/2172/1252 1735/2222/1299 1734/2213/1291
f 1735/2222/1299 3066/2221/1298 3074/2223/1300 1741/2224/1301
f 1741/2224/1301 3074/2223/1300 3076/2225/1302 1742/2226/1303
f 3080/2227/1304 1744/2228/1305 1743/2229/1306 3078/2230/1307
f 3072/2217/1295 1738/2216/1294 1744/2228/1305 3080/2227/1304
f 3082/2231/1308 3078/2230/1307 1743/2229/1306 1745/2232/1309
f 3076/2225/1302 3082/2233/1308 1745/2234/1309 1742/2226/1303
f 1758/2235/1310 1763/2236/1311 1757/2237/1312 1754/2238/1313
f 1763/2239/1311 1766/2240/1314 1755/2241/1315 1757/2242/1312
f 1766/2240/1314 1769/2243/1316 1756/2244/1317 1755/2241/1315
f 1769/2243/1316 1772/2245/1318 1750/2246/1319 1756/2244/1317
f 1773/2247/1320 1758/2235/1310 1754/2238/1313 1753/2248/1321
f 1776/2249/1322 1773/2247/1320 1753/2248/1321 1747/2250/1323
f 1779/2251/1324 1784/2252/1325 1746/2253/1326 1751/2254/1327
f 1772/2245/1318 1787/2255/1328 1749/2256/1329 1750/2246/1319
f 1787/2255/1328 1790/2257/1330 1752/2258/1331 1749/2256/1329
f 1791/2259/1332 1779/2251/1324 1751/2254/1327 1748/2260/1333
f 1790/2261/1330 1791/2259/1332 1748/2260/1333 1752/2262/1331
f 1784/2252/1325 1776/2249/1322 1747/2250/1323 1746/2253/1326
f 1734/2213/1291 1735/2222/1299 1778/2263/1334 1782/2264/1335
f 1782/2264/1335 1778/2263/1334 1777/2265/1336 1783/2266/1337
f 1783/2266/1337 1777/2265/1336 1776/2249/1322 1784/2252/1325
f 1740/2220/1296 1736/2219/1297 1793/2267/1338 1788/2268/1339
f 1788/2268/1339 1793/2267/1338 1792/2269/1340 1789/2270/1341
f 1789/2270/1341 1792/2269/1340 1791/2259/1332 1790/2261/1330
f 1736/2219/1297 1739/2214/1292 1781/2271/1342 1793/2267/1338
f 1793/2267/1338 1781/2271/1342 1780/2272/1343 1792/2269/1340
f 1792/2269/1340 1780/2272/1343 1779/2251/1324 1791/2259/1332
f 1737/2215/1293 1740/2218/1296 1788/2273/1339 1785/2274/1344
f 1785/2274/1344 1788/2273/1339 1789/2275/1341 1786/2276/1345
f 1786/2276/1345 1789/2275/1341 1790/2257/1330 1787/2255/1328
f 1738/2216/1294 1737/2215/1293 1785/2274/1344 1770/2277/1346
f 1770/2277/1346 1785/2274/1344 1786/2276/1345 1771/2278/1347
f 1771/2278/1347 1786/2276/1345 1787/2255/1328 1772/2245/1318
f 1739/2214/1292 1734/2213/1291 1782/2264/1335 1781/2271/1342
f 1781/2271/1342 1782/2264/1335 1783/2266/1337 1780/2272/1343
f 1780/2272/1343 1783/2266/1337 1784/2252/1325 1779/2251/1324
f 1735/2222/1299 1741/2224/1301 1775/2279/1348 1778/2263/1334
f 1778/2263/1334 1775/2279/1348 1774/2280/1349 1777/2265/1336
f 1777/2265/1336 1774/2280/1349 1773/2247/1320 1776/2249/1322
f 1741/2224/1301 1742/2226/1303 1760/2281/1350 1775/2279/1348
f 1775/2279/1348 1760/2281/1350 1759/2282/1351 1774/2280/1349
f 1774/2280/1349 1759/2282/1351 1758/2235/1310 1773/2247/1320
f 1744/2228/1305 1738/2216/1294 1770/2277/1346 1767/2283/1352
f 1767/2283/1352 1770/2277/1346 1771/2278/1347 1768/2284/1353
f 1768/2284/1353 1771/2278/1347 1772/2245/1318 1769/2243/1316
f 1743/2229/1306 1744/2228/1305 1767/2283/1352 1764/2285/1354
f 1764/2285/1354 1767/2283/1352 1768/2284/1353 1765/2286/1355
f 1765/2286/1355 1768/2284/1353 1769/2243/1316 1766/2240/1314
f 1745/2232/1309 1743/2229/1306 1764/2285/1354 1761/2287/1356
f 1761/2287/1356 1764/2285/1354 1765/2286/1355 1762/2288/1357
f 1762/2288/1357 1765/2286/1355 1766/2240/1314 1763/2239/1311
f 1742/2226/1303 1745/2234/1309 1761/2289/1356 1760/2281/1350
f 1760/2281/1350 1761/2289/1356 1762/2290/1357 1759/2282/1351
f 1759/2282/1351 1762/2290/1357 1763/2236/1311 1758/2235/1310
f 1794/2106/1189 1795/2105/1188 1633/2093/1176 1632/2091/1174
f 1795/2105/1188 1796/2104/1187 1638/2096/1179 1633/2093/1176
f 1797/2107/1190 1794/2106/1189 1632/2091/1174 1640/2098/1181
f 1796/2104/1187 1797/2107/1190 1640/2098/1181 1638/2096/1179
f 1822/2291/1358 1821/2292/1359 1818/2293/1360 1825/2294/1361
f 1826/2295/1362 1819/2296/1363 1821/2297/1359 1822/2298/1358
f 1828/2299/1364 1820/2300/1365 1819/2296/1363 1826/2295/1362
f 1830/2301/1366 1814/2302/1367 1820/2300/1365 1828/2299/1364
f 1832/2303/1368 1825/2294/1361 1818/2293/1360 1817/2304/1369
f 1834/2305/1370 1832/2303/1368 1817/2304/1369 1811/2306/1371
f 1836/2307/1372 1839/2308/1373 1810/2309/1374 1815/2310/1375
f 1830/2301/1366 1841/2311/1376 1813/2312/1377 1814/2302/1367
f 1841/2311/1376 1843/2313/1378 1816/2314/1379 1813/2312/1377
f 1844/2315/1380 1836/2307/1372 1815/2310/1375 1812/2316/1381
f 1843/2317/1378 1844/2315/1380 1812/2316/1381 1816/2318/1379
f 1834/2305/1370 1811/2306/1371 1810/2309/1374 1839/2308/1373
f 1799/2319/1382 1835/2320/1383 1838/2321/1384 1798/2322/1385
f 1835/2320/1383 1834/2305/1370 1839/2308/1373 1838/2321/1384
f 1804/2323/1386 1800/2324/1387 1845/2325/1388 1842/2326/1389
f 1842/2326/1389 1845/2325/1388 1844/2315/1380 1843/2317/1378
f 1800/2324/1387 1803/2327/1390 1837/2328/1391 1845/2325/1388
f 1845/2325/1388 1837/2328/1391 1836/2307/1372 1844/2315/1380
f 1801/2329/1392 1804/2330/1386 1842/2331/1389 1840/2332/1393
f 1840/2332/1393 1842/2331/1389 1843/2313/1378 1841/2311/1376
f 1802/2333/1394 1801/2329/1392 1840/2332/1393 1831/2334/1395
f 1831/2334/1395 1840/2332/1393 1841/2311/1376 1830/2301/1366
f 1803/2327/1390 1798/2322/1385 1838/2321/1384 1837/2328/1391
f 1837/2328/1391 1838/2321/1384 1839/2308/1373 1836/2307/1372
f 1799/2319/1382 1805/2335/1396 1833/2336/1397 1835/2320/1383
f 1835/2320/1383 1833/2336/1397 1832/2303/1368 1834/2305/1370
f 1805/2335/1396 1806/2337/1398 1824/2338/1399 1833/2336/1397
f 1833/2336/1397 1824/2338/1399 1825/2294/1361 1832/2303/1368
f 1802/2333/1394 1831/2334/1395 1829/2339/1400 1808/2340/1401
f 1831/2334/1395 1830/2301/1366 1828/2299/1364 1829/2339/1400
f 1808/2340/1401 1829/2339/1400 1827/2341/1402 1807/2342/1403
f 1829/2339/1400 1828/2299/1364 1826/2295/1362 1827/2341/1402
f 1807/2342/1403 1827/2341/1402 1823/2343/1404 1809/2344/1405
f 1827/2341/1402 1826/2295/1362 1822/2298/1358 1823/2343/1404
f 1809/2345/1405 1823/2346/1404 1824/2338/1399 1806/2337/1398
f 1823/2346/1404 1822/2291/1358 1825/2294/1361 1824/2338/1399
f 1990/2347/1406 1984/2348/1407 1847/2349/1408 1859/2350/1409
f 1988/2351/1410 1985/2352/1411 1848/2353/1412 1855/2354/1413
f 1989/2355/1414 1986/2356/1415 1849/2357/1416 1861/2358/1417
f 1987/2359/1418 1991/2360/1419 1846/2361/1420 1857/2362/1421
f 1862/2363/1422 1855/2354/1413 1848/2353/1412 1861/2364/1417
f 1859/2350/1409 1847/2349/1408 1855/2354/1413 1862/2363/1422
f 1986/2356/1415 1987/2359/1418 1857/2362/1421 1849/2357/1416
f 1984/2348/1407 1988/2351/1410 1855/2354/1413 1847/2349/1408
f 1846/2361/1420 1859/2365/1409 1862/2366/1422 1857/2362/1421
f 1857/2362/1421 1862/2366/1422 1861/2358/1417 1849/2357/1416
f 1985/2352/1411 1989/2367/1414 1861/2364/1417 1848/2353/1412
f 1991/2360/1419 1990/2368/1406 1859/2365/1409 1846/2361/1420
f 1887/2369/1423 1894/2370/1424 1870/2371/1425 1863/2372/1426
f 1889/2373/1427 1893/2374/1428 1869/2375/1429 1865/2376/1430
f 1888/2377/1431 1892/2378/1432 1868/2379/1433 1864/2380/1434
f 1890/2381/1435 1891/2382/1436 1867/2383/1437 1866/2384/1438
f 1891/2382/1436 1887/2369/1423 1863/2372/1426 1867/2383/1437
f 1893/2385/1428 1890/2381/1435 1866/2384/1438 1869/2386/1429
f 1892/2378/1432 1889/2373/1427 1865/2376/1430 1868/2379/1433
f 1894/2387/1424 1888/2377/1431 1864/2380/1434 1870/2388/1425
f 1863/2372/1426 1870/2371/1425 1877/2389/1439 1878/2390/1440
f 1865/2376/1430 1869/2375/1429 1876/2391/1441 1872/2392/1442
f 1864/2380/1434 1868/2379/1433 1875/2393/1443 1871/2394/1444
f 1866/2384/1438 1867/2383/1437 1874/2395/1445 1873/2396/1446
f 1867/2383/1437 1863/2372/1426 1878/2390/1440 1874/2395/1445
f 1869/2386/1429 1866/2384/1438 1873/2396/1446 1876/2397/1441
f 1868/2379/1433 1865/2376/1430 1872/2392/1442 1875/2393/1443
f 1870/2388/1425 1864/2380/1434 1871/2394/1444 1877/2398/1439
f 1976/2399/1447 1983/2400/1448 1885/2401/1449 1886/2402/1450
f 1978/2403/1451 1982/2404/1452 1884/2405/1453 1880/2406/1454
f 1977/2407/1455 1981/2408/1456 1883/2409/1457 1879/2410/1458
f 1979/2411/1459 1980/2412/1460 1882/2413/1461 1881/2414/1462
f 1980/2412/1460 1976/2399/1447 1886/2402/1450 1882/2413/1461
f 1982/2415/1452 1979/2411/1459 1881/2414/1462 1884/2416/1453
f 1981/2408/1456 1978/2403/1451 1880/2406/1454 1883/2409/1457
f 1983/2417/1448 1977/2407/1455 1879/2410/1458 1885/2418/1449
f 1858/2419/1463 1851/2420/1464 1888/2377/1431 1894/2387/1424
f 1854/2421/1465 1852/2422/1466 1889/2373/1427 1892/2378/1432
f 1860/2423/1467 1853/2424/1468 1890/2381/1435 1893/2385/1428
f 1856/2425/1469 1850/2426/1470 1887/2369/1423 1891/2382/1436
f 1853/2424/1468 1856/2425/1469 1891/2382/1436 1890/2381/1435
f 1851/2420/1464 1854/2421/1465 1892/2378/1432 1888/2377/1431
f 1852/2422/1466 1860/2427/1467 1893/2374/1428 1889/2373/1427
f 1850/2426/1470 1858/2428/1463 1894/2370/1424 1887/2369/1423
f 1958/2429/1471 1952/2430/1472 1896/2431/1473 1908/2432/1474
f 1956/2433/1475 1953/2434/1476 1897/2435/1477 1904/2436/1478
f 1957/2437/1479 1954/2438/1480 1898/2439/1481 1910/2440/1482
f 1955/2441/1483 1959/2442/1484 1895/2443/1485 1906/2444/1486
f 1911/2445/1487 1904/2436/1478 1897/2435/1477 1910/2440/1482
f 1908/2432/1474 1896/2431/1473 1904/2436/1478 1911/2445/1487
f 1954/2438/1480 1955/2441/1483 1906/2444/1486 1898/2439/1481
f 1952/2430/1472 1956/2433/1475 1904/2436/1478 1896/2431/1473
f 1895/2443/1485 1908/2446/1474 1911/2447/1487 1906/2444/1486
f 1906/2444/1486 1911/2447/1487 1910/2440/1482 1898/2439/1481
f 1953/2434/1476 1957/2437/1479 1910/2440/1482 1897/2435/1477
f 1959/2442/1484 1958/2448/1471 1908/2446/1474 1895/2443/1485
f 1936/2449/1488 1943/2450/1489 1919/2451/1490 1912/2452/1491
f 1938/2453/1492 1942/2454/1493 1918/2455/1494 1914/2456/1495
f 1937/2457/1496 1941/2458/1497 1917/2459/1498 1913/2460/1499
f 1939/2461/1500 1940/2462/1501 1916/2463/1502 1915/2464/1503
f 1940/2462/1501 1936/2449/1488 1912/2452/1491 1916/2463/1502
f 1942/2454/1493 1939/2461/1500 1915/2464/1503 1918/2455/1494
f 1941/2458/1497 1938/2453/1492 1914/2456/1495 1917/2459/1498
f 1943/2465/1489 1937/2457/1496 1913/2460/1499 1919/2466/1490
f 1912/2452/1491 1919/2451/1490 1926/2467/1504 1927/2468/1505
f 1914/2456/1495 1918/2455/1494 1925/2469/1506 1921/2470/1507
f 1913/2460/1499 1917/2459/1498 1924/2471/1508 1920/2472/1509
f 1915/2464/1503 1916/2463/1502 1923/2473/1510 1922/2474/1511
f 1916/2463/1502 1912/2452/1491 1927/2468/1505 1923/2473/1510
f 1918/2455/1494 1915/2464/1503 1922/2474/1511 1925/2469/1506
f 1917/2459/1498 1914/2456/1495 1921/2470/1507 1924/2471/1508
f 1919/2466/1490 1913/2460/1499 1920/2472/1509 1926/2475/1504
f 1944/2476/1512 1951/2477/1513 1934/2478/1514 1935/2479/1515
f 1946/2480/1516 1950/2481/1517 1933/2482/1518 1929/2483/1519
f 1945/2484/1520 1949/2485/1521 1932/2486/1522 1928/2487/1523
f 1947/2488/1524 1948/2489/1525 1931/2490/1526 1930/2491/1527
f 1948/2489/1525 1944/2476/1512 1935/2479/1515 1931/2490/1526
f 1950/2481/1517 1947/2488/1524 1930/2491/1527 1933/2482/1518
f 1949/2485/1521 1946/2480/1516 1929/2483/1519 1932/2486/1522
f 1951/2492/1513 1945/2484/1520 1928/2487/1523 1934/2493/1514
f 1907/2494/1528 1900/2495/1529 1937/2457/1496 1943/2465/1489
f 1903/2496/1530 1901/2497/1531 1938/2453/1492 1941/2458/1497
f 1909/2498/1532 1902/2499/1533 1939/2461/1500 1942/2454/1493
f 1905/2500/1534 1899/2501/1535 1936/2449/1488 1940/2462/1501
f 1902/2499/1533 1905/2500/1534 1940/2462/1501 1939/2461/1500
f 1900/2495/1529 1903/2496/1530 1941/2458/1497 1937/2457/1496
f 1901/2497/1531 1909/2498/1532 1942/2454/1493 1938/2453/1492
f 1899/2501/1535 1907/2502/1528 1943/2450/1489 1936/2449/1488
f 1926/2475/1504 1920/2472/1509 1945/2484/1520 1951/2492/1513
f 1924/2471/1508 1921/2470/1507 1946/2480/1516 1949/2485/1521
f 1925/2469/1506 1922/2474/1511 1947/2488/1524 1950/2481/1517
f 1923/2473/1510 1927/2468/1505 1944/2476/1512 1948/2489/1525
f 1922/2474/1511 1923/2473/1510 1948/2489/1525 1947/2488/1524
f 1920/2472/1509 1924/2471/1508 1949/2485/1521 1945/2484/1520
f 1921/2470/1507 1925/2469/1506 1950/2481/1517 1946/2480/1516
f 1927/2468/1505 1926/2467/1504 1951/2477/1513 1944/2476/1512
f 1960/2503/1536 1967/2504/1537 1958/2448/1471 1959/2442/1484
f 1962/2505/1538 1966/2506/1539 1957/2437/1479 1953/2434/1476
f 1961/2507/1540 1965/2508/1541 1956/2433/1475 1952/2430/1472
f 1963/2509/1542 1964/2510/1543 1955/2441/1483 1954/2438/1480
f 1964/2510/1543 1960/2503/1536 1959/2442/1484 1955/2441/1483
f 1966/2506/1539 1963/2509/1542 1954/2438/1480 1957/2437/1479
f 1965/2508/1541 1962/2505/1538 1953/2434/1476 1956/2433/1475
f 1967/2511/1537 1961/2507/1540 1952/2430/1472 1958/2429/1471
f 1934/2493/1514 1928/2487/1523 1961/2507/1540 1967/2511/1537
f 1932/2486/1522 1929/2483/1519 1962/2505/1538 1965/2508/1541
f 1933/2482/1518 1930/2491/1527 1963/2509/1542 1966/2506/1539
f 1931/2490/1526 1935/2479/1515 1960/2503/1536 1964/2510/1543
f 1930/2491/1527 1931/2490/1526 1964/2510/1543 1963/2509/1542
f 1928/2487/1523 1932/2486/1522 1965/2508/1541 1961/2507/1540
f 1929/2483/1519 1933/2482/1518 1966/2506/1539 1962/2505/1538
f 1935/2479/1515 1934/2478/1514 1967/2504/1537 1960/2503/1536
f 1886/2402/1450 1885/2401/1449 1974/2512/1544 1975/2513/1545
f 1880/2406/1454 1884/2405/1453 1973/2514/1546 1969/2515/1547
f 1879/2410/1458 1883/2409/1457 1972/2516/1548 1968/2517/1549
f 1881/2414/1462 1882/2413/1461 1971/2518/1550 1970/2519/1551
f 1882/2413/1461 1886/2402/1450 1975/2513/1545 1971/2518/1550
f 1884/2416/1453 1881/2414/1462 1970/2519/1551 1973/2520/1546
f 1883/2409/1457 1880/2406/1454 1969/2515/1547 1972/2516/1548
f 1885/2418/1449 1879/2410/1458 1968/2517/1549 1974/2521/1544
f 1877/2398/1439 1871/2394/1444 1977/2407/1455 1983/2417/1448
f 1875/2393/1443 1872/2392/1442 1978/2403/1451 1981/2408/1456
f 1876/2397/1441 1873/2396/1446 1979/2411/1459 1982/2415/1452
f 1874/2395/1445 1878/2390/1440 1976/2399/1447 1980/2412/1460
f 1873/2396/1446 1874/2395/1445 1980/2412/1460 1979/2411/1459
f 1871/2394/1444 1875/2393/1443 1981/2408/1456 1977/2407/1455
f 1872/2392/1442 1876/2391/1441 1982/2404/1452 1978/2403/1451
f 1878/2390/1440 1877/2389/1439 1983/2400/1448 1976/2399/1447
f 1975/2513/1545 1974/2512/1544 1990/2368/1406 1991/2360/1419
f 1969/2515/1547 1973/2514/1546 1989/2367/1414 1985/2352/1411
f 1968/2517/1549 1972/2516/1548 1988/2351/1410 1984/2348/1407
f 1970/2519/1551 1971/2518/1550 1987/2359/1418 1986/2356/1415
f 1971/2518/1550 1975/2513/1545 1991/2360/1419 1987/2359/1418
f 1973/2520/1546 1970/2519/1551 1986/2356/1415 1989/2355/1414
f 1972/2516/1548 1969/2515/1547 1985/2352/1411 1988/2351/1410
f 1974/2521/1544 1968/2517/1549 1984/2348/1407 1990/2347/1406
f 2025/2522/1552 2009/2523/1553 1993/2524/1554 2017/2525/1555
f 2037/2526/1556 2010/2527/1557 1994/2528/1558 2029/2529/1559
f 2024/2530/1560 2011/2531/1561 1995/2532/1562 2019/2533/1563
f 2036/2534/1564 2008/2535/1565 1992/2536/1566 2031/2537/1567
f 2048/2538/1568 2041/2539/1569 2000/2540/1570 2033/2541/1571
f 2040/2542/1572 2032/2543/1573 2002/2544/1574 2021/2545/1575
f 2046/2546/1576 2042/2547/1577 2003/2548/1578 2021/2549/1575
f 2047/2550/1579 2043/2551/1580 2002/2544/1574 2032/2543/1573
f 2045/2552/1581 2044/2553/1582 2001/2554/1583 2020/2555/1584
f 2017/2525/1555 1993/2524/1554 2007/2556/1585 2022/2557/1586
f 2029/2529/1559 1994/2528/1558 2006/2558/1587 2034/2559/1588
f 2019/2533/1563 1995/2532/1562 2004/2560/1589 2023/2561/1590
f 2031/2537/1567 1992/2536/1566 2005/2562/1591 2035/2563/1592
f 2030/2564/1593 1996/2565/1594 2008/2535/1565 2036/2534/1564
f 2018/2566/1595 1999/2567/1596 2011/2531/1561 2024/2530/1560
f 2028/2568/1597 1998/2569/1598 2010/2527/1557 2037/2526/1556
f 2016/2570/1599 1997/2571/1600 2009/2523/1553 2025/2522/1552
f 2022/2557/1586 2007/2556/1585 2015/2572/1601 2026/2573/1602
f 2034/2559/1588 2006/2558/1587 2014/2574/1603 2038/2575/1604
f 2023/2561/1590 2004/2560/1589 2013/2576/1605 2027/2577/1606
f 2035/2563/1592 2005/2562/1591 2012/2578/1607 2039/2579/1608
f 2006/2558/1587 2023/2580/1590 2027/2581/1606 2014/2574/1603
f 2005/2562/1591 2022/2582/1586 2026/2583/1602 2012/2578/1607
f 1996/2565/1594 2016/2584/1599 2025/2585/1552 2008/2535/1565
f 1998/2569/1598 2018/2586/1595 2024/2587/1560 2010/2527/1557
f 1994/2528/1558 2019/2588/1563 2023/2580/1590 2006/2558/1587
f 1992/2536/1566 2017/2589/1555 2022/2582/1586 2005/2562/1591
f 2041/2539/1569 2045/2590/1581 2020/2591/1584 2000/2540/1570
f 2043/2551/1580 2046/2592/1576 2021/2545/1575 2002/2544/1574
f 2033/2541/1571 2040/2593/1572 2021/2549/1575 2003/2548/1578
f 2010/2527/1557 2024/2587/1560 2019/2588/1563 1994/2528/1558
f 2008/2535/1565 2025/2585/1552 2017/2589/1555 1992/2536/1566
f 2000/2540/1570 2020/2591/1584 2040/2593/1572 2033/2541/1571
f 2004/2560/1589 2035/2563/1592 2039/2579/1608 2013/2576/1605
f 2007/2556/1585 2034/2559/1588 2038/2575/1604 2015/2572/1601
f 1997/2571/1600 2028/2568/1597 2037/2526/1556 2009/2523/1553
f 1999/2567/1596 2030/2564/1593 2036/2534/1564 2011/2531/1561
f 1995/2532/1562 2031/2537/1567 2035/2563/1592 2004/2560/1589
f 1993/2524/1554 2029/2529/1559 2034/2559/1588 2007/2556/1585
f 2044/2553/1582 2047/2550/1579 2032/2543/1573 2001/2554/1583
f 2020/2555/1584 2001/2554/1583 2032/2543/1573 2040/2542/1572
f 2042/2547/1577 2048/2538/1568 2033/2541/1571 2003/2548/1578
f 2011/2531/1561 2036/2534/1564 2031/2537/1567 1995/2532/1562
f 2009/2523/1553 2037/2526/1556 2029/2529/1559 1993/2524/1554
f 2013/2576/1605 2039/2579/1608 2048/2538/1568 2042/2547/1577
f 2015/2572/1601 2038/2575/1604 2047/2550/1579 2044/2553/1582
f 2014/2574/1603 2027/2581/1606 2046/2592/1576 2043/2551/1580
f 2012/2578/1607 2026/2583/1602 2045/2590/1581 2041/2539/1569
f 2026/2573/1602 2015/2572/1601 2044/2553/1582 2045/2552/1581
f 2038/2575/1604 2014/2574/1603 2043/2551/1580 2047/2550/1579
f 2027/2577/1606 2013/2576/1605 2042/2547/1577 2046/2546/1576
f 2039/2579/1608 2012/2578/1607 2041/2539/1569 2048/2538/1568
f 2144/2594/1609 2134/2595/1610 2050/2596/1611 2071/2597/1612
f 2082/2598/1613 2077/2599/1614 2057/2600/1615 2067/2601/1616
f 2142/2602/1617 2136/2603/1618 2052/2604/1619 2068/2605/1620
f 2145/2606/1621 2133/2607/1622 2049/2608/1623 2076/2609/1624
f 2084/2610/1625 2074/2611/1626 2051/2612/1627 2070/2613/1628
f 2083/2614/1629 2073/2615/1630 2054/2616/1631 2069/2617/1632
f 2081/2618/1633 2078/2619/1634 2060/2620/1635 2068/2605/1620
f 2139/2621/1636 2137/2622/1637 2060/2620/1635 2062/2623/1638
f 2141/2624/1639 2138/2625/1640 2058/2626/1641 2065/2627/1642
f 2147/2628/1643 2139/2621/1636 2062/2623/1638 2088/2629/1644
f 2077/2599/1614 2079/2630/1645 2061/2631/1646 2057/2600/1615
f 2078/2619/1634 2080/2632/1647 2062/2623/1638 2060/2620/1635
f 2138/2625/1640 2140/2633/1648 2063/2634/1649 2058/2626/1641
f 2133/2635/1622 2141/2624/1639 2065/2627/1642 2049/2636/1623
f 2076/2637/1624 2081/2618/1633 2068/2605/1620 2052/2604/1619
f 2137/2622/1637 2142/2602/1617 2068/2605/1620 2060/2620/1635
f 2075/2638/1650 2082/2598/1613 2067/2601/1616 2053/2639/1651
f 2135/2640/1652 2143/2641/1653 2070/2613/1628 2051/2612/1627
f 2090/2642/1654 2083/2614/1629 2069/2617/1632 2087/2643/1655
f 2089/2644/1656 2084/2610/1625 2070/2613/1628 2088/2629/1644
f 2146/2645/1657 2144/2594/1609 2071/2597/1612 2085/2646/1658
f 2085/2647/1658 2071/2648/1612 2084/2610/1625 2089/2644/1656
f 2086/2649/1659 2072/2650/1660 2083/2614/1629 2090/2642/1654
f 2056/2651/1661 2066/2652/1662 2082/2598/1613 2075/2638/1650
f 2049/2653/1623 2065/2654/1642 2081/2618/1633 2076/2637/1624
f 2058/2655/1641 2063/2656/1649 2080/2632/1647 2078/2619/1634
f 2059/2657/1663 2064/2658/1664 2079/2630/1645 2077/2599/1614
f 2065/2654/1642 2058/2655/1641 2078/2619/1634 2081/2618/1633
f 2072/2650/1660 2055/2659/1665 2073/2615/1630 2083/2614/1629
f 2071/2648/1612 2050/2660/1611 2074/2611/1626 2084/2610/1625
f 2136/2661/1618 2145/2606/1621 2076/2609/1624 2052/2662/1619
f 2066/2652/1662 2059/2657/1663 2077/2599/1614 2082/2598/1613
f 2064/2658/1664 2086/2649/1659 2090/2642/1654 2079/2630/1645
f 2063/2656/1649 2085/2647/1658 2089/2644/1656 2080/2632/1647
f 2140/2633/1648 2146/2645/1657 2085/2646/1658 2063/2634/1649
f 2080/2632/1647 2089/2644/1656 2088/2629/1644 2062/2623/1638
f 2079/2630/1645 2090/2642/1654 2087/2643/1655 2061/2631/1646
f 2143/2641/1653 2147/2628/1643 2088/2629/1644 2070/2613/1628
f 2159/2663/1666 2149/2664/1667 2092/2665/1668 2113/2666/1669
f 2126/2667/1670 2123/2668/1671 2099/2669/1672 2105/2670/1673
f 2155/2671/1674 2151/2672/1675 2094/2673/1676 2106/2674/1677
f 2162/2675/1678 2148/2676/1679 2091/2677/1680 2122/2678/1681
f 2130/2679/1682 2120/2680/1683 2093/2681/1684 2112/2682/1685
f 2129/2683/1686 2119/2684/1687 2096/2685/1688 2111/2686/1689
f 2125/2687/1690 2124/2688/1691 2102/2689/1692 2106/2690/1677
f 2156/2691/1693 2152/2692/1694 2102/2693/1692 2108/2694/1695
f 2154/2695/1696 2153/2696/1697 2100/2697/1698 2103/2698/1699
f 2148/2699/1679 2154/2695/1696 2103/2698/1699 2091/2700/1680
f 2122/2701/1681 2125/2687/1690 2106/2690/1677 2094/2702/1676
f 2152/2692/1694 2155/2671/1674 2106/2674/1677 2102/2693/1692
f 2121/2703/1700 2126/2667/1670 2105/2670/1673 2095/2704/1701
f 2161/2705/1702 2156/2691/1693 2108/2694/1695 2118/2706/1703
f 2123/2668/1671 2127/2707/1704 2107/2708/1705 2099/2669/1672
f 2124/2688/1691 2128/2709/1706 2108/2710/1695 2102/2689/1692
f 2153/2696/1697 2157/2711/1707 2109/2712/1708 2100/2697/1698
f 2150/2713/1709 2158/2714/1710 2112/2715/1685 2093/2716/1684
f 2132/2717/1711 2129/2683/1686 2111/2686/1689 2117/2718/1712
f 2131/2719/1713 2130/2679/1682 2112/2682/1685 2118/2720/1703
f 2160/2721/1714 2159/2663/1666 2113/2666/1669 2115/2722/1715
f 2157/2711/1707 2160/2721/1714 2115/2722/1715 2109/2712/1708
f 2128/2709/1706 2131/2719/1713 2118/2720/1703 2108/2710/1695
f 2127/2707/1704 2132/2717/1711 2117/2718/1712 2107/2708/1705
f 2158/2714/1710 2161/2705/1702 2118/2706/1703 2112/2715/1685
f 2110/2723/1716 2116/2724/1717 2132/2717/1711 2127/2707/1704
f 2109/2725/1708 2115/2726/1715 2131/2719/1713 2128/2709/1706
f 2115/2726/1715 2113/2727/1669 2130/2679/1682 2131/2719/1713
f 2116/2724/1717 2114/2728/1718 2129/2683/1686 2132/2717/1711
f 2100/2729/1698 2109/2725/1708 2128/2709/1706 2124/2688/1691
f 2101/2730/1719 2110/2723/1716 2127/2707/1704 2123/2668/1671
f 2098/2731/1720 2104/2732/1721 2126/2667/1670 2121/2703/1700
f 2091/2733/1680 2103/2734/1699 2125/2687/1690 2122/2701/1681
f 2103/2734/1699 2100/2729/1698 2124/2688/1691 2125/2687/1690
f 2114/2728/1718 2097/2735/1722 2119/2684/1687 2129/2683/1686
f 2113/2727/1669 2092/2736/1668 2120/2680/1683 2130/2679/1682
f 2151/2737/1675 2162/2675/1678 2122/2678/1681 2094/2738/1676
f 2104/2732/1721 2101/2730/1719 2123/2668/1671 2126/2667/1670
f 2072/2650/1660 2086/2649/1659 2147/2628/1643 2143/2641/1653
f 2061/2631/1646 2087/2643/1655 2146/2645/1657 2140/2633/1648
f 2056/2651/1661 2075/2638/1650 2145/2606/1621 2136/2661/1618
f 2087/2643/1655 2069/2617/1632 2144/2594/1609 2146/2645/1657
f 2055/2659/1665 2072/2650/1660 2143/2641/1653 2135/2640/1652
f 2059/2657/1663 2066/2652/1662 2142/2602/1617 2137/2622/1637
f 2053/2639/1651 2067/2601/1616 2141/2624/1639 2133/2635/1622
f 2057/2600/1615 2061/2631/1646 2140/2633/1648 2138/2625/1640
f 2086/2649/1659 2064/2658/1664 2139/2621/1636 2147/2628/1643
f 2067/2601/1616 2057/2600/1615 2138/2625/1640 2141/2624/1639
f 2064/2658/1664 2059/2657/1663 2137/2622/1637 2139/2621/1636
f 2075/2638/1650 2053/2639/1651 2133/2607/1622 2145/2606/1621
f 2066/2652/1662 2056/2651/1661 2136/2603/1618 2142/2602/1617
f 2069/2617/1632 2054/2616/1631 2134/2595/1610 2144/2594/1609
f 2098/2731/1720 2121/2703/1700 2162/2675/1678 2151/2737/1675
f 2114/2728/1718 2116/2724/1717 2161/2705/1702 2158/2714/1710
f 2107/2708/1705 2117/2718/1712 2160/2721/1714 2157/2711/1707
f 2117/2718/1712 2111/2686/1689 2159/2663/1666 2160/2721/1714
f 2097/2735/1722 2114/2728/1718 2158/2714/1710 2150/2713/1709
f 2099/2669/1672 2107/2708/1705 2157/2711/1707 2153/2696/1697
f 2116/2724/1717 2110/2723/1716 2156/2691/1693 2161/2705/1702
f 2101/2730/1719 2104/2732/1721 2155/2671/1674 2152/2692/1694
f 2095/2704/1701 2105/2670/1673 2154/2695/1696 2148/2699/1679
f 2105/2670/1673 2099/2669/1672 2153/2696/1697 2154/2695/1696
f 2110/2723/1716 2101/2730/1719 2152/2692/1694 2156/2691/1693
f 2121/2703/1700 2095/2704/1701 2148/2676/1679 2162/2675/1678
f 2104/2732/1721 2098/2731/1720 2151/2672/1675 2155/2671/1674
f 2111/2686/1689 2096/2685/1688 2149/2664/1667 2159/2663/1666
f 2218/2739/1723 2206/2740/1724 2164/2741/1725 2189/2742/1726
f 2209/2743/1727 2208/2744/1728 2166/2745/1729 2174/2746/1730
f 2219/2747/1731 2205/2748/1732 2163/2749/1733 2194/2750/1734
f 2204/2751/1735 2192/2752/1736 2165/2753/1737 2188/2754/1738
f 2203/2755/1739 2191/2756/1740 2168/2757/1741 2187/2758/1742
f 2193/2759/1743 2195/2760/1744 2171/2761/1745 2167/2762/1746
f 2194/2763/1734 2196/2764/1747 2174/2765/1730 2166/2766/1729
f 2211/2767/1748 2209/2743/1727 2174/2746/1730 2176/2768/1749
f 2205/2769/1732 2210/2770/1750 2172/2771/1751 2163/2772/1733
f 2213/2773/1752 2211/2767/1748 2176/2768/1749 2180/2774/1753
f 2195/2760/1744 2197/2775/1754 2175/2776/1755 2171/2761/1745
f 2196/2764/1747 2198/2777/1756 2176/2778/1749 2174/2765/1730
f 2210/2770/1750 2212/2779/1757 2177/2780/1758 2172/2771/1751
f 2215/2781/1759 2213/2773/1752 2180/2774/1753 2184/2782/1760
f 2197/2775/1754 2199/2783/1761 2179/2784/1762 2175/2776/1755
f 2198/2777/1756 2200/2785/1763 2180/2786/1753 2176/2778/1749
f 2212/2779/1757 2214/2787/1764 2181/2788/1765 2177/2780/1758
f 2217/2789/1766 2215/2781/1759 2184/2782/1760 2188/2790/1738
f 2199/2783/1761 2201/2791/1767 2183/2792/1768 2179/2784/1762
f 2200/2785/1763 2202/2793/1769 2184/2794/1760 2180/2786/1753
f 2214/2787/1764 2216/2795/1770 2185/2796/1771 2181/2788/1765
f 2207/2797/1772 2217/2789/1766 2188/2790/1738 2165/2798/1737
f 2201/2791/1767 2203/2755/1739 2187/2758/1742 2183/2792/1768
f 2202/2793/1769 2204/2751/1735 2188/2754/1738 2184/2794/1760
f 2216/2795/1770 2218/2739/1723 2189/2742/1726 2185/2796/1771
f 2185/2799/1771 2189/2800/1726 2204/2751/1735 2202/2793/1769
f 2186/2801/1773 2190/2802/1774 2203/2755/1739 2201/2791/1767
f 2181/2803/1765 2185/2799/1771 2202/2793/1769 2200/2785/1763
f 2182/2804/1775 2186/2801/1773 2201/2791/1767 2199/2783/1761
f 2177/2805/1758 2181/2803/1765 2200/2785/1763 2198/2777/1756
f 2178/2806/1776 2182/2804/1775 2199/2783/1761 2197/2775/1754
f 2172/2807/1751 2177/2805/1758 2198/2777/1756 2196/2764/1747
f 2173/2808/1777 2178/2806/1776 2197/2775/1754 2195/2760/1744
f 2163/2809/1733 2172/2807/1751 2196/2764/1747 2194/2763/1734
f 2170/2810/1778 2173/2808/1777 2195/2760/1744 2193/2759/1743
f 2190/2802/1774 2169/2811/1779 2191/2756/1740 2203/2755/1739
f 2189/2800/1726 2164/2812/1725 2192/2752/1736 2204/2751/1735
f 2208/2813/1728 2219/2747/1731 2194/2750/1734 2166/2814/1729
f 2170/2810/1778 2193/2759/1743 2219/2747/1731 2208/2813/1728
f 2183/2792/1768 2187/2758/1742 2218/2739/1723 2216/2795/1770
f 2169/2811/1779 2190/2802/1774 2217/2789/1766 2207/2797/1772
f 2179/2784/1762 2183/2792/1768 2216/2795/1770 2214/2787/1764
f 2190/2802/1774 2186/2801/1773 2215/2781/1759 2217/2789/1766
f 2175/2776/1755 2179/2784/1762 2214/2787/1764 2212/2779/1757
f 2186/2801/1773 2182/2804/1775 2213/2773/1752 2215/2781/1759
f 2171/2761/1745 2175/2776/1755 2212/2779/1757 2210/2770/1750
f 2182/2804/1775 2178/2806/1776 2211/2767/1748 2213/2773/1752
f 2167/2762/1746 2171/2761/1745 2210/2770/1750 2205/2769/1732
f 2178/2806/1776 2173/2808/1777 2209/2743/1727 2211/2767/1748
f 2193/2759/1743 2167/2762/1746 2205/2748/1732 2219/2747/1731
f 2173/2808/1777 2170/2810/1778 2208/2744/1728 2209/2743/1727
f 2187/2758/1742 2168/2757/1741 2206/2740/1724 2218/2739/1723
f 1814/2815/1367 1813/2816/1377 2220/2817/1780 2221/2818/1781
f 1813/2816/1377 1816/2819/1379 2222/2820/1782 2220/2817/1780
f 2240/2821/1783 2236/2822/1784 2224/2823/1785 2232/2824/1786
f 2247/2825/1787 2237/2826/1788 2225/2827/1789 2242/2828/1790
f 2239/2829/1791 2238/2830/1792 2226/2831/1793 2234/2832/1794
f 2246/2833/1795 2242/2828/1790 2225/2827/1789 2234/2832/1794
f 2245/2834/1796 2241/2835/1797 2228/2836/1798 2231/2837/1799
f 2243/2838/1800 2245/2834/1796 2231/2837/1799 2227/2839/1801
f 2244/2840/1802 2246/2833/1795 2234/2832/1794 2226/2831/1793
f 2237/2826/1788 2239/2829/1791 2234/2832/1794 2225/2827/1789
f 2235/2841/1803 2240/2821/1783 2232/2824/1786 2223/2842/1804
f 2227/2839/1801 2231/2837/1799 2240/2843/1783 2235/2844/1803
f 2229/2845/1805 2233/2846/1806 2239/2829/1791 2237/2826/1788
f 2233/2846/1806 2230/2847/1807 2238/2830/1792 2239/2829/1791
f 2241/2835/1797 2229/2845/1805 2237/2826/1788 2247/2848/1787
f 2231/2837/1799 2228/2836/1798 2236/2849/1784 2240/2843/1783
f 2228/2836/1798 2241/2835/1797 2247/2848/1787 2236/2849/1784
f 2223/2842/1804 2232/2824/1786 2246/2833/1795 2244/2840/1802
f 2230/2847/1807 2233/2846/1806 2245/2834/1796 2243/2838/1800
f 2233/2846/1806 2229/2845/1805 2241/2835/1797 2245/2834/1796
f 2232/2824/1786 2224/2823/1785 2242/2828/1790 2246/2833/1795
f 2236/2822/1784 2247/2825/1787 2242/2828/1790 2224/2823/1785
f 2258/2850/1808 2097/2735/1722 2150/2713/1709 2259/2851/1809
f 2259/2851/1809 2150/2713/1709 2093/2716/1684 2260/2852/1810
f 2250/2853/1811 2169/2811/1779 2207/2797/1772 2261/2854/1812
f 2261/2854/1812 2207/2797/1772 2165/2798/1737 2262/2855/1813
f 2266/2856/1814 2191/2756/1740 2169/2811/1779 2268/2857/1815
f 2054/2616/1631 2073/2615/1630 2263/2858/1816 2264/2859/1817
f 2265/2860/1818 2248/2861/1819 2097/2735/1722 2258/2850/1808
f 2149/2664/1667 2261/2854/1812 2262/2855/1813 2092/2665/1668
f 1815/2862/1375 1810/2863/1374 2251/2864/1820 2253/2865/1821
f 1812/2866/1381 1815/2862/1375 2253/2865/1821 2252/2867/1822
f 1812/2866/1381 2252/2867/1822 2222/2820/1782 1816/2819/1379
f 1818/2868/1360 1821/2869/1359 2257/2870/1823 2254/2871/1824
f 1821/2869/1359 1819/2872/1363 2255/2873/1825 2257/2870/1823
f 1819/2872/1363 1820/2874/1365 2256/2875/1826 2255/2873/1825
f 2264/2859/1817 2265/2860/1818 2258/2850/1808 2054/2616/1631
f 2134/2595/1610 2259/2851/1809 2260/2852/1810 2050/2596/1611
f 2054/2616/1631 2258/2850/1808 2259/2851/1809 2134/2595/1610
f 2096/2685/1688 2250/2853/1811 2261/2854/1812 2149/2664/1667
f 2270/2876/1827 2271/2877/1828 2248/2861/1819 2263/2858/1816
f 2169/2811/1779 2250/2853/1811 2269/2878/1829 2268/2857/1815
f 2249/2879/1830 2272/2880/1831 1817/2881/1369 2267/2882/1832
f 2250/2853/1811 2096/2685/1688 2267/2882/1832 2269/2878/1829
f 2271/2877/1828 2270/2876/1827 1810/2863/1374 1811/2883/1371
f 2272/2880/1831 2271/2877/1828 1811/2883/1371 1817/2881/1369
f 2119/2684/1687 2249/2879/1830 2267/2882/1832 2096/2685/1688
f 2097/2735/1722 2248/2861/1819 2249/2879/1830 2119/2684/1687
f 2270/2876/1827 2263/2858/1816 2251/2864/1820 1810/2863/1374
f 2265/2860/1818 2264/2859/1817 2263/2858/1816 2248/2861/1819
f 2271/2877/1828 2272/2880/1831 2249/2879/1830 2248/2861/1819
f 2269/2878/1829 2267/2882/1832 2266/2856/1814 2268/2857/1815
f 2168/2757/1741 2191/2756/1740 2266/2856/1814 2273/2884/1833
f 1817/2881/1369 2273/2884/1833 2266/2856/1814 2267/2882/1832
f 1817/2881/1369 1818/2868/1360 2254/2871/1824 2273/2884/1833
f 2290/2885/1834 2289/2886/1835 2230/2847/1807 2243/2838/1800
f 2291/2887/1836 2290/2885/1834 2243/2838/1800 2227/2839/1801
f 2055/2659/1665 2251/2864/1820 2263/2858/1816 2073/2615/1630
f 2222/2820/1782 2252/2867/1822 2276/2888/1837 2274/2889/1838
f 2253/2865/1821 2251/2864/1820 2275/2890/1839 2277/2891/1840
f 2252/2867/1822 2253/2865/1821 2277/2891/1840 2276/2888/1837
f 2279/2892/1841 2280/2893/1842 2302/2894/1843 2303/2895/1844
f 2277/2891/1840 2275/2890/1839 2278/2896/1845 2280/2893/1842
f 2276/2888/1837 2277/2891/1840 2280/2893/1842 2279/2892/1841
f 2135/2640/1652 2275/2890/1839 2251/2864/1820 2055/2659/1665
f 2051/2612/1627 2278/2896/1845 2275/2890/1839 2135/2640/1652
f 2289/2886/1835 2222/2820/1782 2274/2889/1838 2292/2897/1846
f 2230/2847/1807 2289/2886/1835 2292/2897/1846 2238/2830/1792
f 2168/2757/1741 2273/2884/1833 2254/2871/1824 2206/2740/1724
f 2254/2871/1824 2257/2870/1823 2284/2898/1847 2281/2899/1848
f 2257/2870/1823 2255/2873/1825 2282/2900/1849 2284/2898/1847
f 2255/2873/1825 2256/2875/1826 2283/2901/1850 2282/2900/1849
f 2281/2902/1848 2284/2903/1847 2288/2904/1851 2285/2905/1852
f 2284/2903/1847 2282/2906/1849 2286/2907/1853 2288/2904/1851
f 2282/2906/1849 2283/2908/1850 2287/2909/1854 2286/2907/1853
f 1820/2874/1365 1814/2815/1367 2221/2818/1781 2256/2875/1826
f 2221/2818/1781 2220/2817/1780 2290/2885/1834 2291/2887/1836
f 2220/2817/1780 2222/2820/1782 2289/2886/1835 2290/2885/1834
f 2283/2901/1850 2256/2875/1826 2221/2818/1781 2291/2887/1836
f 2227/2839/1801 2235/2844/1803 2283/2901/1850 2291/2887/1836
f 2223/2842/1804 2287/2909/1854 2283/2908/1850 2235/2841/1803
f 2226/2831/1793 2279/2892/1841 2303/2895/1844 2244/2840/1802
f 2093/2681/1684 2120/2680/1683 2295/2910/1855 2294/2911/1856
f 2120/2680/1683 2092/2736/1668 2293/2912/1857 2295/2910/1855
f 2092/2736/1668 2262/2913/1813 2297/2914/1858 2293/2912/1857
f 2192/2752/1736 2297/2914/1858 2262/2913/1813 2165/2753/1737
f 2260/2915/1810 2093/2681/1684 2294/2911/1856 2296/2916/1859
f 2050/2660/1611 2260/2915/1810 2296/2916/1859 2074/2611/1626
f 2206/2740/1724 2254/2871/1824 2281/2899/1848 2164/2741/1725
f 2164/2812/1725 2281/2902/1848 2285/2905/1852 2192/2752/1736
f 2074/2611/1626 2296/2916/1859 2278/2896/1845 2051/2612/1627
f 2293/2912/1857 2297/2914/1858 2301/2917/1860 2298/2918/1861
f 2294/2911/1856 2295/2910/1855 2300/2919/1862 2299/2920/1863
f 2295/2910/1855 2293/2912/1857 2298/2918/1861 2300/2919/1862
f 2294/2911/1856 2299/2920/1863 2278/2896/1845 2296/2916/1859
f 2297/2914/1858 2192/2752/1736 2285/2905/1852 2301/2917/1860
f 2286/2907/1853 2301/2917/1860 2285/2905/1852 2288/2904/1851
f 2299/2920/1863 2300/2919/1862 2303/2895/1844 2302/2894/1843
f 2287/2909/1854 2298/2918/1861 2301/2917/1860 2286/2907/1853
f 2300/2919/1862 2298/2918/1861 2287/2909/1854 2303/2895/1844
f 2278/2896/1845 2299/2920/1863 2302/2894/1843 2280/2893/1842
f 2223/2842/1804 2244/2840/1802 2303/2895/1844 2287/2909/1854
f 2274/2889/1838 2276/2888/1837 2279/2892/1841 2226/2831/1793
f 2274/2889/1838 2226/2831/1793 2238/2830/1792 2292/2897/1846
f 2304/2921/1864 1798/2322/1385 1803/2327/1390 2305/2922/1865
f 2305/2922/1865 1803/2327/1390 1800/2324/1387 2306/2923/1866
f 2306/2923/1866 1800/2324/1387 1804/2323/1386 2307/2924/1867
f 2307/2925/1867 1804/2330/1386 1801/2329/1392 2308/2926/1868
f 2308/2926/1868 1801/2329/1392 1802/2333/1394 2309/2927/1869
f 2309/2927/1869 1802/2333/1394 1808/2340/1401 2310/2928/1870
f 2310/2928/1870 1808/2340/1401 1807/2342/1403 2311/2929/1871
f 2311/2929/1871 1807/2342/1403 1809/2344/1405 2312/2930/1872
f 2312/2931/1872 1809/2345/1405 1806/2337/1398 2313/2932/1873
f 2313/2932/1873 1806/2337/1398 1805/2335/1396 2314/2933/1874
f 2314/2933/1874 1805/2335/1396 1799/2319/1382 2315/2934/1875
f 2315/2934/1875 1799/2319/1382 1798/2322/1385 2304/2921/1864
f 1747/2250/1323 2315/2934/1875 2304/2921/1864 1746/2253/1326
f 1753/2248/1321 2314/2933/1874 2315/2934/1875 1747/2250/1323
f 1754/2238/1313 2313/2932/1873 2314/2933/1874 1753/2248/1321
f 1757/2237/1312 2312/2931/1872 2313/2932/1873 1754/2238/1313
f 1755/2241/1315 2311/2929/1871 2312/2930/1872 1757/2242/1312
f 1756/2244/1317 2310/2928/1870 2311/2929/1871 1755/2241/1315
f 1750/2246/1319 2309/2927/1869 2310/2928/1870 1756/2244/1317
f 1749/2256/1329 2308/2926/1868 2309/2927/1869 1750/2246/1319
f 1752/2258/1331 2307/2925/1867 2308/2926/1868 1749/2256/1329
f 1748/2260/1333 2306/2923/1866 2307/2924/1867 1752/2262/1331
f 1751/2254/1327 2305/2922/1865 2306/2923/1866 1748/2260/1333
f 1746/2253/1326 2304/2921/1864 2305/2922/1865 1751/2254/1327
f 1860/2427/1467 1852/2422/1466 2316/2935/1876 2318/2936/1877
f 1853/2424/1468 1860/2423/1467 2318/2937/1877 2317/2938/1878
f 1900/2495/1529 1907/2494/1528 2318/2936/1877 2316/2935/1876
f 1907/2502/1528 1899/2501/1535 2317/2938/1878 2318/2937/1877
f 2355/2939/1879 2356/2940/1880 2321/2941/1881 2320/2942/1882
f 2357/2943/1883 2355/2939/1879 2320/2942/1882 2319/2944/1884
f 1909/2498/1532 1901/2497/1531 2327/2945/1885 2331/2946/1886
f 1905/2500/1534 1902/2499/1533 2328/2947/1887 2330/2948/1888
f 1902/2499/1533 1909/2498/1532 2331/2946/1886 2328/2947/1887
f 1901/2497/1531 1903/2496/1530 2329/2949/1889 2327/2945/1885
f 1858/2428/1463 1850/2426/1470 2322/2950/1890 2326/2951/1891
f 1854/2421/1465 1851/2420/1464 2323/2952/1892 2324/2953/1893
f 1850/2426/1470 1856/2425/1469 2325/2954/1894 2322/2950/1890
f 1851/2420/1464 1858/2419/1463 2326/2955/1891 2323/2952/1892
f 1905/2500/1534 2330/2948/1888 2317/2938/1878 1899/2501/1535
f 1856/2425/1469 1853/2424/1468 2317/2938/1878 2325/2954/1894
f 1903/2496/1530 1900/2495/1529 2316/2935/1876 2329/2949/1889
f 1854/2421/1465 2324/2953/1893 2316/2935/1876 1852/2422/1466
f 2337/2956/1895 2335/2957/1896 2333/2958/1897 2332/2959/1898
f 2335/2957/1896 2336/2960/1899 2334/2961/1900 2333/2958/1897
f 2336/2960/1899 2335/2957/1896 2320/2942/1882 2321/2941/1881
f 2335/2957/1896 2337/2956/1895 2319/2944/1884 2320/2942/1882
f 2325/2954/1894 2317/2938/1878 2333/2958/1897 2334/2961/1900
f 2322/2950/1890 2325/2954/1894 2334/2961/1900 2338/2962/1901
f 2337/2956/1895 2332/2959/1898 2339/2963/1902 2319/2944/1884
f 2334/2961/1900 2336/2960/1899 2321/2941/1881 2338/2962/1901
f 2317/2938/1878 2330/2948/1888 2332/2959/1898 2333/2958/1897
f 2330/2948/1888 2328/2947/1887 2339/2963/1902 2332/2959/1898
f 2358/2964/1903 2359/2965/1904 2341/2966/1905 2342/2967/1906
f 2359/2965/1904 2360/2968/1907 2340/2969/1908 2341/2966/1905
f 2343/2970/1909 2351/2971/1910 2329/2949/1889 2316/2935/1876
f 2349/2972/1911 2343/2970/1909 2316/2935/1876 2324/2953/1893
f 2346/2973/1912 2347/2974/1913 2341/2966/1905 2340/2969/1908
f 2347/2974/1913 2348/2975/1914 2342/2967/1906 2341/2966/1905
f 2348/2975/1914 2349/2972/1911 2344/2976/1915 2342/2967/1906
f 2329/2949/1889 2351/2971/1910 2345/2977/1916 2327/2945/1885
f 2349/2972/1911 2324/2953/1893 2323/2952/1892 2344/2976/1915
f 2351/2971/1910 2346/2973/1912 2340/2969/1908 2345/2977/1916
f 2348/2975/1914 2347/2974/1913 2343/2970/1909 2349/2972/1911
f 2347/2974/1913 2346/2973/1912 2351/2971/1910 2343/2970/1909
f 2350/2978/1917 2342/2967/1906 2344/2976/1915 2352/2979/1918
f 2321/2941/1881 2350/2980/1917 2352/2981/1918 2338/2962/1901
f 2326/2951/1891 2322/2950/1890 2338/2962/1901 2352/2981/1918
f 2323/2952/1892 2326/2955/1891 2352/2979/1918 2344/2976/1915
f 2353/2982/1919 2345/2977/1916 2340/2969/1908 2354/2983/1920
f 2339/2963/1902 2353/2982/1919 2354/2983/1920 2319/2944/1884
f 2331/2946/1886 2353/2982/1919 2339/2963/1902 2328/2947/1887
f 2327/2945/1885 2345/2977/1916 2353/2982/1919 2331/2946/1886
f 2361/2984/1921 2342/2967/1906 2350/2978/1917 2362/2985/1922
f 2362/2986/1922 2350/2980/1917 2321/2941/1881 2363/2987/1923
f 1461/1869/979 1460/1855/967 2355/2939/1879 2357/2943/1883
f 1460/1855/967 1467/1854/966 2356/2940/1880 2355/2939/1879
f 1464/1863/973 1463/1865/975 2360/2968/1907 2359/2965/1904
f 1465/1860/971 1464/1863/973 2359/2965/1904 2358/2964/1903
f 2363/2987/1923 2321/2941/1881 2356/2940/1880 2364/2988/1924
f 2368/2989/1925 1997/2571/1600 2016/2570/1599 2366/2990/1926
f 2367/2991/1927 2358/2964/1903 2342/2967/1906 2361/2984/1921
f 2368/2989/1925 1465/1860/971 2358/2964/1903 2367/2991/1927
f 2366/2992/1926 2016/2584/1599 1996/2565/1594 2365/2993/1928
f 2364/2988/1924 2356/2940/1880 1467/1854/966 2365/2993/1928
f 2030/2564/1593 2364/2988/1924 2365/2993/1928 1996/2565/1594
f 1466/1857/969 2366/2992/1926 2365/2993/1928 1467/1854/966
f 1997/2571/1600 2368/2989/1925 2367/2991/1927 2028/2568/1597
f 2028/2568/1597 2367/2991/1927 2361/2984/1921 1998/2569/1598
f 1465/1860/971 2368/2989/1925 2366/2990/1926 1466/1861/969
f 1999/2567/1596 2363/2987/1923 2364/2988/1924 2030/2564/1593
f 2018/2566/1595 2362/2986/1922 2363/2987/1923 1999/2567/1596
f 1998/2569/1598 2361/2984/1921 2362/2985/1922 2018/2586/1595
f 1462/1867/977 1461/1869/979 2357/2943/1883 2369/2994/1929
f 1463/1865/975 1462/1867/977 2369/2994/1929 2360/2968/1907
f 2360/2968/1907 2369/2994/1929 2354/2983/1920 2340/2969/1908
f 2354/2983/1920 2369/2994/1929 2357/2943/1883 2319/2944/1884
f 1413/2995/907 1412/2996/908 2381/2997/1930 2382/2998/1931
f 1411/2999/909 1410/3000/910 2379/3001/1932 2380/3002/1933
f 1409/3003/911 1408/3004/912 2377/3005/1934 2378/3006/1935
f 1407/3007/913 1406/3008/914 2375/3009/1936 2376/3010/1937
f 1404/3011/903 1402/3012/915 2371/3013/1938 2373/3014/1939
f 1405/3015/904 1404/3011/903 2373/3014/1939 2374/3016/1940
f 1402/3012/915 1401/3017/916 2370/3018/1941 2371/3013/1938
f 1414/3019/905 1413/2995/907 2382/2998/1931 2383/3020/1942
f 1412/2996/908 1411/2999/909 2380/3002/1933 2381/2997/1930
f 1403/3021/901 2691/3022/917 3723/3023/1943 2372/3024/1944
f 1410/3000/910 1409/3003/911 2378/3006/1935 2379/3001/1932
f 1408/3004/912 1407/3007/913 2376/3010/1937 2377/3005/1934
f 1406/3008/914 1405/3015/904 2374/3016/1940 2375/3009/1936
f 1415/3025/902 1403/3021/901 2372/3024/1944 2384/3026/1945
f 1401/3017/916 1415/3025/902 2384/3026/1945 2370/3018/1941
f 2689/3027/906 1414/3019/905 2383/3020/1942 3721/3028/1946
f 2386/3029/1947 2388/3030/1948 2389/3031/1949 2387/3032/1950
f 2397/3033/1951 2390/3034/1952 2387/3032/1950 2389/3031/1949
f 2398/3035/1953 2406/3036/1954 2390/3034/1952 2397/3033/1951
f 2399/3037/1955 2391/3038/1956 2406/3036/1954 2398/3035/1953
f 2400/3039/1957 2392/3040/1958 2391/3038/1956 2399/3037/1955
f 2401/3041/1959 2393/3042/1960 2392/3040/1958 2400/3039/1957
f 2402/3043/1961 2394/3044/1962 2393/3042/1960 2401/3041/1959
f 2396/3045/1963 2404/3046/1964 2388/3030/1948 2386/3029/1947
f 2395/3047/1965 2405/3048/1966 2404/3046/1964 2396/3045/1963
f 2403/3049/1967 2395/3047/1965 2394/3044/1962 2402/3043/1961
f 2406/3036/1954 2416/3050/1968 2409/3051/1969 2390/3034/1952
f 2386/3029/1947 2407/3052/1970 2415/3053/1971 2396/3045/1963
f 2396/3045/1963 2415/3053/1971 2414/3054/1972 2395/3047/1965
f 2395/3047/1965 2414/3054/1972 2413/3055/1973 2394/3044/1962
f 2394/3044/1962 2413/3055/1973 2412/3056/1974 2393/3042/1960
f 2393/3042/1960 2412/3056/1974 2411/3057/1975 2392/3040/1958
f 2392/3040/1958 2411/3057/1975 2410/3058/1976 2391/3038/1956
f 2391/3038/1956 2410/3058/1976 2416/3050/1968 2406/3036/1954
f 2390/3034/1952 2409/3051/1969 2408/3059/1977 2387/3032/1950
f 2387/3032/1950 2408/3059/1977 2407/3052/1970 2386/3029/1947
f 2408/3059/1977 2409/3051/1969 2411/3057/1975 2412/3056/1974
f 2407/3052/1970 2408/3059/1977 2412/3056/1974 2413/3055/1973
f 2410/3058/1976 2411/3057/1975 2409/3051/1969 2416/3050/1968
f 2414/3054/1972 2415/3053/1971 2407/3052/1970 2413/3055/1973
f 2405/3048/1966 2418/1514/641 2417/1513/640 2404/3046/1964
f 2422/1515/642 2418/1514/641 2405/3048/1966 2423/3060/1978
f 2452/1517/644 2422/1515/642 2423/3060/1978 2453/3061/1979
f 2405/3048/1966 2395/3047/1965 2403/3049/1967 2423/3060/1978
f 2451/3062/1980 2453/3061/1979 2423/3060/1978 2403/3049/1967
f 2420/3063/1981 2425/3064/1982 2424/1522/649 2421/1521/648
f 2419/3065/1983 2426/3066/1984 2425/3064/1982 2420/3063/1981
f 2451/3062/1980 2454/3067/1985 2426/3066/1984 2419/3065/1983
f 2402/3043/1961 2428/3068/1986 2427/3069/1987 2403/3049/1967
f 2401/3041/1959 2429/3070/1988 2428/3068/1986 2402/3043/1961
f 2400/3039/1957 2430/3071/1989 2429/3070/1988 2401/3041/1959
f 2399/3037/1955 2431/3072/1990 2430/3071/1989 2400/3039/1957
f 2398/3035/1953 2432/3073/1991 2431/3072/1990 2399/3037/1955
f 2397/3033/1951 2433/3074/1992 2432/3073/1991 2398/3035/1953
f 2389/3031/1949 2434/3075/1993 2433/3074/1992 2397/3033/1951
f 2388/3030/1948 2435/3076/1994 2434/3075/1993 2389/3031/1949
f 2404/3046/1964 2437/3077/1995 2435/3076/1994 2388/3030/1948
f 2417/1513/640 2436/1537/664 2437/3077/1995 2404/3046/1964
f 2425/3064/1982 2439/3078/1996 2438/1538/665 2424/1522/649
f 2403/3049/1967 2427/3069/1987 2454/3067/1985 2451/3062/1980
f 2419/3065/1983 2420/3063/1981 2453/3061/1979 2451/3062/1980
f 2421/1521/648 2452/1517/644 2453/3061/1979 2420/3063/1981
f 2428/3068/1986 2455/3079/1997 2454/3067/1985 2427/3069/1987
f 2429/3070/1988 2456/3080/1998 2455/3079/1997 2428/3068/1986
f 2430/3071/1989 2457/3081/1999 2456/3080/1998 2429/3070/1988
f 2431/3072/1990 2458/3082/2000 2457/3081/1999 2430/3071/1989
f 2464/3083/2001 2437/3077/1995 2436/1537/664 2465/1545/672
f 2463/3084/2002 2435/3076/1994 2437/3077/1995 2464/3083/2001
f 2462/3085/2003 2434/3075/1993 2435/3076/1994 2463/3084/2002
f 2461/3086/2004 2433/3074/1992 2434/3075/1993 2462/3085/2003
f 2460/3087/2005 2432/3073/1991 2433/3074/1992 2461/3086/2004
f 2459/3088/2006 2439/3078/1996 2425/3064/1982 2426/3066/1984
f 2458/3082/2000 2431/3072/1990 2432/3073/1991 2460/3087/2005
f 2467/3089/2007 2442/3090/2008 2441/3091/2009 2466/3092/2010
f 2455/3079/1997 2459/3088/2006 2426/3066/1984 2454/3067/1985
f 2472/3093/2011 2443/3094/2012 2442/3090/2008 2467/3089/2007
f 2473/3095/2013 2444/3096/2014 2443/3094/2012 2472/3093/2011
f 2474/3097/2015 2445/3098/2016 2444/3096/2014 2473/3095/2013
f 2468/3099/2017 2445/3098/2016 2474/3097/2015 2469/3100/2018
f 2475/3101/2019 2446/3102/2020 2445/3098/2016 2468/3099/2017
f 2476/3103/2021 2447/3104/2022 2446/3102/2020 2475/3101/2019
f 2477/3105/2023 2448/3106/2024 2447/3104/2022 2476/3103/2021
f 2478/3107/2025 2449/3108/2026 2448/3106/2024 2477/3105/2023
f 2479/1571/698 2450/1572/699 2449/3108/2026 2478/3107/2025
f 2480/3109/2027 2483/1574/701 2479/1571/698 2478/3107/2025
f 2481/3110/2028 2484/3111/703 2483/3112/701 2480/3113/2027
f 2482/3114/2029 2486/3115/2030 2484/3111/703 2481/3110/2028
f 2468/3099/2017 2469/3100/2018 2486/3115/2030 2482/3114/2029
f 2474/3097/2015 2487/3116/2031 2470/3117/2032 2469/3100/2018
f 2473/3095/2013 2488/3118/2033 2487/3116/2031 2474/3097/2015
f 2472/3093/2011 2489/3119/2034 2488/3118/2033 2473/3095/2013
f 2467/3089/2007 2490/3120/2035 2489/3119/2034 2472/3093/2011
f 2457/3081/1999 2490/3120/2035 2467/3089/2007 2466/3092/2010
f 2530/3121/2036 2492/3122/2037 2491/1588/713 2531/1587/712
f 2450/1572/699 2503/1591/716 2502/3123/2038 2449/3108/2026
f 2449/3108/2026 2502/3123/2038 2501/3124/2039 2448/3106/2024
f 2448/3106/2024 2501/3124/2039 2500/3125/2040 2447/3104/2022
f 2447/3104/2022 2500/3125/2040 2499/3126/2041 2446/3102/2020
f 2446/3102/2020 2499/3126/2041 2498/3127/2042 2445/3098/2016
f 2445/3098/2016 2498/3127/2042 2497/3128/2043 2444/3096/2014
f 2444/3096/2014 2497/3128/2043 2496/3129/2044 2443/3094/2012
f 2443/3094/2012 2496/3129/2044 2495/3130/2045 2442/3090/2008
f 2442/3090/2008 2495/3130/2045 2494/3131/2046 2441/3091/2009
f 2441/3091/2009 2494/3131/2046 2493/3132/2047 2440/3133/2048
f 2504/3134/2049 2471/3135/2050 2470/3117/2032 2487/3116/2031
f 2505/3136/2051 2510/3137/2052 2471/3135/2050 2504/3134/2049
f 2506/3138/2053 2511/3139/2054 2510/3137/2052 2505/3136/2051
f 2507/3140/2055 2512/3141/2056 2511/3139/2054 2506/3138/2053
f 2488/3118/2033 2513/3142/2057 2504/3134/2049 2487/3116/2031
f 2489/3119/2034 2514/3143/2058 2513/3142/2057 2488/3118/2033
f 2490/3120/2035 2515/3144/2059 2514/3143/2058 2489/3119/2034
f 2458/3082/2000 2515/3144/2059 2490/3120/2035 2457/3081/1999
f 2460/3087/2005 2516/3145/2060 2515/3144/2059 2458/3082/2000
f 2461/3086/2004 2517/3146/2061 2516/3145/2060 2460/3087/2005
f 2518/3147/2062 2513/3142/2057 2514/3143/2058 2515/3144/2059
f 2509/3148/2063 2518/3147/2062 2515/3144/2059 2516/3145/2060
f 2507/3140/2055 2518/3147/2062 2509/3148/2063 2508/3149/2064
f 2506/3138/2053 2513/3142/2057 2518/3147/2062 2507/3140/2055
f 2505/3136/2051 2504/3134/2049 2513/3142/2057 2506/3138/2053
f 2503/1591/716 2529/1619/744 2528/3150/2065 2502/3123/2038
f 2502/3123/2038 2528/3150/2065 2527/3151/2066 2501/3124/2039
f 2501/3124/2039 2527/3151/2066 2526/3152/2067 2500/3125/2040
f 2500/3125/2040 2526/3152/2067 2525/3153/2068 2499/3126/2041
f 2499/3126/2041 2525/3153/2068 2524/3154/2069 2498/3127/2042
f 2498/3127/2042 2524/3154/2069 2523/3155/2070 2497/3128/2043
f 2497/3128/2043 2523/3155/2070 2522/3156/2071 2496/3129/2044
f 2496/3129/2044 2522/3156/2071 2521/3157/2072 2495/3130/2045
f 2495/3130/2045 2521/3157/2072 2520/3158/2073 2494/3131/2046
f 2494/3131/2046 2520/3158/2073 2519/3159/2074 2493/3132/2047
f 2439/3078/1996 2530/3121/2036 2531/1587/712 2438/1538/665
f 2534/3160/2075 2532/3161/757 2485/3162/756 2533/3163/2076
f 2471/3135/2050 2534/3160/2075 2533/3163/2076 2470/3117/2032
f 2486/3115/2030 2533/3163/2076 2485/3162/756 2484/3111/703
f 2469/3100/2018 2470/3117/2032 2533/3163/2076 2486/3115/2030
f 2461/3164/2004 2547/3165/2077 2546/3166/2078 2517/3167/2061
f 2545/3168/2079 2546/3166/2078 2547/3165/2077 2548/3169/2080
f 2535/3170/2081 2536/3171/2082 2507/3140/2055 2508/3149/2064
f 2536/3171/2082 2551/3172/2083 2512/3141/2056 2507/3140/2055
f 2537/3173/2084 2556/3174/2085 2551/3172/2083 2536/3171/2082
f 2538/3175/2086 2552/3176/2087 2556/3174/2085 2537/3173/2084
f 2539/3177/2088 2553/3178/2089 2552/3176/2087 2538/3175/2086
f 2623/3179/2090 2624/3180/2091 2553/3178/2089 2539/3177/2088
f 2557/3181/2092 2550/3182/2093 2462/3183/2003 2463/3184/2002
f 2558/3185/2094 2549/3186/2095 2550/3182/2093 2557/3181/2092
f 2465/3187/672 2560/3188/778 2559/3189/2096 2464/3190/2001
f 2560/3188/778 2562/3191/780 2561/3192/2097 2559/3189/2096
f 2559/3189/2096 2557/3181/2092 2463/3184/2002 2464/3190/2001
f 2561/3192/2097 2558/3185/2094 2557/3181/2092 2559/3189/2096
f 2482/3114/2029 2570/3193/2098 2563/3194/2099 2468/3099/2017
f 2481/3195/2028 2569/3196/2100 2570/3193/2098 2482/3114/2029
f 2480/3109/2027 2568/3197/2101 2569/3196/2100 2481/3195/2028
f 2478/3107/2025 2567/3198/2102 2568/3197/2101 2480/3109/2027
f 2477/3105/2023 2566/3199/2103 2567/3198/2102 2478/3107/2025
f 2476/3103/2021 2565/3200/2104 2566/3199/2103 2477/3105/2023
f 2475/3101/2019 2564/3201/2105 2565/3200/2104 2476/3103/2021
f 2468/3099/2017 2563/3194/2099 2564/3201/2105 2475/3101/2019
f 2570/3193/2098 2578/3202/2106 2571/3203/2107 2563/3194/2099
f 2569/3196/2100 2577/3204/2108 2578/3202/2106 2570/3193/2098
f 2568/3197/2101 2576/3205/2109 2577/3204/2108 2569/3196/2100
f 2567/3198/2102 2575/3206/2110 2576/3205/2109 2568/3197/2101
f 2566/3199/2103 2574/3207/2111 2575/3206/2110 2567/3198/2102
f 2565/3200/2104 2573/3208/2112 2574/3207/2111 2566/3199/2103
f 2564/3201/2105 2572/3209/2113 2573/3208/2112 2565/3200/2104
f 2563/3194/2099 2571/3203/2107 2572/3209/2113 2564/3201/2105
f 2579/3210/2114 2577/3204/2108 2576/3205/2109 2580/3211/2115
f 2581/3212/2116 2578/3202/2106 2577/3204/2108 2579/3210/2114
f 2572/3209/2113 2581/3212/2116 2579/3210/2114 2573/3208/2112
f 2573/3208/2112 2579/3210/2114 2580/3211/2115 2574/3207/2111
f 2574/3207/2111 2580/3211/2115 2575/3206/2110
f 2571/3203/2107 2581/3212/2116 2572/3209/2113
f 2578/3202/2106 2581/3212/2116 2571/3203/2107
f 2575/3206/2110 2580/3211/2115 2576/3205/2109
f 2699/3213/2117 2582/3214/2118 2584/3215/2119 2700/3216/2120
f 2700/3216/2120 2584/3215/2119 2583/3217/805 2701/3218/804
f 2638/3219/2121 2639/3220/2122 2586/3221/2123 2585/3222/2124
f 2640/3223/810 2587/3224/811 2586/3221/2123 2639/3220/2122
f 2588/3225/2125 2548/3169/2080 2549/3186/2095 2558/3185/2094
f 2588/3225/2125 2544/3226/2126 2545/3168/2079 2548/3169/2080
f 2641/3227/2127 2588/3225/2125 2558/3185/2094 2638/3219/2121
f 2641/3227/2127 2637/3228/2128 2544/3226/2126 2588/3225/2125
f 2590/3229/2129 2542/3230/2130 2543/3231/2131 2589/3232/2132
f 2591/3233/2133 2541/3234/2134 2542/3230/2130 2590/3229/2129
f 2541/3234/2134 2591/3233/2133 2554/3235/2135 2540/3236/2136
f 2592/3237/2137 2555/3238/2138 2554/3235/2135 2591/3233/2133
f 2550/3182/2093 2602/3239/2139 2598/3240/2140 2462/3183/2003
f 2549/3186/2095 2601/3241/2141 2602/3239/2139 2550/3182/2093
f 2548/3169/2080 2600/3242/2142 2601/3241/2141 2549/3186/2095
f 2547/3165/2077 2599/3243/2143 2600/3242/2142 2548/3169/2080
f 2461/3164/2004 2597/3244/2144 2599/3243/2143 2547/3165/2077
f 2462/3183/2003 2598/3240/2140 2597/3244/2144 2461/3164/2004
f 2598/3240/2140 2602/3239/2139 2599/3243/2143 2597/3244/2144
f 2599/3243/2143 2602/3239/2139 2601/3241/2141 2600/3242/2142
f 2591/3233/2133 2607/3245/2145 2608/3246/2146 2592/3237/2137
f 2590/3229/2129 2606/3247/2147 2607/3245/2145 2591/3233/2133
f 2589/3232/2132 2605/3248/2148 2606/3247/2147 2590/3229/2129
f 2585/3222/2124 2603/3249/2149 2605/3248/2148 2589/3232/2132
f 2586/3221/2123 2604/3250/2150 2603/3249/2149 2585/3222/2124
f 2611/3251/2151 2609/3252/2152 2593/3253/2153 2610/3254/2154
f 2609/3252/2152 2604/3250/2150 2586/3221/2123 2593/3253/2153
f 2608/3246/2146 2611/3251/2151 2610/3254/2154 2592/3237/2137
f 2612/3255/842 2593/3253/2153 2586/3221/2123 2587/3224/811
f 2603/3249/2149 2604/3250/2150 2609/3252/2152 2613/3256/2155
f 2608/3246/2146 2613/3256/2155 2609/3252/2152 2611/3251/2151
f 2607/3245/2145 2606/3247/2147 2613/3256/2155 2608/3246/2146
f 2603/3249/2149 2613/3256/2155 2606/3247/2147 2605/3248/2148
f 2615/3257/2156 2542/3230/2130 2621/3258/2157 2622/3259/2158
f 2615/3257/2156 2622/3259/2158 2616/3260/2159 2537/3173/2084
f 2541/3234/2134 2620/3261/2160 2621/3258/2157 2542/3230/2130
f 2540/3236/2136 2619/3262/2161 2620/3261/2160 2541/3234/2134
f 2623/3179/2090 2625/3263/2162 2619/3262/2161 2540/3236/2136
f 2538/3175/2086 2617/3264/2163 2618/3265/2164 2539/3177/2088
f 2537/3173/2084 2616/3260/2159 2617/3264/2163 2538/3175/2086
f 2539/3177/2088 2618/3265/2164 2625/3263/2162 2623/3179/2090
f 2540/3236/2136 2554/3235/2135 2624/3180/2091 2623/3179/2090
f 2626/3266/2165 2619/3262/2161 2625/3263/2162 2618/3265/2164
f 2620/3261/2160 2619/3262/2161 2626/3266/2165 2621/3258/2157
f 2626/3266/2165 2616/3260/2159 2622/3259/2158 2621/3258/2157
f 2616/3260/2159 2626/3266/2165 2618/3265/2164 2617/3264/2163
f 2542/3230/2130 2615/3257/2156 2635/3267/2166 2630/3268/2167
f 2537/3173/2084 2629/3269/2168 2635/3267/2166 2615/3257/2156
f 2545/3168/2079 2633/3270/2169 2634/3271/2170 2614/3272/2171
f 2535/3170/2081 2614/3272/2171 2634/3271/2170 2627/3273/2172
f 2544/3226/2126 2632/3274/2173 2633/3270/2169 2545/3168/2079
f 2637/3228/2128 2642/3275/2174 2632/3274/2173 2544/3226/2126
f 2542/3230/2130 2630/3268/2167 2631/3276/2175 2543/3231/2131
f 2536/3171/2082 2628/3277/2176 2629/3269/2168 2537/3173/2084
f 2535/3170/2081 2627/3273/2172 2628/3277/2176 2536/3171/2082
f 2627/3273/2172 2634/3271/2170 2633/3270/2169 2636/3278/2177
f 2627/3273/2172 2636/3278/2177 2629/3269/2168 2628/3277/2176
f 2636/3278/2177 2630/3268/2167 2635/3267/2166 2629/3269/2168
f 2543/3231/2131 2631/3276/2175 2642/3275/2174 2637/3228/2128
f 2589/3232/2132 2543/3231/2131 2637/3228/2128 2641/3227/2127
f 2589/3232/2132 2641/3227/2127 2638/3219/2121 2585/3222/2124
f 2562/3191/780 2640/3223/810 2639/3220/2122 2561/3192/2097
f 2558/3185/2094 2561/3192/2097 2639/3220/2122 2638/3219/2121
f 2633/3270/2169 2631/3276/2175 2630/3268/2167 2636/3278/2177
f 2632/3274/2173 2642/3275/2174 2631/3276/2175 2633/3270/2169
f 2614/3272/2171 2650/3279/2178 2648/3280/2179 2545/3168/2079
f 2535/3170/2081 2647/3281/2180 2650/3279/2178 2614/3272/2171
f 2546/3166/2078 2649/3282/2181 2646/3283/2182 2517/3167/2061
f 2545/3168/2079 2648/3280/2179 2649/3282/2181 2546/3166/2078
f 2508/3149/2064 2643/3284/2183 2647/3281/2180 2535/3170/2081
f 2516/3285/2060 2645/3286/2184 2644/3287/2185 2509/3288/2063
f 2517/3167/2061 2646/3283/2182 2645/3286/2184 2516/3285/2060
f 2509/3288/2063 2644/3287/2185 2643/3284/2183 2508/3149/2064
f 2648/3280/2179 2651/3289/2186 2646/3283/2182 2649/3282/2181
f 2650/3279/2178 2647/3281/2180 2651/3289/2186 2648/3280/2179
f 2644/3287/2185 2651/3289/2186 2647/3281/2180 2643/3284/2183
f 2645/3286/2184 2646/3283/2182 2651/3289/2186 2644/3287/2185
f 2652/3290/2187 2594/3291/2188 2554/3235/2135 2555/3238/2138
f 2653/3292/2189 2596/3293/2190 2594/3291/2188 2652/3290/2187
f 2654/3294/879 2595/3295/880 2596/3293/2190 2653/3292/2189
f 2662/3296/2191 2669/3297/2192 2670/3298/883 2663/3299/882
f 2653/3292/2189 2662/3296/2191 2663/3299/882 2654/3294/879
f 2652/3290/2187 2661/3300/2193 2662/3296/2191 2653/3292/2189
f 2555/3238/2138 2655/3301/2194 2661/3300/2193 2652/3290/2187
f 2612/3255/842 2660/3302/888 2657/3303/2195 2593/3253/2153
f 2610/3254/2154 2659/3304/2196 2656/3305/2197 2592/3237/2137
f 2592/3237/2137 2656/3305/2197 2655/3301/2194 2555/3238/2138
f 2593/3253/2153 2657/3303/2195 2659/3304/2196 2610/3254/2154
f 2661/3300/2193 2668/3306/2198 2669/3297/2192 2662/3296/2191
f 2655/3301/2194 2658/3307/2199 2668/3306/2198 2661/3300/2193
f 2660/3302/888 2667/3308/894 2665/3309/2200 2657/3303/2195
f 2659/3304/2196 2666/3310/2201 2664/3311/2202 2656/3305/2197
f 2656/3305/2197 2664/3311/2202 2658/3307/2199 2655/3301/2194
f 2657/3303/2195 2665/3309/2200 2666/3310/2201 2659/3304/2196
f 2674/3312/897 2670/3298/883 2669/3297/2192 2672/3313/2203
f 2667/3308/894 2673/3314/900 2671/3315/2204 2665/3309/2200
f 2673/3314/900 2674/3312/897 2672/3313/2203 2671/3315/2204
f 2671/3315/2204 2664/3311/2202 2666/3310/2201 2665/3309/2200
f 2672/3313/2203 2658/3307/2199 2664/3311/2202 2671/3315/2204
f 2668/3306/2198 2658/3307/2199 2672/3313/2203 2669/3297/2192
f 2530/3121/2036 2690/3316/2205 2677/3317/2206 2492/3122/2037
f 2519/3159/2074 2679/3318/2207 2678/3319/2208 2493/3132/2047
f 2529/1619/744 2689/1790/906 2688/3320/2209 2528/3150/2065
f 2528/3150/2065 2688/3320/2209 2687/3321/2210 2527/3151/2066
f 2527/3151/2066 2687/3321/2210 2686/3322/2211 2526/3152/2067
f 2526/3152/2067 2686/3322/2211 2685/3323/2212 2525/3153/2068
f 2525/3153/2068 2685/3323/2212 2684/3324/2213 2524/3154/2069
f 2524/3154/2069 2684/3324/2213 2683/3325/2214 2523/3155/2070
f 2523/3155/2070 2683/3325/2214 2682/3326/2215 2522/3156/2071
f 2522/3156/2071 2682/3326/2215 2681/3327/2216 2521/3157/2072
f 2521/3157/2072 2681/3327/2216 2680/3328/2217 2520/3158/2073
f 2520/3158/2073 2680/3328/2217 2679/3318/2207 2519/3159/2074
f 2493/3132/2047 2678/3319/2208 2676/3329/2218 2440/3133/2048
f 2439/3078/1996 2675/3330/2219 2690/3316/2205 2530/3121/2036
f 2440/3133/2048 2676/3329/2218 2675/3330/2219 2439/3078/1996
f 2691/1801/917 2491/1588/713 2492/3122/2037 2677/3317/2206
f 2441/3091/2009 2440/3133/2048 2439/3078/1996 2459/3088/2006
f 2456/3080/1998 2441/3091/2009 2459/3088/2006 2455/3079/1997
f 2457/3081/1999 2466/3092/2010 2441/3091/2009 2456/3080/1998
f 2703/3331/2220 2693/3332/2221 2692/3333/920 2702/3334/919
f 2704/3335/2222 2694/3336/2223 2693/3332/2221 2703/3331/2220
f 2708/3337/924 2697/3338/927 2696/3339/2224 2707/3340/2225
f 2624/3180/2091 2554/3235/2135 2594/3291/2188 2596/3293/2190
f 2511/3139/2054 2512/3141/2056 2551/3172/2083 2556/3174/2085
f 2534/3160/2075 2700/3216/2120 2701/3218/804 2532/3161/757
f 2471/3135/2050 2699/3213/2117 2700/3216/2120 2534/3160/2075
f 2510/3137/2052 2582/3214/2118 2699/3213/2117 2471/3135/2050
f 2704/3335/2222 2705/3341/2226 2698/3342/2227 2694/3336/2223
f 2706/3343/2228 2695/3344/2229 2698/3342/2227 2705/3341/2226
f 2511/3139/2054 2706/3343/2228 2705/3341/2226 2510/3137/2052
f 2582/3214/2118 2510/3137/2052 2705/3341/2226 2704/3335/2222
f 2582/3214/2118 2704/3335/2222 2703/3331/2220 2584/3215/2119
f 2584/3215/2119 2703/3331/2220 2702/3334/919 2583/3217/805
f 2595/3295/880 2708/3337/924 2707/3340/2225 2596/3293/2190
f 2553/3178/2089 2624/3180/2091 2596/3293/2190 2707/3340/2225
f 2552/3176/2087 2706/3343/2228 2511/3139/2054 2556/3174/2085
f 2552/3176/2087 2553/3178/2089 2707/3340/2225 2706/3343/2228
f 2695/3344/2229 2706/3343/2228 2707/3340/2225 2696/3339/2224
f 2725/3345/2230 2728/3346/2231 2712/3347/2232 2711/3348/2233
f 2729/3349/2234 2727/3350/2235 2710/3351/2236 2718/3352/2237
f 2731/3353/2238 2729/3349/2234 2718/3352/2237 2717/3354/2239
f 2733/3355/2240 2731/3353/2238 2717/3354/2239 2716/3356/2241
f 2735/3357/2242 2733/3355/2240 2716/3356/2241 2715/3358/2243
f 2737/3359/2244 2735/3357/2242 2715/3358/2243 2714/3360/2245
f 2739/3361/2246 2737/3362/2244 2714/3363/2245 2713/3364/2247
f 2724/3365/2248 2723/3366/2249 2738/3367/2250 2740/3368/2251
f 2740/3368/2251 2738/3367/2250 2737/3362/2244 2739/3361/2246
f 2723/3369/2249 2722/3370/2252 2736/3371/2253 2738/3372/2250
f 2738/3372/2250 2736/3371/2253 2735/3357/2242 2737/3359/2244
f 2722/3370/2252 2721/3373/2254 2734/3374/2255 2736/3371/2253
f 2736/3371/2253 2734/3374/2255 2733/3355/2240 2735/3357/2242
f 2721/3373/2254 2720/3375/2256 2732/3376/2257 2734/3374/2255
f 2734/3374/2255 2732/3376/2257 2731/3353/2238 2733/3355/2240
f 2720/3375/2256 2719/3377/2258 2730/3378/2259 2732/3376/2257
f 2732/3376/2257 2730/3378/2259 2729/3349/2234 2731/3353/2238
f 2719/3377/2258 2712/3347/2232 2728/3346/2231 2730/3378/2259
f 2730/3378/2259 2728/3346/2231 2727/3350/2235 2729/3349/2234
f 2709/3379/2260 2710/3351/2236 2727/3350/2235 2726/3380/2261
f 2726/3380/2261 2727/3350/2235 2728/3346/2231 2725/3345/2230
f 2740/3368/2251 2725/3345/2230 2711/3348/2233 2724/3365/2248
f 2739/3361/2246 2726/3380/2261 2725/3345/2230 2740/3368/2251
f 2726/3380/2261 2739/3361/2246 2713/3364/2247 2709/3379/2260
f 2749/3381/2262 2741/3382/2263 2748/3383/2264 2752/3384/2265
f 2752/3384/2265 2748/3383/2264 2747/3385/2266 2754/3386/2267
f 2754/3387/2267 2747/3388/2266 2746/3389/2268 2756/3390/2269
f 2756/3390/2269 2746/3389/2268 2745/3391/2270 2758/3392/2271
f 2758/3392/2271 2745/3391/2270 2744/3393/2272 2760/3394/2273
f 2760/3394/2273 2744/3393/2272 2743/3395/2274 2762/3396/2275
f 2762/3396/2275 2743/3395/2274 2742/3397/2276 2764/3398/2277
f 2764/3398/2277 2742/3397/2276 2741/3382/2263 2749/3381/2262
f 2772/3399/2278 2763/3400/2279 2750/3401/2280 2765/3402/2281
f 2763/3400/2279 2764/3398/2277 2749/3381/2262 2750/3401/2280
f 2771/3403/2282 2761/3404/2283 2763/3400/2279 2772/3399/2278
f 2761/3404/2283 2762/3396/2275 2764/3398/2277 2763/3400/2279
f 2770/3405/2284 2759/3406/2285 2761/3404/2283 2771/3403/2282
f 2759/3406/2285 2760/3394/2273 2762/3396/2275 2761/3404/2283
f 2769/3407/2286 2757/3408/2287 2759/3406/2285 2770/3405/2284
f 2757/3408/2287 2758/3392/2271 2760/3394/2273 2759/3406/2285
f 2768/3409/2288 2755/3410/2289 2757/3408/2287 2769/3407/2286
f 2755/3410/2289 2756/3390/2269 2758/3392/2271 2757/3408/2287
f 2767/3411/2290 2753/3412/2291 2755/3410/2289 2768/3409/2288
f 2753/3412/2291 2754/3387/2267 2756/3390/2269 2755/3410/2289
f 2766/3413/2292 2751/3414/2293 2753/3415/2291 2767/3416/2290
f 2751/3414/2293 2752/3384/2265 2754/3386/2267 2753/3415/2291
f 2765/3402/2281 2750/3401/2280 2751/3414/2293 2766/3413/2292
f 2750/3401/2280 2749/3381/2262 2752/3384/2265 2751/3414/2293
f 2711/3348/2233 2765/3402/2281 2766/3413/2292 2724/3365/2248
f 2724/3365/2248 2766/3413/2292 2767/3416/2290 2723/3366/2249
f 2723/3369/2249 2767/3411/2290 2768/3409/2288 2722/3370/2252
f 2722/3370/2252 2768/3409/2288 2769/3407/2286 2721/3373/2254
f 2721/3373/2254 2769/3407/2286 2770/3405/2284 2720/3375/2256
f 2720/3375/2256 2770/3405/2284 2771/3403/2282 2719/3377/2258
f 2719/3377/2258 2771/3403/2282 2772/3399/2278 2712/3347/2232
f 2712/3347/2232 2772/3399/2278 2765/3402/2281 2711/3348/2233
f 2693/3417/2221 2774/3418/2294 2773/1890/996 2692/1889/920
f 2774/3418/2294 2776/3419/2295 2775/1892/998 2773/1890/996
f 2776/3419/2295 2778/3420/2296 2777/1894/1000 2775/1892/998
f 2776/3419/2295 2779/3421/2297 2780/3422/2298 2778/3420/2296
f 2779/3421/2297 2781/3423/2299 2782/3424/2300 2780/3422/2298
f 2781/3423/2299 2783/3425/2301 2784/3426/2302 2782/3424/2300
f 2783/3427/2301 2785/3428/2303 2786/3429/2304 2784/3430/2302
f 2785/3428/2303 2787/3431/2305 2788/3432/2306 2786/3429/2304
f 2787/3431/2305 2789/3433/2307 2790/3434/2308 2788/3432/2306
f 2789/3433/2307 2791/3435/2309 2792/3436/2310 2790/3434/2308
f 2791/3435/2309 2793/3437/2311 2794/3438/2312 2792/3436/2310
f 2793/3437/2311 2795/3439/2313 2796/3440/2314 2794/3438/2312
f 2788/3432/2306 2709/3379/2260 2713/3364/2247 2786/3429/2304
f 2790/3434/2308 2710/3351/2236 2709/3379/2260 2788/3432/2306
f 2792/3436/2310 2718/3352/2237 2710/3351/2236 2790/3434/2308
f 2794/3438/2312 2717/3354/2239 2718/3352/2237 2792/3436/2310
f 2796/3440/2314 2716/3356/2241 2717/3354/2239 2794/3438/2312
f 2795/3439/2313 2797/3441/2315 2798/3442/2316 2796/3440/2314
f 2797/3441/2315 2799/3443/2317 2800/3444/2318 2798/3442/2316
f 2798/3442/2316 2715/3358/2243 2716/3356/2241 2796/3440/2314
f 2784/3426/2302 2802/3445/2319 2801/3446/2320 2782/3424/2300
f 3005/3447/2321 3003/3448/2322 3002/3449/2323 2810/3450/2324
f 3011/3451/2325 3013/3452/2326 3012/3453/2327 3010/3454/2328
f 3007/3455/2329 2807/1933/1037 2808/1932/1036 3006/3456/2330
f 2799/3457/2317 2809/3458/2331 3004/3459/2332 2800/3460/2318
f 2801/3446/2320 2802/3445/2319 2800/3461/2318 3004/3462/2332
f 2800/3444/2318 2802/3463/2319 2715/3358/2243 2798/3442/2316
f 2713/3364/2247 2714/3363/2245 2784/3430/2302 2786/3429/2304
f 2714/3360/2245 2715/3358/2243 2802/3463/2319 2784/3464/2302
f 2785/3428/2303 2811/3465/2333 2812/3466/2334 2787/3431/2305
f 2813/3467/2335 2815/3468/2336 2816/3469/2337 2814/3470/2338
f 2815/3468/2336 2817/3471/2339 2818/3472/2340 2816/3469/2337
f 2962/3473/2341 2964/3474/2342 2965/3475/2343 2966/3476/2344
f 2963/3477/2345 2791/3435/2309 2789/3433/2307 2970/3478/2346
f 2818/3472/2340 2793/3437/2311 2791/3435/2309 2963/3477/2345
f 2817/3471/2339 2795/3439/2313 2793/3437/2311 2818/3472/2340
f 2795/3439/2313 2817/3471/2339 2799/3443/2317 2797/3441/2315
f 2780/3422/2298 2821/3479/2347 2820/3480/2348 2778/3420/2296
f 2778/3420/2296 2820/3480/2348 2819/1958/1056 2777/1894/1000
f 2801/3446/2320 2821/3479/2347 2780/3422/2298 2782/3424/2300
f 2783/3427/2301 2822/3481/2349 2811/3465/2333 2785/3428/2303
f 2781/3423/2299 2823/3482/2350 2822/3483/2349 2783/3425/2301
f 2779/3421/2297 2824/3484/2351 2823/3482/2350 2781/3423/2299
f 2774/3418/2294 2824/3484/2351 2779/3421/2297 2776/3419/2295
f 2694/3485/2223 2824/3484/2351 2774/3418/2294 2693/3417/2221
f 2698/3486/2227 2825/3487/2352 2824/3484/2351 2694/3485/2223
f 2839/3488/2353 2826/3489/2354 2836/3490/2355 2838/3491/2356
f 2825/3487/2352 2822/3483/2349 2823/3482/2350 2824/3484/2351
f 2826/3489/2354 2840/3492/2357 2841/3493/2358 2836/3490/2355
f 2855/3494/2359 2827/3495/2360 2856/3496/2361 2854/3497/2362
f 2861/1977/1071 2863/1980/1074 2862/3498/2363 2860/3499/2364
f 2858/3500/2365 2904/3501/2366 2837/3502/2367 2856/3496/2361
f 2827/3495/2360 2859/3503/2368 2858/3500/2365 2856/3496/2361
f 2847/3504/2369 2831/1987/1081 2849/3505/2370
f 2832/3506/2371 2698/3486/2227 2695/3507/2229 2833/3508/2372
f 2834/3509/2373 2811/3510/2333 2822/3483/2349 2835/3511/2374
f 2842/3512/2375 2825/3487/2352 2698/3486/2227 2832/3506/2371
f 2833/3508/2372 2695/3507/2229 2837/3513/2367 2843/3514/2376
f 2835/3511/2374 2822/3483/2349 2825/3487/2352 2842/3512/2375
f 2907/3515/2377 2905/3516/2378 2903/3517/2379 2906/3518/2380
f 2838/3491/2356 2832/3506/2371 2833/3508/2372 2839/3488/2353
f 2840/3492/2357 2834/3509/2373 2835/3511/2374 2841/3493/2358
f 2836/3490/2355 2842/3512/2375 2832/3506/2371 2838/3491/2356
f 2839/3488/2353 2833/3508/2372 2843/3514/2376 2826/3489/2354
f 2841/3493/2358 2835/3511/2374 2842/3512/2375 2836/3490/2355
f 2826/3489/2354 2843/3514/2376 2834/3509/2373 2840/3492/2357
f 2831/1987/1081 2846/2001/1093 2851/3519/2381 2849/3505/2370
f 2830/3520/2382 2845/3521/2383 2844/3522/2384 2893/3523/2385
f 2890/3524/2386 2915/3525/2387 2914/3526/2388 2829/3527/2389
f 2847/3504/2369 2857/3528/2390 2828/2011/1103 2848/2010/1102
f 2849/3505/2370 2892/3529/2391 2857/3528/2390 2847/3504/2369
f 2846/2001/1093 2852/2015/1107 2891/3530/2392 2851/3519/2381
f 2852/2015/1107 2853/2017/1109 2850/3531/2393 2891/3530/2392
f 2851/3519/2381 2891/3530/2392 2892/3529/2391 2849/3505/2370
f 2854/3497/2362 2695/3532/2229 2696/3533/2224 2855/3494/2359
f 2856/3496/2361 2837/3502/2367 2695/3532/2229 2854/3497/2362
f 2855/3494/2359 2696/3533/2224 2857/3528/2390 2827/3495/2360
f 2895/3534/2394 2830/3520/2382 2893/3523/2385 2894/3535/2395
f 2914/3526/2388 2922/3536/2396 2858/3500/2365 2829/3527/2389
f 2827/3495/2360 2857/3528/2390 2892/3529/2391 2859/3503/2368
f 2860/3499/2364 2696/3533/2224 2697/2023/927 2861/1977/1071
f 2863/1980/1074 2828/2011/1103 2857/3528/2390 2862/3498/2363
f 2862/3498/2363 2857/3528/2390 2696/3533/2224 2860/3499/2364
f 2850/3531/2393 2865/3537/2397 2864/3538/2398 2891/3530/2392
f 2865/3537/2397 2867/3539/2399 2866/3540/2400 2864/3538/2398
f 2867/3539/2399 2869/3541/2401 2868/3542/2402 2866/3540/2400
f 2878/3543/2403 2871/2033/1122 2870/2032/1121 2879/3544/2404
f 2878/3543/2403 2880/3545/2405 2877/2034/1123 2871/2033/1122
f 2867/3539/2399 2875/3546/2406 2876/3547/2407 2869/3541/2401
f 2865/3537/2397 2874/3548/2408 2875/3546/2406 2867/3539/2399
f 2850/3531/2393 2872/3549/2409 2874/3548/2408 2865/3537/2397
f 2853/2017/1109 2873/2040/1129 2872/3549/2409 2850/3531/2393
f 2869/3541/2401 2876/3547/2407 2880/3545/2405 2878/3543/2403
f 2869/3541/2401 2878/3543/2403 2879/3544/2404 2868/3542/2402
f 2880/3545/2405 2887/3550/2410 2886/2041/1130 2877/2034/1123
f 2876/3547/2407 2885/3551/2411 2887/3550/2410 2880/3545/2405
f 2875/3546/2406 2884/3552/2412 2885/3551/2411 2876/3547/2407
f 2874/3548/2408 2883/3553/2413 2884/3552/2412 2875/3546/2406
f 2872/3549/2409 2881/3554/2414 2883/3553/2413 2874/3548/2408
f 2873/2040/1129 2882/2047/1136 2881/3554/2414 2872/3549/2409
f 2888/3555/2415 2889/2049/1138 2886/2041/1130 2887/3550/2410
f 2881/3554/2414 2882/2047/1136 2889/2049/1138 2888/3555/2415
f 2888/3555/2415 2884/3552/2412 2883/3553/2413 2881/3554/2414
f 2885/3551/2411 2884/3552/2412 2888/3555/2415 2887/3550/2410
f 2897/3556/2416 2898/3557/2417 2901/3558/2418 2896/3559/2419
f 2830/3520/2382 2892/3529/2391 2891/3530/2392 2845/3521/2383
f 2844/3522/2384 2890/3524/2386 2829/3527/2389 2893/3523/2385
f 2894/3535/2395 2858/3500/2365 2859/3503/2368 2895/3534/2394
f 2895/3534/2394 2859/3503/2368 2892/3529/2391 2830/3520/2382
f 2893/3523/2385 2829/3527/2389 2858/3500/2365 2894/3535/2395
f 2900/3560/2420 2901/3558/2418 2898/3557/2417 2899/3561/2421
f 2896/3559/2419 2844/3522/2384 2845/3521/2383 2897/3556/2416
f 2898/3557/2417 2891/3530/2392 2864/3538/2398 2899/3561/2421
f 2899/3561/2421 2864/3538/2398 2866/3540/2400 2900/3560/2420
f 2897/3556/2416 2845/3521/2383 2891/3530/2392 2898/3557/2417
f 2901/3558/2418 2890/3524/2386 2844/3522/2384 2896/3559/2419
f 2900/3560/2420 2866/3540/2400 2890/3524/2386 2901/3558/2418
f 2906/3518/2380 2834/3509/2373 2843/3514/2376 2907/3515/2377
f 2903/3517/2379 2811/3510/2333 2834/3509/2373 2906/3518/2380
f 2907/3515/2377 2843/3514/2376 2837/3513/2367 2905/3516/2378
f 2870/2032/1121 2908/2057/1146 2909/3562/2422 2879/3544/2404
f 2908/2057/1146 2910/2059/1148 2911/3563/2423 2909/3562/2422
f 2941/3564/2424 2912/3565/2425 2913/3566/2426 2940/3567/2427
f 2911/3563/2423 2868/3542/2402 2879/3544/2404 2909/3562/2422
f 2915/3525/2387 2917/3568/2428 2916/3569/2429 2914/3526/2388
f 2917/3568/2428 2919/3570/2430 2918/3571/2431 2916/3569/2429
f 2920/3572/2432 2918/3571/2431 2919/3570/2430 2868/3542/2402
f 2919/3570/2430 2890/3524/2386 2866/3540/2400 2868/3542/2402
f 2915/3525/2387 2890/3524/2386 2919/3570/2430 2917/3568/2428
f 2942/3573/2433 2920/3572/2432 2868/3542/2402 2911/3563/2423
f 2921/3574/2434 2905/3575/2378 2837/3502/2367 2904/3501/2366
f 2923/3576/2435 2903/3577/2379 2905/3575/2378 2921/3574/2434
f 2902/3578/2436 2811/3579/2333 2903/3577/2379 2923/3576/2435
f 2812/3466/2334 2924/3580/2437 2813/3467/2335 2814/3470/2338
f 2812/3466/2334 2811/3465/2333 2902/3581/2436 2924/3580/2437
f 2922/3536/2396 2921/3574/2434 2904/3501/2366 2858/3500/2365
f 2925/3582/2438 2923/3576/2435 2921/3574/2434 2922/3536/2396
f 2926/3583/2439 2902/3578/2436 2923/3576/2435 2925/3582/2438
f 2927/3584/2440 2924/3585/2437 2902/3578/2436 2926/3583/2439
f 2928/3586/2441 2813/3587/2335 2924/3585/2437 2927/3584/2440
f 2914/3526/2388 2929/3588/2442 2925/3582/2438 2922/3536/2396
f 2916/3569/2429 2930/3589/2443 2929/3588/2442 2914/3526/2388
f 2929/3588/2442 2927/3584/2440 2926/3583/2439 2925/3582/2438
f 2930/3589/2443 2928/3586/2441 2927/3584/2440 2929/3588/2442
f 2930/3589/2443 2916/3569/2429 2932/3590/2444 2931/3591/2445
f 2928/3586/2441 2930/3589/2443 2931/3591/2445 2813/3587/2335
f 2918/3571/2431 2933/3592/2446 2932/3590/2444 2916/3569/2429
f 2920/3572/2432 2934/3593/2447 2933/3592/2446 2918/3571/2431
f 2942/3573/2433 2935/3594/2448 2934/3593/2447 2920/3572/2432
f 2940/3567/2427 2911/3563/2423 2910/2059/1148 2941/3564/2424
f 2913/3566/2426 2936/3595/2449 2935/3594/2448 2942/3573/2433
f 2941/3564/2424 2910/2059/1148 2943/2092/1175 2912/3565/2425
f 2913/3566/2426 2942/3573/2433 2911/3563/2423 2940/3567/2427
f 2912/3565/2425 2937/3596/2450 2936/3595/2449 2913/3566/2426
f 2939/2094/1177 2938/3597/2451 2912/3565/2425 2943/2092/1175
f 2938/3597/2451 2944/3598/2452 2937/3596/2450 2912/3565/2425
f 2936/3595/2449 2946/3599/2453 2945/3600/2454 2935/3594/2448
f 2935/3594/2448 2949/3601/2455 2933/3592/2446 2934/3593/2447
f 2945/3600/2454 2950/3602/2456 2949/3601/2455 2935/3594/2448
f 2949/3601/2455 2947/3603/2457 2932/3590/2444 2933/3592/2446
f 2950/3602/2456 2951/3604/2458 2947/3603/2457 2949/3601/2455
f 2945/3600/2454 2948/3605/2459 2951/3604/2458 2950/3602/2456
f 3133/3606/2460 3134/3607/2461 3131/3608/2462 3132/3609/2463
f 2959/2108/1191 2953/2111/1194 2952/3610/2464 2960/3611/2465
f 2956/2112/1195 2955/2115/1198 2954/3612/2466 2957/3613/2467
f 2953/2111/1194 2956/2112/1195 2957/3613/2467 2952/3610/2464
f 2961/3614/2468 2944/3598/2452 2938/3597/2451 2960/3611/2465
f 2957/3613/2467 2961/3614/2468 2960/3611/2465 2952/3610/2464
f 2939/2094/1177 2959/2108/1191 2960/3611/2465 2938/3597/2451
f 2961/3614/2468 2945/3600/2454 2946/3599/2453 2944/3598/2452
f 2948/3605/2459 2945/3600/2454 2961/3614/2468 2957/3613/2467
f 2954/3612/2466 2958/3615/2469 2948/3605/2459 2957/3613/2467
f 2968/3616/2470 2962/3473/2341 2966/3476/2344 2967/3617/2471
f 2969/3618/2472 2971/3619/2473 2962/3473/2341 2968/3616/2470
f 2964/3474/2342 2789/3433/2307 2787/3431/2305 2965/3475/2343
f 2965/3475/2343 2787/3431/2305 2812/3466/2334 2966/3476/2344
f 2967/3617/2471 2814/3470/2338 2816/3469/2337 2968/3616/2470
f 2968/3616/2470 2816/3469/2337 2818/3472/2340 2969/3618/2472
f 2962/3473/2341 2970/3478/2346 2789/3433/2307 2964/3474/2342
f 2966/3476/2344 2812/3466/2334 2814/3470/2338 2967/3617/2471
f 2971/3619/2473 2963/3477/2345 2970/3478/2346 2962/3473/2341
f 2969/3618/2472 2818/3472/2340 2963/3477/2345 2971/3619/2473
f 2848/2010/1102 2831/1987/1081 2847/3504/2369
f 2972/3620/2474 2815/3621/2336 2813/3587/2335 2931/3591/2445
f 2932/3590/2444 2983/3622/2475 2972/3620/2474 2931/3591/2445
f 2954/3612/2466 2973/3623/2476 2975/3624/2477 2958/3615/2469
f 2955/2115/1198 2974/2127/1209 2973/3623/2476 2954/3612/2466
f 2980/3625/2478 2976/3626/2479 2978/3627/2480 2981/3628/2481
f 2982/2132/1214 2977/2133/1215 2976/3626/2479 2980/3625/2478
f 2974/2127/1209 2982/2132/1214 2980/3625/2478 2973/3623/2476
f 2958/3615/2469 2975/3624/2477 2979/3629/2482 2948/3605/2459
f 2973/3623/2476 2980/3625/2478 2981/3628/2481 2975/3624/2477
f 2978/3627/2480 2979/3629/2482 2975/3624/2477 2981/3628/2481
f 2983/3622/2475 2817/3630/2339 2815/3621/2336 2972/3620/2474
f 2983/3622/2475 2985/3631/2483 2984/3632/2484 2817/3630/2339
f 2985/3631/2483 2987/3633/2485 2986/3634/2486 2984/3632/2484
f 2979/3629/2482 2978/3627/2480 2986/3634/2486 2987/3633/2485
f 2947/3603/2457 2985/3631/2483 2983/3622/2475 2932/3590/2444
f 2951/3604/2458 2987/3633/2485 2985/3631/2483 2947/3603/2457
f 2951/3604/2458 2948/3605/2459 2979/3629/2482 2987/3633/2485
f 2984/3632/2484 2809/3458/2331 2799/3457/2317 2817/3630/2339
f 2977/2133/1215 2989/2141/1222 2988/3635/2487 2976/3626/2479
f 2989/2141/1222 2991/2143/1224 2990/3636/2488 2988/3635/2487
f 3009/2144/1225 2805/3637/2489 2990/3636/2488 2991/2143/1224
f 2805/3637/2489 2993/3638/2490 3000/3639/2491 2990/3636/2488
f 2990/3636/2488 3000/3639/2491 2999/3640/2492 2988/3635/2487
f 2988/3635/2487 2999/3640/2492 2995/3641/2493 2976/3626/2479
f 2984/3632/2484 2997/3642/2494 2994/3643/2495 2809/3458/2331
f 2978/3627/2480 2996/3644/2496 2998/3645/2497 2986/3634/2486
f 2986/3634/2486 2998/3645/2497 2997/3642/2494 2984/3632/2484
f 2976/3626/2479 2995/3641/2493 2996/3644/2496 2978/3627/2480
f 2809/3458/2331 2994/3643/2495 2992/3646/2498 2803/3647/2499
f 2803/3647/2499 2992/3646/2498 2993/3638/2490 2805/3637/2489
f 2998/3645/2497 3001/3648/2500 2994/3643/2495 2997/3642/2494
f 2996/3644/2496 2995/3641/2493 3001/3648/2500 2998/3645/2497
f 2995/3641/2493 2999/3640/2492 2993/3638/2490 3001/3648/2500
f 2993/3638/2490 2992/3646/2498 2994/3643/2495 3001/3648/2500
f 3000/3639/2491 2993/3638/2490 2999/3640/2492
f 3003/3448/2322 2803/3647/2499 2804/3649/2501 3002/3449/2323
f 3002/3449/2323 2804/3649/2501 3004/3459/2332 2810/3450/2324
f 3005/3447/2321 2809/3458/2331 2803/3647/2499 3003/3448/2322
f 2810/3450/2324 3004/3459/2332 2809/3458/2331 3005/3447/2321
f 3006/3456/2330 2806/3650/2502 2805/3637/2489 3007/3455/2329
f 3007/3455/2329 2805/3637/2489 3009/2144/1225 2807/1933/1037
f 2808/1932/1036 3008/2159/1240 2806/3650/2502 3006/3456/2330
f 3010/3454/2328 2804/3649/2501 2803/3647/2499 3011/3451/2325
f 3013/3452/2326 2805/3637/2489 2806/3650/2502 3012/3453/2327
f 3011/3451/2325 2803/3647/2499 2805/3637/2489 3013/3452/2326
f 3012/3453/2327 2806/3650/2502 2804/3649/2501 3010/3454/2328
f 2806/3650/2502 3016/3651/2503 3015/3652/2504 2804/3649/2501
f 3008/2159/1240 3021/2162/1243 3016/3651/2503 2806/3650/2502
f 2804/3649/2501 3015/3652/2504 3020/3653/2505 3004/3459/2332
f 2801/3446/2320 3014/3654/2506 3019/3655/2507 2821/3479/2347
f 2821/3479/2347 3019/3655/2507 3018/3656/2508 2820/3480/2348
f 2820/3480/2348 3018/3656/2508 3017/2167/1248 2819/1958/1056
f 3004/3462/2332 3020/3657/2505 3014/3654/2506 2801/3446/2320
f 3018/3656/2508 3023/3658/2509 3022/2169/1249 3017/2167/1248
f 3028/2171/1251 3035/2174/1254 3034/3659/2510 3027/3660/2511
f 3027/3660/2511 3034/3659/2510 3033/3661/2512 3026/3662/2513
f 3026/3662/2513 3033/3661/2512 3032/3663/2514 3025/3664/2515
f 3025/3664/2515 3032/3663/2514 3031/3665/2516 3024/3666/2517
f 3024/3666/2517 3031/3665/2516 3030/3667/2518 3023/3658/2509
f 3023/3658/2509 3030/3667/2518 3029/2182/1262 3022/2169/1249
f 3035/2174/1254 3042/2184/1264 3041/3668/2519 3034/3659/2510
f 3034/3659/2510 3041/3668/2519 3040/3669/2520 3033/3661/2512
f 3033/3661/2512 3040/3669/2520 3039/3670/2521 3032/3663/2514
f 3032/3663/2514 3039/3670/2521 3038/3671/2522 3031/3665/2516
f 3031/3665/2516 3038/3671/2522 3037/3672/2523 3030/3667/2518
f 3030/3667/2518 3037/3672/2523 3036/2189/1269 3029/2182/1262
f 3042/2184/1264 3049/2191/1271 3048/3673/2524 3041/3668/2519
f 3041/3668/2519 3048/3673/2524 3047/3674/2525 3040/3669/2520
f 3040/3669/2520 3047/3674/2525 3046/3675/2526 3039/3670/2521
f 3039/3670/2521 3046/3675/2526 3045/3676/2527 3038/3671/2522
f 3038/3671/2522 3045/3676/2527 3044/3677/2528 3037/3672/2523
f 3037/3672/2523 3044/3677/2528 3043/2196/1276 3036/2189/1269
f 3050/2197/1277 3051/3678/2529 3048/3673/2524 3049/2191/1271
f 3043/2196/1276 3044/3677/2528 3051/3678/2529 3050/2197/1277
f 3044/3677/2528 3045/3676/2527 3046/3675/2526 3051/3678/2529
f 3047/3674/2525 3048/3673/2524 3051/3678/2529 3046/3675/2526
f 3019/3655/2507 3024/3666/2517 3023/3658/2509 3018/3656/2508
f 3016/3651/2503 3054/3679/2530 3053/3680/2531 3015/3652/2504
f 3021/2162/1243 3057/2201/1281 3054/3679/2530 3016/3651/2503
f 3015/3652/2504 3053/3680/2531 3056/3681/2532 3020/3653/2505
f 3014/3654/2506 3052/3682/2533 3055/3683/2534 3019/3655/2507
f 3020/3657/2505 3056/3684/2532 3052/3682/2533 3014/3654/2506
f 3025/3664/2515 3024/3666/2517 3019/3655/2507 3055/3683/2534
f 3054/3679/2530 3060/3685/2535 3059/3686/2536 3053/3680/2531
f 3057/2201/1281 3063/2208/1287 3060/3685/2535 3054/3679/2530
f 3053/3680/2531 3059/3686/2536 3062/3687/2537 3056/3681/2532
f 3052/3682/2533 3058/3688/2538 3061/3689/2539 3055/3683/2534
f 3056/3684/2532 3062/3690/2537 3058/3688/2538 3052/3682/2533
f 3026/3662/2513 3025/3664/2515 3055/3683/2534 3061/3689/2539
f 3061/3689/2539 3070/3691/2540 3064/3692/2541 3026/3662/2513
f 3060/3685/2535 3069/3693/2542 3068/3694/2543 3059/3686/2536
f 3063/2208/1287 3072/2217/1295 3069/3693/2542 3060/3685/2535
f 3059/3686/2536 3068/3694/2543 3071/3695/2544 3062/3687/2537
f 3058/3688/2538 3067/3696/2545 3070/3691/2540 3061/3689/2539
f 3062/3690/2537 3071/3697/2544 3067/3696/2545 3058/3688/2538
f 3027/3660/2511 3065/3698/2546 3066/2221/1298 3028/2171/1251
f 3026/3662/2513 3064/3692/2541 3065/3698/2546 3027/3660/2511
f 3065/3698/2546 3073/3699/2547 3074/2223/1300 3066/2221/1298
f 3073/3699/2547 3075/3700/2548 3076/2225/1302 3074/2223/1300
f 3080/2227/1304 3078/2230/1307 3077/3701/2549 3079/3702/2550
f 3072/2217/1295 3080/2227/1304 3079/3702/2550 3069/3693/2542
f 3082/2231/1308 3081/3703/2551 3077/3701/2549 3078/2230/1307
f 3076/2225/1302 3075/3700/2548 3081/3704/2551 3082/2233/1308
f 3095/3705/2552 3091/3706/2553 3094/3707/2554 3100/3708/2555
f 3100/3709/2555 3094/3710/2554 3092/3711/2556 3103/3712/2557
f 3103/3712/2557 3092/3711/2556 3093/3713/2558 3106/3714/2559
f 3106/3714/2559 3093/3713/2558 3087/3715/2560 3109/3716/2561
f 3110/3717/2562 3090/3718/2563 3091/3706/2553 3095/3705/2552
f 3113/3719/2564 3084/3720/2565 3090/3718/2563 3110/3717/2562
f 3116/3721/2566 3088/3722/2567 3083/3723/2568 3121/3724/2569
f 3109/3716/2561 3087/3715/2560 3086/3725/2570 3124/3726/2571
f 3124/3726/2571 3086/3725/2570 3089/3727/2572 3127/3728/2573
f 3128/3729/2574 3085/3730/2575 3088/3722/2567 3116/3721/2566
f 3127/3731/2573 3089/3732/2572 3085/3730/2575 3128/3729/2574
f 3121/3724/2569 3083/3723/2568 3084/3720/2565 3113/3719/2564
f 3064/3692/2541 3119/3733/2576 3115/3734/2577 3065/3698/2546
f 3119/3733/2576 3120/3735/2578 3114/3736/2579 3115/3734/2577
f 3120/3735/2578 3121/3724/2569 3113/3719/2564 3114/3736/2579
f 3071/3697/2544 3125/3737/2580 3130/3738/2581 3067/3696/2545
f 3125/3737/2580 3126/3739/2582 3129/3740/2583 3130/3738/2581
f 3126/3739/2582 3127/3731/2573 3128/3729/2574 3129/3740/2583
f 3067/3696/2545 3130/3738/2581 3118/3741/2584 3070/3691/2540
f 3130/3738/2581 3129/3740/2583 3117/3742/2585 3118/3741/2584
f 3129/3740/2583 3128/3729/2574 3116/3721/2566 3117/3742/2585
f 3068/3694/2543 3122/3743/2586 3125/3744/2580 3071/3695/2544
f 3122/3743/2586 3123/3745/2587 3126/3746/2582 3125/3744/2580
f 3123/3745/2587 3124/3726/2571 3127/3728/2573 3126/3746/2582
f 3069/3693/2542 3107/3747/2588 3122/3743/2586 3068/3694/2543
f 3107/3747/2588 3108/3748/2589 3123/3745/2587 3122/3743/2586
f 3108/3748/2589 3109/3716/2561 3124/3726/2571 3123/3745/2587
f 3070/3691/2540 3118/3741/2584 3119/3733/2576 3064/3692/2541
f 3118/3741/2584 3117/3742/2585 3120/3735/2578 3119/3733/2576
f 3117/3742/2585 3116/3721/2566 3121/3724/2569 3120/3735/2578
f 3065/3698/2546 3115/3734/2577 3112/3749/2590 3073/3699/2547
f 3115/3734/2577 3114/3736/2579 3111/3750/2591 3112/3749/2590
f 3114/3736/2579 3113/3719/2564 3110/3717/2562 3111/3750/2591
f 3073/3699/2547 3112/3749/2590 3097/3751/2592 3075/3700/2548
f 3112/3749/2590 3111/3750/2591 3096/3752/2593 3097/3751/2592
f 3111/3750/2591 3110/3717/2562 3095/3705/2552 3096/3752/2593
f 3079/3702/2550 3104/3753/2594 3107/3747/2588 3069/3693/2542
f 3104/3753/2594 3105/3754/2595 3108/3748/2589 3107/3747/2588
f 3105/3754/2595 3106/3714/2559 3109/3716/2561 3108/3748/2589
f 3077/3701/2549 3101/3755/2596 3104/3753/2594 3079/3702/2550
f 3101/3755/2596 3102/3756/2597 3105/3754/2595 3104/3753/2594
f 3102/3756/2597 3103/3712/2557 3106/3714/2559 3105/3754/2595
f 3081/3703/2551 3098/3757/2598 3101/3755/2596 3077/3701/2549
f 3098/3757/2598 3099/3758/2599 3102/3756/2597 3101/3755/2596
f 3099/3758/2599 3100/3709/2555 3103/3712/2557 3102/3756/2597
f 3075/3700/2548 3097/3751/2592 3098/3759/2598 3081/3704/2551
f 3097/3751/2592 3096/3752/2593 3099/3760/2599 3098/3759/2598
f 3096/3752/2593 3095/3705/2552 3100/3708/2555 3099/3760/2599
f 3131/3608/2462 2936/3595/2449 2937/3596/2450 3132/3609/2463
f 3132/3609/2463 2937/3596/2450 2944/3598/2452 3133/3606/2460
f 3134/3607/2461 2946/3599/2453 2936/3595/2449 3131/3608/2462
f 3133/3606/2460 2944/3598/2452 2946/3599/2453 3134/3607/2461
f 3159/3761/2600 3162/3762/2601 3155/3763/2602 3158/3764/2603
f 3163/3765/2604 3159/3766/2600 3158/3767/2603 3156/3768/2605
f 3165/3769/2606 3163/3765/2604 3156/3768/2605 3157/3770/2607
f 3167/3771/2608 3165/3769/2606 3157/3770/2607 3151/3772/2609
f 3169/3773/2610 3154/3774/2611 3155/3763/2602 3162/3762/2601
f 3171/3775/2612 3148/3776/2613 3154/3774/2611 3169/3773/2610
f 3173/3777/2614 3152/3778/2615 3147/3779/2616 3176/3780/2617
f 3167/3771/2608 3151/3772/2609 3150/3781/2618 3178/3782/2619
f 3178/3782/2619 3150/3781/2618 3153/3783/2620 3180/3784/2621
f 3181/3785/2622 3149/3786/2623 3152/3778/2615 3173/3777/2614
f 3180/3787/2621 3153/3788/2620 3149/3786/2623 3181/3785/2622
f 3171/3775/2612 3176/3780/2617 3147/3779/2616 3148/3776/2613
f 3136/3789/2624 3135/3790/2625 3175/3791/2626 3172/3792/2627
f 3172/3792/2627 3175/3791/2626 3176/3780/2617 3171/3775/2612
f 3141/3793/2628 3179/3794/2629 3182/3795/2630 3137/3796/2631
f 3179/3794/2629 3180/3787/2621 3181/3785/2622 3182/3795/2630
f 3137/3796/2631 3182/3795/2630 3174/3797/2632 3140/3798/2633
f 3182/3795/2630 3181/3785/2622 3173/3777/2614 3174/3797/2632
f 3138/3799/2634 3177/3800/2635 3179/3801/2629 3141/3802/2628
f 3177/3800/2635 3178/3782/2619 3180/3784/2621 3179/3801/2629
f 3139/3803/2636 3168/3804/2637 3177/3800/2635 3138/3799/2634
f 3168/3804/2637 3167/3771/2608 3178/3782/2619 3177/3800/2635
f 3140/3798/2633 3174/3797/2632 3175/3791/2626 3135/3790/2625
f 3174/3797/2632 3173/3777/2614 3176/3780/2617 3175/3791/2626
f 3136/3789/2624 3172/3792/2627 3170/3805/2638 3142/3806/2639
f 3172/3792/2627 3171/3775/2612 3169/3773/2610 3170/3805/2638
f 3142/3806/2639 3170/3805/2638 3161/3807/2640 3143/3808/2641
f 3170/3805/2638 3169/3773/2610 3162/3762/2601 3161/3807/2640
f 3139/3803/2636 3145/3809/2642 3166/3810/2643 3168/3804/2637
f 3168/3804/2637 3166/3810/2643 3165/3769/2606 3167/3771/2608
f 3145/3809/2642 3144/3811/2644 3164/3812/2645 3166/3810/2643
f 3166/3810/2643 3164/3812/2645 3163/3765/2604 3165/3769/2606
f 3144/3811/2644 3146/3813/2646 3160/3814/2647 3164/3812/2645
f 3164/3812/2645 3160/3814/2647 3159/3766/2600 3163/3765/2604
f 3146/3815/2646 3143/3808/2641 3161/3807/2640 3160/3816/2647
f 3160/3816/2647 3161/3807/2640 3162/3762/2601 3159/3761/2600
f 3327/3817/2648 3196/3818/2649 3184/3819/2650 3321/3820/2651
f 3325/3821/2652 3192/3822/2653 3185/3823/2654 3322/3824/2655
f 3326/3825/2656 3198/3826/2657 3186/3827/2658 3323/3828/2659
f 3324/3829/2660 3194/3830/2661 3183/3831/2662 3328/3832/2663
f 3199/3833/2664 3198/3834/2657 3185/3823/2654 3192/3822/2653
f 3196/3818/2649 3199/3833/2664 3192/3822/2653 3184/3819/2650
f 3323/3828/2659 3186/3827/2658 3194/3830/2661 3324/3829/2660
f 3321/3820/2651 3184/3819/2650 3192/3822/2653 3325/3821/2652
f 3183/3831/2662 3194/3830/2661 3199/3835/2664 3196/3836/2649
f 3194/3830/2661 3186/3827/2658 3198/3826/2657 3199/3835/2664
f 3322/3824/2655 3185/3823/2654 3198/3834/2657 3326/3837/2656
f 3328/3832/2663 3183/3831/2662 3196/3836/2649 3327/3838/2648
f 3224/3839/2665 3200/3840/2666 3207/3841/2667 3231/3842/2668
f 3226/3843/2669 3202/3844/2670 3206/3845/2671 3230/3846/2672
f 3225/3847/2673 3201/3848/2674 3205/3849/2675 3229/3850/2676
f 3227/3851/2677 3203/3852/2678 3204/3853/2679 3228/3854/2680
f 3228/3854/2680 3204/3853/2679 3200/3840/2666 3224/3839/2665
f 3230/3855/2672 3206/3856/2671 3203/3852/2678 3227/3851/2677
f 3229/3850/2676 3205/3849/2675 3202/3844/2670 3226/3843/2669
f 3231/3857/2668 3207/3858/2667 3201/3848/2674 3225/3847/2673
f 3200/3840/2666 3215/3859/2681 3214/3860/2682 3207/3841/2667
f 3202/3844/2670 3209/3861/2683 3213/3862/2684 3206/3845/2671
f 3201/3848/2674 3208/3863/2685 3212/3864/2686 3205/3849/2675
f 3203/3852/2678 3210/3865/2687 3211/3866/2688 3204/3853/2679
f 3204/3853/2679 3211/3866/2688 3215/3859/2681 3200/3840/2666
f 3206/3856/2671 3213/3867/2684 3210/3865/2687 3203/3852/2678
f 3205/3849/2675 3212/3864/2686 3209/3861/2683 3202/3844/2670
f 3207/3858/2667 3214/3868/2682 3208/3863/2685 3201/3848/2674
f 3313/3869/2689 3223/3870/2690 3222/3871/2691 3320/3872/2692
f 3315/3873/2693 3217/3874/2694 3221/3875/2695 3319/3876/2696
f 3314/3877/2697 3216/3878/2698 3220/3879/2699 3318/3880/2700
f 3316/3881/2701 3218/3882/2702 3219/3883/2703 3317/3884/2704
f 3317/3884/2704 3219/3883/2703 3223/3870/2690 3313/3869/2689
f 3319/3885/2696 3221/3886/2695 3218/3882/2702 3316/3881/2701
f 3318/3880/2700 3220/3879/2699 3217/3874/2694 3315/3873/2693
f 3320/3887/2692 3222/3888/2691 3216/3878/2698 3314/3877/2697
f 3195/3889/2705 3231/3857/2668 3225/3847/2673 3188/3890/2706
f 3191/3891/2707 3229/3850/2676 3226/3843/2669 3189/3892/2708
f 3197/3893/2709 3230/3855/2672 3227/3851/2677 3190/3894/2710
f 3193/3895/2711 3228/3854/2680 3224/3839/2665 3187/3896/2712
f 3190/3894/2710 3227/3851/2677 3228/3854/2680 3193/3895/2711
f 3188/3890/2706 3225/3847/2673 3229/3850/2676 3191/3891/2707
f 3189/3892/2708 3226/3843/2669 3230/3846/2672 3197/3897/2709
f 3187/3896/2712 3224/3839/2665 3231/3842/2668 3195/3898/2705
f 3295/3899/2713 3245/3900/2714 3233/3901/2715 3289/3902/2716
f 3293/3903/2717 3241/3904/2718 3234/3905/2719 3290/3906/2720
f 3294/3907/2721 3247/3908/2722 3235/3909/2723 3291/3910/2724
f 3292/3911/2725 3243/3912/2726 3232/3913/2727 3296/3914/2728
f 3248/3915/2729 3247/3908/2722 3234/3905/2719 3241/3904/2718
f 3245/3900/2714 3248/3915/2729 3241/3904/2718 3233/3901/2715
f 3291/3910/2724 3235/3909/2723 3243/3912/2726 3292/3911/2725
f 3289/3902/2716 3233/3901/2715 3241/3904/2718 3293/3903/2717
f 3232/3913/2727 3243/3912/2726 3248/3916/2729 3245/3917/2714
f 3243/3912/2726 3235/3909/2723 3247/3908/2722 3248/3916/2729
f 3290/3906/2720 3234/3905/2719 3247/3908/2722 3294/3907/2721
f 3296/3914/2728 3232/3913/2727 3245/3917/2714 3295/3918/2713
f 3273/3919/2730 3249/3920/2731 3256/3921/2732 3280/3922/2733
f 3275/3923/2734 3251/3924/2735 3255/3925/2736 3279/3926/2737
f 3274/3927/2738 3250/3928/2739 3254/3929/2740 3278/3930/2741
f 3276/3931/2742 3252/3932/2743 3253/3933/2744 3277/3934/2745
f 3277/3934/2745 3253/3933/2744 3249/3920/2731 3273/3919/2730
f 3279/3926/2737 3255/3925/2736 3252/3932/2743 3276/3931/2742
f 3278/3930/2741 3254/3929/2740 3251/3924/2735 3275/3923/2734
f 3280/3935/2733 3256/3936/2732 3250/3928/2739 3274/3927/2738
f 3249/3920/2731 3264/3937/2746 3263/3938/2747 3256/3921/2732
f 3251/3924/2735 3258/3939/2748 3262/3940/2749 3255/3925/2736
f 3250/3928/2739 3257/3941/2750 3261/3942/2751 3254/3929/2740
f 3252/3932/2743 3259/3943/2752 3260/3944/2753 3253/3933/2744
f 3253/3933/2744 3260/3944/2753 3264/3937/2746 3249/3920/2731
f 3255/3925/2736 3262/3940/2749 3259/3943/2752 3252/3932/2743
f 3254/3929/2740 3261/3942/2751 3258/3939/2748 3251/3924/2735
f 3256/3936/2732 3263/3945/2747 3257/3941/2750 3250/3928/2739
f 3281/3946/2754 3272/3947/2755 3271/3948/2756 3288/3949/2757
f 3283/3950/2758 3266/3951/2759 3270/3952/2760 3287/3953/2761
f 3282/3954/2762 3265/3955/2763 3269/3956/2764 3286/3957/2765
f 3284/3958/2766 3267/3959/2767 3268/3960/2768 3285/3961/2769
f 3285/3961/2769 3268/3960/2768 3272/3947/2755 3281/3946/2754
f 3287/3953/2761 3270/3952/2760 3267/3959/2767 3284/3958/2766
f 3286/3957/2765 3269/3956/2764 3266/3951/2759 3283/3950/2758
f 3288/3962/2757 3271/3963/2756 3265/3955/2763 3282/3954/2762
f 3244/3964/2770 3280/3935/2733 3274/3927/2738 3237/3965/2771
f 3240/3966/2772 3278/3930/2741 3275/3923/2734 3238/3967/2773
f 3246/3968/2774 3279/3926/2737 3276/3931/2742 3239/3969/2775
f 3242/3970/2776 3277/3934/2745 3273/3919/2730 3236/3971/2777
f 3239/3969/2775 3276/3931/2742 3277/3934/2745 3242/3970/2776
f 3237/3965/2771 3274/3927/2738 3278/3930/2741 3240/3966/2772
f 3238/3967/2773 3275/3923/2734 3279/3926/2737 3246/3968/2774
f 3236/3971/2777 3273/3919/2730 3280/3922/2733 3244/3972/2770
f 3263/3945/2747 3288/3962/2757 3282/3954/2762 3257/3941/2750
f 3261/3942/2751 3286/3957/2765 3283/3950/2758 3258/3939/2748
f 3262/3940/2749 3287/3953/2761 3284/3958/2766 3259/3943/2752
f 3260/3944/2753 3285/3961/2769 3281/3946/2754 3264/3937/2746
f 3259/3943/2752 3284/3958/2766 3285/3961/2769 3260/3944/2753
f 3257/3941/2750 3282/3954/2762 3286/3957/2765 3261/3942/2751
f 3258/3939/2748 3283/3950/2758 3287/3953/2761 3262/3940/2749
f 3264/3937/2746 3281/3946/2754 3288/3949/2757 3263/3938/2747
f 3297/3973/2778 3296/3914/2728 3295/3918/2713 3304/3974/2779
f 3299/3975/2780 3290/3906/2720 3294/3907/2721 3303/3976/2781
f 3298/3977/2782 3289/3902/2716 3293/3903/2717 3302/3978/2783
f 3300/3979/2784 3291/3910/2724 3292/3911/2725 3301/3980/2785
f 3301/3980/2785 3292/3911/2725 3296/3914/2728 3297/3973/2778
f 3303/3976/2781 3294/3907/2721 3291/3910/2724 3300/3979/2784
f 3302/3978/2783 3293/3903/2717 3290/3906/2720 3299/3975/2780
f 3304/3981/2779 3295/3899/2713 3289/3902/2716 3298/3977/2782
f 3271/3963/2756 3304/3981/2779 3298/3977/2782 3265/3955/2763
f 3269/3956/2764 3302/3978/2783 3299/3975/2780 3266/3951/2759
f 3270/3952/2760 3303/3976/2781 3300/3979/2784 3267/3959/2767
f 3268/3960/2768 3301/3980/2785 3297/3973/2778 3272/3947/2755
f 3267/3959/2767 3300/3979/2784 3301/3980/2785 3268/3960/2768
f 3265/3955/2763 3298/3977/2782 3302/3978/2783 3269/3956/2764
f 3266/3951/2759 3299/3975/2780 3303/3976/2781 3270/3952/2760
f 3272/3947/2755 3297/3973/2778 3304/3974/2779 3271/3948/2756
f 3223/3870/2690 3312/3982/2786 3311/3983/2787 3222/3871/2691
f 3217/3874/2694 3306/3984/2788 3310/3985/2789 3221/3875/2695
f 3216/3878/2698 3305/3986/2790 3309/3987/2791 3220/3879/2699
f 3218/3882/2702 3307/3988/2792 3308/3989/2793 3219/3883/2703
f 3219/3883/2703 3308/3989/2793 3312/3982/2786 3223/3870/2690
f 3221/3886/2695 3310/3990/2789 3307/3988/2792 3218/3882/2702
f 3220/3879/2699 3309/3987/2791 3306/3984/2788 3217/3874/2694
f 3222/3888/2691 3311/3991/2787 3305/3986/2790 3216/3878/2698
f 3214/3868/2682 3320/3887/2692 3314/3877/2697 3208/3863/2685
f 3212/3864/2686 3318/3880/2700 3315/3873/2693 3209/3861/2683
f 3213/3867/2684 3319/3885/2696 3316/3881/2701 3210/3865/2687
f 3211/3866/2688 3317/3884/2704 3313/3869/2689 3215/3859/2681
f 3210/3865/2687 3316/3881/2701 3317/3884/2704 3211/3866/2688
f 3208/3863/2685 3314/3877/2697 3318/3880/2700 3212/3864/2686
f 3209/3861/2683 3315/3873/2693 3319/3876/2696 3213/3862/2684
f 3215/3859/2681 3313/3869/2689 3320/3872/2692 3214/3860/2682
f 3312/3982/2786 3328/3832/2663 3327/3838/2648 3311/3983/2787
f 3306/3984/2788 3322/3824/2655 3326/3837/2656 3310/3985/2789
f 3305/3986/2790 3321/3820/2651 3325/3821/2652 3309/3987/2791
f 3307/3988/2792 3323/3828/2659 3324/3829/2660 3308/3989/2793
f 3308/3989/2793 3324/3829/2660 3328/3832/2663 3312/3982/2786
f 3310/3990/2789 3326/3825/2656 3323/3828/2659 3307/3988/2792
f 3309/3987/2791 3325/3821/2652 3322/3824/2655 3306/3984/2788
f 3311/3991/2787 3327/3817/2648 3321/3820/2651 3305/3986/2790
f 3362/3992/2794 3354/3993/2795 3330/3994/2796 3346/3995/2797
f 3374/3996/2798 3366/3997/2799 3331/3998/2800 3347/3999/2801
f 3361/4000/2802 3356/4001/2803 3332/4002/2804 3348/4003/2805
f 3373/4004/2806 3368/4005/2807 3329/4006/2808 3345/4007/2809
f 3385/4008/2810 3370/4009/2811 3337/4010/2812 3378/4011/2813
f 3377/4012/2814 3358/4013/2815 3339/4014/2816 3369/4015/2817
f 3383/4016/2818 3358/4017/2815 3340/4018/2819 3379/4019/2820
f 3384/4020/2821 3369/4015/2817 3339/4014/2816 3380/4021/2822
f 3382/4022/2823 3357/4023/2824 3338/4024/2825 3381/4025/2826
f 3354/3993/2795 3359/4026/2827 3344/4027/2828 3330/3994/2796
f 3366/3997/2799 3371/4028/2829 3343/4029/2830 3331/3998/2800
f 3356/4001/2803 3360/4030/2831 3341/4031/2832 3332/4002/2804
f 3368/4005/2807 3372/4032/2833 3342/4033/2834 3329/4006/2808
f 3367/4034/2835 3373/4004/2806 3345/4007/2809 3333/4035/2836
f 3355/4036/2837 3361/4000/2802 3348/4003/2805 3336/4037/2838
f 3365/4038/2839 3374/3996/2798 3347/3999/2801 3335/4039/2840
f 3353/4040/2841 3362/3992/2794 3346/3995/2797 3334/4041/2842
f 3359/4026/2827 3363/4042/2843 3352/4043/2844 3344/4027/2828
f 3371/4028/2829 3375/4044/2845 3351/4045/2846 3343/4029/2830
f 3360/4030/2831 3364/4046/2847 3350/4047/2848 3341/4031/2832
f 3372/4032/2833 3376/4048/2849 3349/4049/2850 3342/4033/2834
f 3343/4029/2830 3351/4045/2846 3364/4050/2847 3360/4051/2831
f 3342/4033/2834 3349/4049/2850 3363/4052/2843 3359/4053/2827
f 3333/4035/2836 3345/4007/2809 3362/4054/2794 3353/4055/2841
f 3335/4039/2840 3347/3999/2801 3361/4056/2802 3355/4057/2837
f 3331/3998/2800 3343/4029/2830 3360/4051/2831 3356/4058/2803
f 3329/4006/2808 3342/4033/2834 3359/4053/2827 3354/4059/2795
f 3378/4011/2813 3337/4010/2812 3357/4060/2824 3382/4061/2823
f 3380/4021/2822 3339/4014/2816 3358/4013/2815 3383/4062/2818
f 3370/4009/2811 3340/4018/2819 3358/4017/2815 3377/4063/2814
f 3347/3999/2801 3331/3998/2800 3356/4058/2803 3361/4056/2802
f 3345/4007/2809 3329/4006/2808 3354/4059/2795 3362/4054/2794
f 3337/4010/2812 3370/4009/2811 3377/4063/2814 3357/4060/2824
f 3341/4031/2832 3350/4047/2848 3376/4048/2849 3372/4032/2833
f 3344/4027/2828 3352/4043/2844 3375/4044/2845 3371/4028/2829
f 3334/4041/2842 3346/3995/2797 3374/3996/2798 3365/4038/2839
f 3336/4037/2838 3348/4003/2805 3373/4004/2806 3367/4034/2835
f 3332/4002/2804 3341/4031/2832 3372/4032/2833 3368/4005/2807
f 3330/3994/2796 3344/4027/2828 3371/4028/2829 3366/3997/2799
f 3381/4025/2826 3338/4024/2825 3369/4015/2817 3384/4020/2821
f 3357/4023/2824 3377/4012/2814 3369/4015/2817 3338/4024/2825
f 3379/4019/2820 3340/4018/2819 3370/4009/2811 3385/4008/2810
f 3348/4003/2805 3332/4002/2804 3368/4005/2807 3373/4004/2806
f 3346/3995/2797 3330/3994/2796 3366/3997/2799 3374/3996/2798
f 3350/4047/2848 3379/4019/2820 3385/4008/2810 3376/4048/2849
f 3352/4043/2844 3381/4025/2826 3384/4020/2821 3375/4044/2845
f 3351/4045/2846 3380/4021/2822 3383/4062/2818 3364/4050/2847
f 3349/4049/2850 3378/4011/2813 3382/4061/2823 3363/4052/2843
f 3363/4042/2843 3382/4022/2823 3381/4025/2826 3352/4043/2844
f 3375/4044/2845 3384/4020/2821 3380/4021/2822 3351/4045/2846
f 3364/4046/2847 3383/4016/2818 3379/4019/2820 3350/4047/2848
f 3376/4048/2849 3385/4008/2810 3378/4011/2813 3349/4049/2850
f 3481/4064/2851 3408/4065/2852 3387/4066/2853 3471/4067/2854
f 3419/4068/2855 3404/4069/2856 3394/4070/2857 3414/4071/2858
f 3479/4072/2859 3405/4073/2860 3389/4074/2861 3473/4075/2862
f 3482/4076/2863 3413/4077/2864 3386/4078/2865 3470/4079/2866
f 3421/4080/2867 3407/4081/2868 3388/4082/2869 3411/4083/2870
f 3420/4084/2871 3406/4085/2872 3391/4086/2873 3410/4087/2874
f 3418/4088/2875 3405/4073/2860 3397/4089/2876 3415/4090/2877
f 3476/4091/2878 3399/4092/2879 3397/4089/2876 3474/4093/2880
f 3478/4094/2881 3402/4095/2882 3395/4096/2883 3475/4097/2884
f 3484/4098/2885 3425/4099/2886 3399/4092/2879 3476/4091/2878
f 3414/4071/2858 3394/4070/2857 3398/4100/2887 3416/4101/2888
f 3415/4090/2877 3397/4089/2876 3399/4092/2879 3417/4102/2889
f 3475/4097/2884 3395/4096/2883 3400/4103/2890 3477/4104/2891
f 3470/4105/2866 3386/4106/2865 3402/4095/2882 3478/4094/2881
f 3413/4107/2864 3389/4074/2861 3405/4073/2860 3418/4088/2875
f 3474/4093/2880 3397/4089/2876 3405/4073/2860 3479/4072/2859
f 3412/4108/2892 3390/4109/2893 3404/4069/2856 3419/4068/2855
f 3472/4110/2894 3388/4082/2869 3407/4081/2868 3480/4111/2895
f 3427/4112/2896 3424/4113/2897 3406/4085/2872 3420/4084/2871
f 3426/4114/2898 3425/4099/2886 3407/4081/2868 3421/4080/2867
f 3483/4115/2899 3422/4116/2900 3408/4065/2852 3481/4064/2851
f 3422/4117/2900 3426/4114/2898 3421/4080/2867 3408/4118/2852
f 3423/4119/2901 3427/4112/2896 3420/4084/2871 3409/4120/2902
f 3393/4121/2903 3412/4108/2892 3419/4068/2855 3403/4122/2904
f 3386/4123/2865 3413/4107/2864 3418/4088/2875 3402/4124/2882
f 3395/4125/2883 3415/4090/2877 3417/4102/2889 3400/4126/2890
f 3396/4127/2905 3414/4071/2858 3416/4101/2888 3401/4128/2906
f 3402/4124/2882 3418/4088/2875 3415/4090/2877 3395/4125/2883
f 3409/4120/2902 3420/4084/2871 3410/4087/2874 3392/4129/2907
f 3408/4118/2852 3421/4080/2867 3411/4083/2870 3387/4130/2853
f 3473/4131/2862 3389/4132/2861 3413/4077/2864 3482/4076/2863
f 3403/4122/2904 3419/4068/2855 3414/4071/2858 3396/4127/2905
f 3401/4128/2906 3416/4101/2888 3427/4112/2896 3423/4119/2901
f 3400/4126/2890 3417/4102/2889 3426/4114/2898 3422/4117/2900
f 3477/4104/2891 3400/4103/2890 3422/4116/2900 3483/4115/2899
f 3417/4102/2889 3399/4092/2879 3425/4099/2886 3426/4114/2898
f 3416/4101/2888 3398/4100/2887 3424/4113/2897 3427/4112/2896
f 3480/4111/2895 3407/4081/2868 3425/4099/2886 3484/4098/2885
f 3496/4133/2908 3450/4134/2909 3429/4135/2910 3486/4136/2911
f 3463/4137/2912 3442/4138/2913 3436/4139/2914 3460/4140/2915
f 3492/4141/2916 3443/4142/2917 3431/4143/2918 3488/4144/2919
f 3499/4145/2920 3459/4146/2921 3428/4147/2922 3485/4148/2923
f 3467/4149/2924 3449/4150/2925 3430/4151/2926 3457/4152/2927
f 3466/4153/2928 3448/4154/2929 3433/4155/2930 3456/4156/2931
f 3462/4157/2932 3443/4158/2917 3439/4159/2933 3461/4160/2934
f 3493/4161/2935 3445/4162/2936 3439/4163/2933 3489/4164/2937
f 3491/4165/2938 3440/4166/2939 3437/4167/2940 3490/4168/2941
f 3485/4169/2923 3428/4170/2922 3440/4166/2939 3491/4165/2938
f 3459/4171/2921 3431/4172/2918 3443/4158/2917 3462/4157/2932
f 3489/4164/2937 3439/4163/2933 3443/4142/2917 3492/4141/2916
f 3458/4173/2942 3432/4174/2943 3442/4138/2913 3463/4137/2912
f 3498/4175/2944 3455/4176/2945 3445/4162/2936 3493/4161/2935
f 3460/4140/2915 3436/4139/2914 3444/4177/2946 3464/4178/2947
f 3461/4160/2934 3439/4159/2933 3445/4179/2936 3465/4180/2948
f 3490/4168/2941 3437/4167/2940 3446/4181/2949 3494/4182/2950
f 3487/4183/2951 3430/4184/2926 3449/4185/2925 3495/4186/2952
f 3469/4187/2953 3454/4188/2954 3448/4154/2929 3466/4153/2928
f 3468/4189/2955 3455/4190/2945 3449/4150/2925 3467/4149/2924
f 3497/4191/2956 3452/4192/2957 3450/4134/2909 3496/4133/2908
f 3494/4182/2950 3446/4181/2949 3452/4192/2957 3497/4191/2956
f 3465/4180/2948 3445/4179/2936 3455/4190/2945 3468/4189/2955
f 3464/4178/2947 3444/4177/2946 3454/4188/2954 3469/4187/2953
f 3495/4186/2952 3449/4185/2925 3455/4176/2945 3498/4175/2944
f 3447/4193/2958 3464/4178/2947 3469/4187/2953 3453/4194/2959
f 3446/4195/2949 3465/4180/2948 3468/4189/2955 3452/4196/2957
f 3452/4196/2957 3468/4189/2955 3467/4149/2924 3450/4197/2909
f 3453/4194/2959 3469/4187/2953 3466/4153/2928 3451/4198/2960
f 3437/4199/2940 3461/4160/2934 3465/4180/2948 3446/4195/2949
f 3438/4200/2961 3460/4140/2915 3464/4178/2947 3447/4193/2958
f 3435/4201/2962 3458/4173/2942 3463/4137/2912 3441/4202/2963
f 3428/4203/2922 3459/4171/2921 3462/4157/2932 3440/4204/2939
f 3440/4204/2939 3462/4157/2932 3461/4160/2934 3437/4199/2940
f 3451/4198/2960 3466/4153/2928 3456/4156/2931 3434/4205/2964
f 3450/4197/2909 3467/4149/2924 3457/4152/2927 3429/4206/2910
f 3488/4207/2919 3431/4208/2918 3459/4146/2921 3499/4145/2920
f 3441/4202/2963 3463/4137/2912 3460/4140/2915 3438/4200/2961
f 3409/4120/2902 3480/4111/2895 3484/4098/2885 3423/4119/2901
f 3398/4100/2887 3477/4104/2891 3483/4115/2899 3424/4113/2897
f 3393/4121/2903 3473/4131/2862 3482/4076/2863 3412/4108/2892
f 3424/4113/2897 3483/4115/2899 3481/4064/2851 3406/4085/2872
f 3392/4129/2907 3472/4110/2894 3480/4111/2895 3409/4120/2902
f 3396/4127/2905 3474/4093/2880 3479/4072/2859 3403/4122/2904
f 3390/4109/2893 3470/4105/2866 3478/4094/2881 3404/4069/2856
f 3394/4070/2857 3475/4097/2884 3477/4104/2891 3398/4100/2887
f 3423/4119/2901 3484/4098/2885 3476/4091/2878 3401/4128/2906
f 3404/4069/2856 3478/4094/2881 3475/4097/2884 3394/4070/2857
f 3401/4128/2906 3476/4091/2878 3474/4093/2880 3396/4127/2905
f 3412/4108/2892 3482/4076/2863 3470/4079/2866 3390/4109/2893
f 3403/4122/2904 3479/4072/2859 3473/4075/2862 3393/4121/2903
f 3406/4085/2872 3481/4064/2851 3471/4067/2854 3391/4086/2873
f 3435/4201/2962 3488/4207/2919 3499/4145/2920 3458/4173/2942
f 3451/4198/2960 3495/4186/2952 3498/4175/2944 3453/4194/2959
f 3444/4177/2946 3494/4182/2950 3497/4191/2956 3454/4188/2954
f 3454/4188/2954 3497/4191/2956 3496/4133/2908 3448/4154/2929
f 3434/4205/2964 3487/4183/2951 3495/4186/2952 3451/4198/2960
f 3436/4139/2914 3490/4168/2941 3494/4182/2950 3444/4177/2946
f 3453/4194/2959 3498/4175/2944 3493/4161/2935 3447/4193/2958
f 3438/4200/2961 3489/4164/2937 3492/4141/2916 3441/4202/2963
f 3432/4174/2943 3485/4169/2923 3491/4165/2938 3442/4138/2913
f 3442/4138/2913 3491/4165/2938 3490/4168/2941 3436/4139/2914
f 3447/4193/2958 3493/4161/2935 3489/4164/2937 3438/4200/2961
f 3458/4173/2942 3499/4145/2920 3485/4148/2923 3432/4174/2943
f 3441/4202/2963 3492/4141/2916 3488/4144/2919 3435/4201/2962
f 3448/4154/2929 3496/4133/2908 3486/4136/2911 3433/4155/2930
f 3555/4209/2965 3526/4210/2966 3501/4211/2967 3543/4212/2968
f 3546/4213/2969 3511/4214/2970 3503/4215/2971 3545/4216/2972
f 3556/4217/2973 3531/4218/2974 3500/4219/2975 3542/4220/2976
f 3541/4221/2977 3525/4222/2978 3502/4223/2979 3529/4224/2980
f 3540/4225/2981 3524/4226/2982 3505/4227/2983 3528/4228/2984
f 3530/4229/2985 3504/4230/2986 3508/4231/2987 3532/4232/2988
f 3531/4233/2974 3503/4234/2971 3511/4235/2970 3533/4236/2989
f 3548/4237/2990 3513/4238/2991 3511/4214/2970 3546/4213/2969
f 3542/4239/2976 3500/4240/2975 3509/4241/2992 3547/4242/2993
f 3550/4243/2994 3517/4244/2995 3513/4238/2991 3548/4237/2990
f 3532/4232/2988 3508/4231/2987 3512/4245/2996 3534/4246/2997
f 3533/4236/2989 3511/4235/2970 3513/4247/2991 3535/4248/2998
f 3547/4242/2993 3509/4241/2992 3514/4249/2999 3549/4250/3000
f 3552/4251/3001 3521/4252/3002 3517/4244/2995 3550/4243/2994
f 3534/4246/2997 3512/4245/2996 3516/4253/3003 3536/4254/3004
f 3535/4248/2998 3513/4247/2991 3517/4255/2995 3537/4256/3005
f 3549/4250/3000 3514/4249/2999 3518/4257/3006 3551/4258/3007
f 3554/4259/3008 3525/4260/2978 3521/4252/3002 3552/4251/3001
f 3536/4254/3004 3516/4253/3003 3520/4261/3009 3538/4262/3010
f 3537/4256/3005 3517/4255/2995 3521/4263/3002 3539/4264/3011
f 3551/4258/3007 3518/4257/3006 3522/4265/3012 3553/4266/3013
f 3544/4267/3014 3502/4268/2979 3525/4260/2978 3554/4259/3008
f 3538/4262/3010 3520/4261/3009 3524/4226/2982 3540/4225/2981
f 3539/4264/3011 3521/4263/3002 3525/4222/2978 3541/4221/2977
f 3553/4266/3013 3522/4265/3012 3526/4210/2966 3555/4209/2965
f 3522/4269/3012 3539/4264/3011 3541/4221/2977 3526/4270/2966
f 3523/4271/3015 3538/4262/3010 3540/4225/2981 3527/4272/3016
f 3518/4273/3006 3537/4256/3005 3539/4264/3011 3522/4269/3012
f 3519/4274/3017 3536/4254/3004 3538/4262/3010 3523/4271/3015
f 3514/4275/2999 3535/4248/2998 3537/4256/3005 3518/4273/3006
f 3515/4276/3018 3534/4246/2997 3536/4254/3004 3519/4274/3017
f 3509/4277/2992 3533/4236/2989 3535/4248/2998 3514/4275/2999
f 3510/4278/3019 3532/4232/2988 3534/4246/2997 3515/4276/3018
f 3500/4279/2975 3531/4233/2974 3533/4236/2989 3509/4277/2992
f 3507/4280/3020 3530/4229/2985 3532/4232/2988 3510/4278/3019
f 3527/4272/3016 3540/4225/2981 3528/4228/2984 3506/4281/3021
f 3526/4270/2966 3541/4221/2977 3529/4224/2980 3501/4282/2967
f 3545/4283/2972 3503/4284/2971 3531/4218/2974 3556/4217/2973
f 3507/4280/3020 3545/4283/2972 3556/4217/2973 3530/4229/2985
f 3520/4261/3009 3553/4266/3013 3555/4209/2965 3524/4226/2982
f 3506/4281/3021 3544/4267/3014 3554/4259/3008 3527/4272/3016
f 3516/4253/3003 3551/4258/3007 3553/4266/3013 3520/4261/3009
f 3527/4272/3016 3554/4259/3008 3552/4251/3001 3523/4271/3015
f 3512/4245/2996 3549/4250/3000 3551/4258/3007 3516/4253/3003
f 3523/4271/3015 3552/4251/3001 3550/4243/2994 3519/4274/3017
f 3508/4231/2987 3547/4242/2993 3549/4250/3000 3512/4245/2996
f 3519/4274/3017 3550/4243/2994 3548/4237/2990 3515/4276/3018
f 3504/4230/2986 3542/4239/2976 3547/4242/2993 3508/4231/2987
f 3515/4276/3018 3548/4237/2990 3546/4213/2969 3510/4278/3019
f 3530/4229/2985 3556/4217/2973 3542/4220/2976 3504/4230/2986
f 3510/4278/3019 3546/4213/2969 3545/4216/2972 3507/4280/3020
f 3524/4226/2982 3555/4209/2965 3543/4212/2968 3505/4227/2983
f 3151/4285/2609 3558/4286/3022 3557/4287/3023 3150/4288/2618
f 3150/4288/2618 3557/4287/3023 3559/4289/3024 3153/4290/2620
f 3577/4291/3025 3569/4292/3026 3561/4293/3027 3573/4294/3028
f 3584/4295/3029 3579/4296/3030 3562/4297/3031 3574/4298/3032
f 3576/4299/3033 3571/4300/3034 3563/4301/3035 3575/4302/3036
f 3583/4303/3037 3571/4300/3034 3562/4297/3031 3579/4296/3030
f 3582/4304/3038 3568/4305/3039 3565/4306/3040 3578/4307/3041
f 3580/4308/3042 3564/4309/3043 3568/4305/3039 3582/4304/3038
f 3581/4310/3044 3563/4301/3035 3571/4300/3034 3583/4303/3037
f 3574/4298/3032 3562/4297/3031 3571/4300/3034 3576/4299/3033
f 3572/4311/3045 3560/4312/3046 3569/4292/3026 3577/4291/3025
f 3564/4309/3043 3572/4313/3045 3577/4314/3025 3568/4305/3039
f 3566/4315/3047 3574/4298/3032 3576/4299/3033 3570/4316/3048
f 3570/4316/3048 3576/4299/3033 3575/4302/3036 3567/4317/3049
f 3578/4307/3041 3584/4318/3029 3574/4298/3032 3566/4315/3047
f 3568/4305/3039 3577/4314/3025 3573/4319/3028 3565/4306/3040
f 3565/4306/3040 3573/4319/3028 3584/4318/3029 3578/4307/3041
f 3560/4312/3046 3581/4310/3044 3583/4303/3037 3569/4292/3026
f 3567/4317/3049 3580/4308/3042 3582/4304/3038 3570/4316/3048
f 3570/4316/3048 3582/4304/3038 3578/4307/3041 3566/4315/3047
f 3569/4292/3026 3583/4303/3037 3579/4296/3030 3561/4293/3027
f 3573/4294/3028 3561/4293/3027 3579/4296/3030 3584/4295/3029
f 3595/4320/3050 3596/4321/3051 3487/4183/2951 3434/4205/2964
f 3596/4321/3051 3597/4322/3052 3430/4184/2926 3487/4183/2951
f 3587/4323/3053 3598/4324/3054 3544/4267/3014 3506/4281/3021
f 3598/4324/3054 3599/4325/3055 3502/4268/2979 3544/4267/3014
f 3603/4326/3056 3605/4327/3057 3506/4281/3021 3528/4228/2984
f 3391/4086/2873 3601/4328/3058 3600/4329/3059 3410/4087/2874
f 3602/4330/3060 3595/4320/3050 3434/4205/2964 3585/4331/3061
f 3486/4136/2911 3429/4135/2910 3599/4325/3055 3598/4324/3054
f 3152/4332/2615 3590/4333/3062 3588/4334/3063 3147/4335/2616
f 3149/4336/2623 3589/4337/3064 3590/4333/3062 3152/4332/2615
f 3149/4336/2623 3153/4290/2620 3559/4289/3024 3589/4337/3064
f 3155/4338/2602 3591/4339/3065 3594/4340/3066 3158/4341/2603
f 3158/4341/2603 3594/4340/3066 3592/4342/3067 3156/4343/2605
f 3156/4343/2605 3592/4342/3067 3593/4344/3068 3157/4345/2607
f 3601/4328/3058 3391/4086/2873 3595/4320/3050 3602/4330/3060
f 3471/4067/2854 3387/4066/2853 3597/4322/3052 3596/4321/3051
f 3391/4086/2873 3471/4067/2854 3596/4321/3051 3595/4320/3050
f 3433/4155/2930 3486/4136/2911 3598/4324/3054 3587/4323/3053
f 3607/4346/3069 3600/4329/3059 3585/4331/3061 3608/4347/3070
f 3506/4281/3021 3605/4327/3057 3606/4348/3071 3587/4323/3053
f 3586/4349/3072 3604/4350/3073 3154/4351/2611 3609/4352/3074
f 3587/4323/3053 3606/4348/3071 3604/4350/3073 3433/4155/2930
f 3608/4347/3070 3148/4353/2613 3147/4335/2616 3607/4346/3069
f 3609/4352/3074 3154/4351/2611 3148/4353/2613 3608/4347/3070
f 3456/4156/2931 3433/4155/2930 3604/4350/3073 3586/4349/3072
f 3434/4205/2964 3456/4156/2931 3586/4349/3072 3585/4331/3061
f 3607/4346/3069 3147/4335/2616 3588/4334/3063 3600/4329/3059
f 3602/4330/3060 3585/4331/3061 3600/4329/3059 3601/4328/3058
f 3608/4347/3070 3585/4331/3061 3586/4349/3072 3609/4352/3074
f 3606/4348/3071 3605/4327/3057 3603/4326/3056 3604/4350/3073
f 3505/4227/2983 3610/4354/3075 3603/4326/3056 3528/4228/2984
f 3154/4351/2611 3604/4350/3073 3603/4326/3056 3610/4354/3075
f 3154/4351/2611 3610/4354/3075 3591/4339/3065 3155/4338/2602
f 3627/4355/3076 3580/4308/3042 3567/4317/3049 3626/4356/3077
f 3628/4357/3078 3564/4309/3043 3580/4308/3042 3627/4355/3076
f 3392/4129/2907 3410/4087/2874 3600/4329/3059 3588/4334/3063
f 3559/4289/3024 3611/4358/3079 3613/4359/3080 3589/4337/3064
f 3590/4333/3062 3614/4360/3081 3612/4361/3082 3588/4334/3063
f 3589/4337/3064 3613/4359/3080 3614/4360/3081 3590/4333/3062
f 3616/4362/3083 3640/4363/3084 3639/4364/3085 3617/4365/3086
f 3614/4360/3081 3617/4365/3086 3615/4366/3087 3612/4361/3082
f 3613/4359/3080 3616/4362/3083 3617/4365/3086 3614/4360/3081
f 3472/4110/2894 3392/4129/2907 3588/4334/3063 3612/4361/3082
f 3388/4082/2869 3472/4110/2894 3612/4361/3082 3615/4366/3087
f 3626/4356/3077 3629/4367/3088 3611/4358/3079 3559/4289/3024
f 3567/4317/3049 3575/4302/3036 3629/4367/3088 3626/4356/3077
f 3505/4227/2983 3543/4212/2968 3591/4339/3065 3610/4354/3075
f 3591/4339/3065 3618/4368/3089 3621/4369/3090 3594/4340/3066
f 3594/4340/3066 3621/4369/3090 3619/4370/3091 3592/4342/3067
f 3592/4342/3067 3619/4370/3091 3620/4371/3092 3593/4344/3068
f 3618/4372/3089 3622/4373/3093 3625/4374/3094 3621/4375/3090
f 3621/4375/3090 3625/4374/3094 3623/4376/3095 3619/4377/3091
f 3619/4377/3091 3623/4376/3095 3624/4378/3096 3620/4379/3092
f 3157/4345/2607 3593/4344/3068 3558/4286/3022 3151/4285/2609
f 3558/4286/3022 3628/4357/3078 3627/4355/3076 3557/4287/3023
f 3557/4287/3023 3627/4355/3076 3626/4356/3077 3559/4289/3024
f 3620/4371/3092 3628/4357/3078 3558/4286/3022 3593/4344/3068
f 3564/4309/3043 3628/4357/3078 3620/4371/3092 3572/4313/3045
f 3560/4312/3046 3572/4311/3045 3620/4379/3092 3624/4378/3096
f 3563/4301/3035 3581/4310/3044 3640/4363/3084 3616/4362/3083
f 3430/4151/2926 3631/4380/3097 3632/4381/3098 3457/4152/2927
f 3457/4152/2927 3632/4381/3098 3630/4382/3099 3429/4206/2910
f 3429/4206/2910 3630/4382/3099 3634/4383/3100 3599/4384/3055
f 3529/4224/2980 3502/4223/2979 3599/4384/3055 3634/4383/3100
f 3597/4385/3052 3633/4386/3101 3631/4380/3097 3430/4151/2926
f 3387/4130/2853 3411/4083/2870 3633/4386/3101 3597/4385/3052
f 3543/4212/2968 3501/4211/2967 3618/4368/3089 3591/4339/3065
f 3501/4282/2967 3529/4224/2980 3622/4373/3093 3618/4372/3089
f 3411/4083/2870 3388/4082/2869 3615/4366/3087 3633/4386/3101
f 3630/4382/3099 3635/4387/3102 3638/4388/3103 3634/4383/3100
f 3631/4380/3097 3636/4389/3104 3637/4390/3105 3632/4381/3098
f 3632/4381/3098 3637/4390/3105 3635/4387/3102 3630/4382/3099
f 3631/4380/3097 3633/4386/3101 3615/4366/3087 3636/4389/3104
f 3634/4383/3100 3638/4388/3103 3622/4373/3093 3529/4224/2980
f 3623/4376/3095 3625/4374/3094 3622/4373/3093 3638/4388/3103
f 3636/4389/3104 3639/4364/3085 3640/4363/3084 3637/4390/3105
f 3624/4378/3096 3623/4376/3095 3638/4388/3103 3635/4387/3102
f 3637/4390/3105 3640/4363/3084 3624/4378/3096 3635/4387/3102
f 3615/4366/3087 3617/4365/3086 3639/4364/3085 3636/4389/3104
f 3560/4312/3046 3624/4378/3096 3640/4363/3084 3581/4310/3044
f 3611/4358/3079 3563/4301/3035 3616/4362/3083 3613/4359/3080
f 3611/4358/3079 3629/4367/3088 3575/4302/3036 3563/4301/3035
f 3641/4391/3106 3642/4392/3107 3140/3798/2633 3135/3790/2625
f 3642/4392/3107 3643/4393/3108 3137/3796/2631 3140/3798/2633
f 3643/4393/3108 3644/4394/3109 3141/3793/2628 3137/3796/2631
f 3644/4395/3109 3645/4396/3110 3138/3799/2634 3141/3802/2628
f 3645/4396/3110 3646/4397/3111 3139/3803/2636 3138/3799/2634
f 3646/4397/3111 3647/4398/3112 3145/3809/2642 3139/3803/2636
f 3647/4398/3112 3648/4399/3113 3144/3811/2644 3145/3809/2642
f 3648/4399/3113 3649/4400/3114 3146/3813/2646 3144/3811/2644
f 3649/4401/3114 3650/4402/3115 3143/3808/2641 3146/3815/2646
f 3650/4402/3115 3651/4403/3116 3142/3806/2639 3143/3808/2641
f 3651/4403/3116 3652/4404/3117 3136/3789/2624 3142/3806/2639
f 3652/4404/3117 3641/4391/3106 3135/3790/2625 3136/3789/2624
f 3084/3720/2565 3083/3723/2568 3641/4391/3106 3652/4404/3117
f 3090/3718/2563 3084/3720/2565 3652/4404/3117 3651/4403/3116
f 3091/3706/2553 3090/3718/2563 3651/4403/3116 3650/4402/3115
f 3094/3707/2554 3091/3706/2553 3650/4402/3115 3649/4401/3114
f 3092/3711/2556 3094/3710/2554 3649/4400/3114 3648/4399/3113
f 3093/3713/2558 3092/3711/2556 3648/4399/3113 3647/4398/3112
f 3087/3715/2560 3093/3713/2558 3647/4398/3112 3646/4397/3111
f 3086/3725/2570 3087/3715/2560 3646/4397/3111 3645/4396/3110
f 3089/3727/2572 3086/3725/2570 3645/4396/3110 3644/4395/3109
f 3085/3730/2575 3089/3732/2572 3644/4394/3109 3643/4393/3108
f 3088/3722/2567 3085/3730/2575 3643/4393/3108 3642/4392/3107
f 3083/3723/2568 3088/3722/2567 3642/4392/3107 3641/4391/3106
f 3197/3897/2709 3655/4405/3118 3653/4406/3119 3189/3892/2708
f 3190/3894/2710 3654/4407/3120 3655/4408/3118 3197/3893/2709
f 3237/3965/2771 3653/4406/3119 3655/4405/3118 3244/3964/2770
f 3244/3972/2770 3655/4408/3118 3654/4407/3120 3236/3971/2777
f 3692/4409/3121 3657/4410/3122 3658/4411/3123 3693/4412/3124
f 3694/4413/3125 3656/4414/3126 3657/4410/3122 3692/4409/3121
f 3246/3968/2774 3668/4415/3127 3664/4416/3128 3238/3967/2773
f 3242/3970/2776 3667/4417/3129 3665/4418/3130 3239/3969/2775
f 3239/3969/2775 3665/4418/3130 3668/4415/3127 3246/3968/2774
f 3238/3967/2773 3664/4416/3128 3666/4419/3131 3240/3966/2772
f 3195/3898/2705 3663/4420/3132 3659/4421/3133 3187/3896/2712
f 3191/3891/2707 3661/4422/3134 3660/4423/3135 3188/3890/2706
f 3187/3896/2712 3659/4421/3133 3662/4424/3136 3193/3895/2711
f 3188/3890/2706 3660/4423/3135 3663/4425/3132 3195/3889/2705
f 3242/3970/2776 3236/3971/2777 3654/4407/3120 3667/4417/3129
f 3193/3895/2711 3662/4424/3136 3654/4407/3120 3190/3894/2710
f 3240/3966/2772 3666/4419/3131 3653/4406/3119 3237/3965/2771
f 3191/3891/2707 3189/3892/2708 3653/4406/3119 3661/4422/3134
f 3674/4426/3137 3669/4427/3138 3670/4428/3139 3672/4429/3140
f 3672/4429/3140 3670/4428/3139 3671/4430/3141 3673/4431/3142
f 3673/4431/3142 3658/4411/3123 3657/4410/3122 3672/4429/3140
f 3672/4429/3140 3657/4410/3122 3656/4414/3126 3674/4426/3137
f 3662/4424/3136 3671/4430/3141 3670/4428/3139 3654/4407/3120
f 3659/4421/3133 3675/4432/3143 3671/4430/3141 3662/4424/3136
f 3674/4426/3137 3656/4414/3126 3676/4433/3144 3669/4427/3138
f 3671/4430/3141 3675/4432/3143 3658/4411/3123 3673/4431/3142
f 3654/4407/3120 3670/4428/3139 3669/4427/3138 3667/4417/3129
f 3667/4417/3129 3669/4427/3138 3676/4433/3144 3665/4418/3130
f 3695/4434/3145 3679/4435/3146 3678/4436/3147 3696/4437/3148
f 3696/4437/3148 3678/4436/3147 3677/4438/3149 3697/4439/3150
f 3680/4440/3151 3653/4406/3119 3666/4419/3131 3688/4441/3152
f 3686/4442/3153 3661/4422/3134 3653/4406/3119 3680/4440/3151
f 3683/4443/3154 3677/4438/3149 3678/4436/3147 3684/4444/3155
f 3684/4444/3155 3678/4436/3147 3679/4435/3146 3685/4445/3156
f 3685/4445/3156 3679/4435/3146 3681/4446/3157 3686/4442/3153
f 3666/4419/3131 3664/4416/3128 3682/4447/3158 3688/4441/3152
f 3686/4442/3153 3681/4446/3157 3660/4423/3135 3661/4422/3134
f 3688/4441/3152 3682/4447/3158 3677/4438/3149 3683/4443/3154
f 3685/4445/3156 3686/4442/3153 3680/4440/3151 3684/4444/3155
f 3684/4444/3155 3680/4440/3151 3688/4441/3152 3683/4443/3154
f 3687/4448/3159 3689/4449/3160 3681/4446/3157 3679/4435/3146
f 3658/4411/3123 3675/4432/3143 3689/4450/3160 3687/4451/3159
f 3663/4420/3132 3689/4450/3160 3675/4432/3143 3659/4421/3133
f 3660/4423/3135 3681/4446/3157 3689/4449/3160 3663/4425/3132
f 3690/4452/3161 3691/4453/3162 3677/4438/3149 3682/4447/3158
f 3676/4433/3144 3656/4414/3126 3691/4453/3162 3690/4452/3161
f 3668/4415/3127 3665/4418/3130 3676/4433/3144 3690/4452/3161
f 3664/4416/3128 3668/4415/3127 3690/4452/3161 3682/4447/3158
f 3698/4454/3163 3699/4455/3164 3687/4448/3159 3679/4435/3146
f 3699/4456/3164 3700/4457/3165 3658/4411/3123 3687/4451/3159
f 2742/3397/2276 3694/4413/3125 3692/4409/3121 2741/3382/2263
f 2741/3382/2263 3692/4409/3121 3693/4412/3124 2748/3383/2264
f 2745/3391/2270 3696/4437/3148 3697/4439/3150 2744/3393/2272
f 2746/3389/2268 3695/4434/3145 3696/4437/3148 2745/3391/2270
f 3700/4457/3165 3701/4458/3166 3693/4412/3124 3658/4411/3123
f 3705/4459/3167 3703/4460/3168 3353/4040/2841 3334/4041/2842
f 3704/4461/3169 3698/4454/3163 3679/4435/3146 3695/4434/3145
f 3705/4459/3167 3704/4461/3169 3695/4434/3145 2746/3389/2268
f 3703/4462/3168 3702/4463/3170 3333/4035/2836 3353/4055/2841
f 3701/4458/3166 3702/4463/3170 2748/3383/2264 3693/4412/3124
f 3367/4034/2835 3333/4035/2836 3702/4463/3170 3701/4458/3166
f 2747/3385/2266 2748/3383/2264 3702/4463/3170 3703/4462/3168
f 3334/4041/2842 3365/4038/2839 3704/4461/3169 3705/4459/3167
f 3365/4038/2839 3335/4039/2840 3698/4454/3163 3704/4461/3169
f 2746/3389/2268 2747/3388/2266 3703/4460/3168 3705/4459/3167
f 3336/4037/2838 3367/4034/2835 3701/4458/3166 3700/4457/3165
f 3355/4036/2837 3336/4037/2838 3700/4457/3165 3699/4456/3164
f 3335/4039/2840 3355/4057/2837 3699/4455/3164 3698/4454/3163
f 2743/3395/2274 3706/4464/3171 3694/4413/3125 2742/3397/2276
f 2744/3393/2272 3697/4439/3150 3706/4464/3171 2743/3395/2274
f 3697/4439/3150 3677/4438/3149 3691/4453/3162 3706/4464/3171
f 3691/4453/3162 3656/4414/3126 3694/4413/3125 3706/4464/3171
f 2687/4465/2210 3719/4466/3172 3718/4467/3173 2686/4468/2211
f 2685/4469/2212 3717/4470/3174 3716/4471/3175 2684/4472/2213
f 2683/4473/2214 3715/4474/3176 3714/4475/3177 2682/4476/2215
f 2681/4477/2216 3713/4478/3178 3712/4479/3179 2680/4480/2217
f 2678/4481/2208 3710/4482/3180 3708/4483/3181 2676/4484/2218
f 2679/4485/2207 3711/4486/3182 3710/4482/3180 2678/4481/2208
f 2676/4484/2218 3708/4483/3181 3707/4487/3183 2675/4488/2219
f 2688/4489/2209 3720/4490/3184 3719/4466/3172 2687/4465/2210
f 2686/4468/2211 3718/4467/3173 3717/4470/3174 2685/4469/2212
f 2677/4491/2206 3709/4492/3185 3723/3023/1943 2691/3022/917
f 2684/4472/2213 3716/4471/3175 3715/4474/3176 2683/4473/2214
f 2682/4476/2215 3714/4475/3177 3713/4478/3178 2681/4477/2216
f 2680/4480/2217 3712/4479/3179 3711/4486/3182 2679/4485/2207
f 2690/4493/2205 3722/4494/3186 3709/4492/3185 2677/4491/2206
f 2675/4488/2219 3707/4487/3183 3722/4494/3186 2690/4493/2205
f 2689/3027/906 3721/3028/1946 3720/4490/3184 2688/4489/2209
f 2370/3018/1941 2384/3026/1945 2385/4495/3187
f 3721/3028/1946 2383/3020/1942 2385/4496/3187
f 2382/2998/1931 2381/2997/1930 2385/4497/3187
f 2380/3002/1933 2379/3001/1932 2385/4498/3187
f 2378/3006/1935 2377/3005/1934 2385/4499/3187
f 2376/3010/1937 2375/3009/1936 2385/4500/3187
f 2372/3024/1944 3723/3023/1943 2385/4501/3187
f 2373/3014/1939 2371/3013/1938 2385/4502/3187
f 2374/3016/1940 2373/3014/1939 2385/4503/3187
f 2371/3013/1938 2370/3018/1941 2385/4504/3187
f 2383/3020/1942 2382/2998/1931 2385/4505/3187
f 2381/2997/1930 2380/3002/1933 2385/4506/3187
f 2379/3001/1932 2378/3006/1935 2385/4507/3187
f 2377/3005/1934 2376/3010/1937 2385/4508/3187
f 2375/3009/1936 2374/3016/1940 2385/4509/3187
f 2384/3026/1945 2372/3024/1944 2385/4510/3187
f 3707/4487/3183 2385/4511/3187 3722/4494/3186
f 3721/3028/1946 2385/4512/3187 3720/4490/3184
f 3719/4466/3172 2385/4513/3187 3718/4467/3173
f 3717/4470/3174 2385/4514/3187 3716/4471/3175
f 3715/4474/3176 2385/4515/3187 3714/4475/3177
f 3713/4478/3178 2385/4516/3187 3712/4479/3179
f 3709/4492/3185 2385/4496/3187 3723/3023/1943
f 3710/4482/3180 2385/4517/3187 3708/4483/3181
f 3711/4486/3182 2385/4518/3187 3710/4482/3180
f 3708/4483/3181 2385/4519/3187 3707/4487/3183
f 3720/4490/3184 2385/4520/3187 3719/4466/3172
f 3718/4467/3173 2385/4521/3187 3717/4470/3174
f 3716/4471/3175 2385/4522/3187 3715/4474/3176
f 3714/4475/3177 2385/4523/3187 3713/4478/3178
f 3712/4479/3179 2385/4524/3187 3711/4486/3182
f 3722/4494/3186 2385/4525/3187 3709/4492/3185
o Root_Circle.002
v -13.735852 -0.506236 4.000000
v 10.568856 10.062616 3.999999
v 10.568856 -11.075088 4.000000
v 13.735849 -0.506236 4.000000
v 0.000001 -15.452854 4.000000
v -10.568854 -11.075091 4.000000
v -0.000001 13.229614 4.000000
v -10.568854 10.062618 3.999999
v -0.000002 22.938139 4.000000
v 14.946616 -0.506236 4.000000
v -14.946618 -0.506236 4.000000
v -9.712713 9.206477 3.999999
v -9.712713 -10.218949 4.000000
v 0.000001 -14.242088 4.000000
v 9.712715 -10.218947 4.000000
v 9.712715 9.206475 3.999999
vn -0.0000 -0.0000 -1.0000
usemtl None
s off
f 3739//3188 3730//3188 3732//3188 3725//3188
f 3727//3188 3739//3188 3725//3188 3733//3188
f 3738//3188 3727//3188 3733//3188 3726//3188
f 3724//3188 3736//3188 3729//3188 3734//3188
f 3735//3188 3724//3188 3734//3188 3731//3188
f 3730//3188 3735//3188 3731//3188 3732//3188
f 3737//3188 3738//3188 3726//3188 3728//3188
f 3736//3188 3737//3188 3728//3188 3729//3188
