# Blender v2.82 (sub 7) OBJ File: 'deer1.blend'
# www.blender.org
mtllib deer1.mtl
o Horns_Cylinder.003
v 0.031608 4.778792 2.514835
v 0.066390 4.747858 2.334053
v 0.142397 4.733767 2.351088
v 0.107615 4.764702 2.531870
v 0.131269 5.163540 2.847745
v 0.133035 5.280849 2.780476
v 0.211919 5.276730 2.775362
v 0.210153 5.159420 2.842630
v 1.522197 6.362988 0.660739
v 1.526408 6.349149 0.643855
v 1.586456 6.373737 0.638681
v 1.582244 6.387575 0.655565
v 0.158091 5.376215 3.048730
v 0.157957 5.415616 2.980077
v 0.255948 5.430087 2.988190
v 0.256082 5.390685 3.056844
v 0.016117 5.786483 3.085657
v 0.017050 5.788460 3.076354
v 0.025631 5.792318 3.078035
v 0.024697 5.790343 3.087337
v 0.476426 5.429982 2.827446
v 0.469506 5.468724 2.735955
v 0.543414 5.445064 2.720346
v 0.550333 5.406322 2.811838
v 0.497864 5.723157 2.830110
v 0.482478 5.703319 2.733729
v 0.560543 5.705518 2.720814
v 0.575929 5.725357 2.817194
v 0.424088 6.188174 2.594511
v 0.420380 6.176434 2.568247
v 0.442843 6.179176 2.563849
v 0.446551 6.190916 2.590113
v 1.465953 6.459328 0.538560
v 1.466593 6.457381 0.536497
v 1.480165 6.465244 0.533294
v 1.479525 6.467191 0.535357
v 0.970367 5.366059 2.154544
v 0.994805 5.316282 2.062495
v 1.049128 5.278533 2.097331
v 1.024689 5.328311 2.189380
v 1.144089 5.669847 2.049987
v 1.164969 5.638495 1.981874
v 1.228433 5.638471 2.001341
v 1.207552 5.669823 2.069454
v 1.049472 6.135056 1.776657
v 1.055073 6.126709 1.758337
v 1.063357 6.129611 1.759548
v 1.057756 6.137959 1.777868
v 1.546110 5.625749 0.772676
v 1.533923 5.576676 0.827217
v 1.608359 5.572112 0.839743
v 1.620546 5.621184 0.785202
v 1.624097 5.494698 0.613889
v 1.628932 5.435098 0.624285
v 1.682861 5.444445 0.652790
v 1.678026 5.504045 0.642393
v 1.739623 5.546763 0.486538
v 1.746446 5.526990 0.481715
v 1.758048 5.528911 0.490251
v 1.751225 5.548683 0.495075
v 1.610368 6.221938 1.618722
v 1.627935 6.195403 1.508566
v 1.711378 6.176188 1.526501
v 1.693812 6.202724 1.636657
v 1.684784 6.618629 1.322353
v 1.688449 6.600733 1.306062
v 1.698504 6.600465 1.308619
v 1.694839 6.618360 1.324910
v 1.406250 6.890284 1.294825
v 1.410115 6.883368 1.275395
v 1.424364 6.890662 1.275633
v 1.420500 6.897578 1.295063
v 1.160033 5.104152 1.155137
v 1.167588 5.031554 1.128288
v 1.224293 5.036955 1.129285
v 1.216491 5.109592 1.155728
v 1.038976 5.237157 0.784648
v 1.042449 5.200264 0.768318
v 1.070421 5.206388 0.760390
v 1.066897 5.243289 0.776666
v 0.923321 4.699631 1.440786
v 0.917784 4.694682 1.471424
v 0.937853 4.683300 1.473212
v 0.943390 4.688249 1.442574
v 0.496218 4.670700 1.470626
v 0.490294 4.665308 1.503461
v 0.509330 4.649418 1.504293
v 0.515262 4.654802 1.471457
v 0.987838 5.806810 1.610354
v 1.008035 5.768485 1.496114
v 1.095020 5.788535 1.504766
v 1.074823 5.826860 1.619006
v 0.702792 6.412841 1.484044
v 0.703078 6.411427 1.461176
v 0.717964 6.418400 1.463900
v 0.716095 6.420344 1.484542
v 1.098600 5.887160 0.526066
v 1.101114 5.794605 0.487330
v 1.151901 5.801995 0.472967
v 1.149387 5.894551 0.511703
v 0.968988 6.143713 0.057685
v 0.968214 6.114408 0.039467
v 0.985876 6.116647 0.035116
v 0.986650 6.145950 0.053334
v 1.288811 6.199731 0.879845
v 1.312824 6.121304 0.764186
v 1.386019 6.138600 0.767653
v 1.362006 6.217030 0.883312
v 1.182426 6.571750 0.539430
v 1.186070 6.559862 0.521452
v 1.197022 6.563691 0.521141
v 1.193379 6.575578 0.539118
v 0.035544 4.867246 2.500457
v 0.070326 4.836311 2.319675
v 0.175255 4.816859 2.343192
v 0.140473 4.847793 2.523974
v 0.068970 4.987069 2.477229
v 0.107207 5.001764 2.341270
v 0.217423 4.945315 2.349766
v 0.176573 4.969867 2.496852
v 0.108838 5.079029 2.562414
v 0.124904 5.153108 2.508821
v 0.229968 5.189688 2.548054
v 0.226251 5.059124 2.550465
v 0.110675 5.113687 2.721778
v 0.114377 5.255406 2.675230
v 0.224541 5.251669 2.672614
v 0.220839 5.109950 2.719162
v 0.665233 5.180322 2.135221
v 0.693770 5.100623 2.101988
v 0.766364 5.082832 2.146242
v 0.734964 5.201937 2.200577
v 0.801276 5.323485 1.985031
v 0.820826 5.191901 1.904923
v 0.913234 5.167751 1.967140
v 0.893684 5.299337 2.047249
v 0.885183 5.367686 1.900542
v 0.905005 5.258708 1.831676
v 0.975663 5.248576 1.876899
v 0.963538 5.361782 1.939201
v 1.001073 5.465495 1.858865
v 1.032301 5.400504 1.725210
v 1.068224 5.351830 1.780332
v 1.054419 5.425681 1.874838
v 1.315966 5.820053 1.651852
v 1.329831 5.755392 1.544712
v 1.393501 5.707055 1.589152
v 1.380365 5.781926 1.688615
v 1.479854 5.950310 1.192061
v 1.487482 5.826273 1.170627
v 1.557308 5.814493 1.214620
v 1.550419 5.952640 1.231293
v 1.568440 5.988355 1.040396
v 1.575357 5.824418 1.032273
v 1.634395 5.819558 1.060396
v 1.627012 5.991237 1.068621
v 1.586452 6.061044 0.954901
v 1.603199 5.988407 0.868390
v 1.662522 5.997402 0.874742
v 1.641817 6.072482 0.962268
v 1.564361 6.143932 0.888855
v 1.586059 6.071613 0.786067
v 1.657611 6.089578 0.788531
v 1.635914 6.161897 0.891320
v 0.025106 5.760505 3.083296
v 0.026469 5.763391 3.069716
v 0.040139 5.769539 3.072394
v 0.038776 5.766654 3.085974
v 0.198532 5.177842 2.562438
v 0.224760 5.227098 2.450620
v 0.316406 5.174122 2.419796
v 0.296508 5.110913 2.510067
v 0.273419 5.247609 2.659220
v 0.289383 5.343658 2.555484
v 0.400434 5.279233 2.512922
v 0.384470 5.183184 2.616657
v 0.429428 6.154610 2.611615
v 0.425058 6.140777 2.580672
v 0.451524 6.144009 2.575490
v 0.455893 6.157841 2.606433
v 0.557815 5.148836 2.181391
v 0.562770 5.023866 2.178338
v 0.607016 5.028775 2.269094
v 0.615872 5.156690 2.273431
v 0.405481 5.163662 2.207526
v 0.409374 4.987157 2.219876
v 0.463945 4.998513 2.364974
v 0.460052 5.175018 2.352624
v 0.248940 5.140928 2.295325
v 0.271398 5.001686 2.289767
v 0.308407 5.020457 2.426722
v 1.471174 6.450419 0.549798
v 1.472195 6.447316 0.546507
v 1.489492 6.457338 0.542425
v 1.488471 6.460441 0.545716
v 0.760557 5.137508 2.101577
v 0.763047 5.158201 2.244989
v 1.053965 6.112611 1.789788
v 1.060286 6.103193 1.769115
v 1.071104 6.106982 1.770697
v 1.064784 6.116401 1.791369
v 1.603821 5.852272 0.884567
v 1.589088 5.787284 0.984662
v 1.645909 5.774529 0.991707
v 1.664310 5.841913 0.890662
v 1.581388 5.768812 0.823041
v 1.562333 5.708051 0.936713
v 1.637456 5.688239 0.938716
v 1.656511 5.749000 0.825044
v 1.563026 5.694403 0.796877
v 1.548230 5.647220 0.885145
v 1.622297 5.627686 0.887119
v 1.637094 5.674869 0.798851
v 1.723433 5.539595 0.504754
v 1.731932 5.514964 0.498746
v 1.748598 5.517723 0.511009
v 1.740098 5.542355 0.517018
v 1.423495 5.948452 1.614200
v 1.466501 5.922116 1.514127
v 1.524795 5.891493 1.534629
v 1.493928 5.895106 1.634982
v 1.613176 6.411768 1.527243
v 1.622367 6.392804 1.470066
v 1.672477 6.399915 1.467839
v 1.661436 6.427505 1.526654
v 1.648039 6.457742 1.430201
v 1.665805 6.473707 1.433363
v 1.666288 6.487628 1.462025
v 1.676526 6.602351 1.342594
v 1.681031 6.580351 1.322567
v 1.696108 6.579947 1.326402
v 1.691603 6.601947 1.346429
v 1.581872 6.511122 1.481120
v 1.595179 6.493423 1.429553
v 1.631130 6.521598 1.431181
v 1.617603 6.526268 1.482513
v 1.547969 6.575968 1.455670
v 1.558923 6.556363 1.400589
v 1.599319 6.577043 1.401263
v 1.588364 6.596647 1.456344
v 1.416369 6.867840 1.306310
v 1.420740 6.860019 1.284334
v 1.436857 6.868269 1.284603
v 1.432486 6.876091 1.306579
v 0.892482 5.083994 1.550287
v 0.887330 5.027716 1.629803
v 0.926141 5.066257 1.637226
v 0.955551 5.155627 1.609282
v 0.990144 5.013863 1.491861
v 0.970802 4.956507 1.582009
v 1.040326 4.986963 1.596659
v 1.052996 5.057188 1.529225
v 1.057413 5.025417 1.424141
v 1.065778 4.928203 1.395712
v 1.121512 4.911653 1.427021
v 1.115949 5.028082 1.466951
v 1.138474 5.093118 1.205327
v 1.146211 5.008625 1.179674
v 1.207992 5.008066 1.200039
v 1.200243 5.092560 1.225668
v 1.049573 5.225410 0.817336
v 1.053290 5.185610 0.799688
v 1.083487 5.192214 0.791152
v 1.079776 5.232012 0.808807
v 0.997634 4.878675 1.452218
v 0.977619 4.856286 1.535021
v 1.039487 4.844758 1.530429
v 1.051601 4.839513 1.455811
v 0.961359 4.796613 1.442934
v 0.948860 4.785440 1.512093
v 0.994161 4.759747 1.516130
v 1.006660 4.770919 1.446970
v 0.941068 4.744879 1.441788
v 0.932283 4.737027 1.490398
v 0.964124 4.718966 1.493236
v 0.972909 4.726820 1.444625
v 0.892094 5.213832 1.644761
v 0.865329 5.147455 1.717655
v 0.950636 5.149795 1.719510
v 0.961578 5.211937 1.649106
v 0.919263 5.335957 1.745248
v 0.974946 5.228503 1.810946
v 0.996505 5.313552 1.726272
v 0.815049 5.079564 1.572122
v 0.792780 5.058648 1.650625
v 0.845998 5.027709 1.652681
v 0.863311 5.029691 1.574922
v 0.740438 4.997912 1.540553
v 0.725011 4.983907 1.625956
v 0.774520 4.942578 1.628121
v 0.789947 4.956584 1.542719
v 0.521047 4.703950 1.477732
v 0.514150 4.697689 1.515911
v 0.536283 4.679214 1.516879
v 0.543180 4.685474 1.478699
v 0.930281 5.453667 1.810875
v 0.966228 5.407943 1.722294
v 0.712725 6.393053 1.488095
v 0.714823 6.390871 1.464921
v 0.729758 6.399295 1.465480
v 0.727659 6.401478 1.488654
v 1.422273 5.926950 1.350665
v 1.414071 5.800548 1.321538
v 1.498815 5.789703 1.350011
v 1.496749 5.927804 1.372709
v 1.385485 5.895391 1.504067
v 1.388287 5.777664 1.478046
v 1.479668 5.796405 1.511631
v 1.249089 5.805342 0.976928
v 1.259135 5.680251 0.946583
v 1.323650 5.690482 0.925767
v 1.313603 5.815573 0.956112
v 0.977159 6.127597 0.087129
v 0.976293 6.094825 0.066755
v 0.996045 6.097328 0.061889
v 0.996911 6.130100 0.082264
v 1.424720 5.868727 1.184332
v 1.460592 5.760396 1.289754
v 1.189500 6.547012 0.562011
v 1.194458 6.530840 0.537552
v 1.209359 6.536049 0.537127
v 1.204401 6.552222 0.561587
v 0.107222 5.083783 2.589515
v 0.110291 5.201238 2.550936
v 0.213217 5.192343 2.554584
v 0.215984 5.080093 2.586933
v 0.306454 5.120482 2.532295
v 0.316400 5.192518 2.440814
v 0.222282 5.258139 2.482221
v 0.215357 5.184127 2.564284
v 0.980732 5.125962 1.581332
v 0.968488 5.070984 1.657375
v 0.906294 5.039888 1.617294
v 0.925789 5.096213 1.550977
v 1.353766 5.715444 0.970777
v 1.334029 5.825344 0.998063
v 1.279416 5.804460 1.040275
v 1.296167 5.694983 1.009665
v 1.413037 5.764570 1.059363
v 1.369051 5.723978 1.133818
v 1.339104 5.802726 1.164948
v 1.374229 5.844574 1.080629
v -0.202234 4.770585 2.471249
v -0.167452 4.739651 2.290467
v -0.243355 4.720227 2.279186
v -0.278137 4.751162 2.459969
v -0.440839 5.143460 2.741108
v -0.426224 5.261220 2.676234
v -0.497511 5.251829 2.643129
v -0.512125 5.134069 2.708003
v -1.029466 6.273427 0.185127
v -1.026372 6.259550 0.168034
v -1.082054 6.280077 0.141290
v -1.085148 6.293954 0.158382
v -0.552532 5.351273 2.916276
v -0.530372 5.391457 2.851777
v -0.625457 5.399151 2.823903
v -0.647617 5.358967 2.888402
v -0.461505 5.769719 2.996632
v -0.459159 5.771745 2.987591
v -0.468010 5.774993 2.986023
v -0.470355 5.772966 2.995063
v -0.772774 5.386137 2.594604
v -0.736038 5.426411 2.511250
v -0.797593 5.397996 2.470392
v -0.834329 5.357721 2.553747
v -0.813547 5.677128 2.585672
v -0.763203 5.659596 2.501543
v -0.831349 5.656664 2.461375
v -0.881692 5.674196 2.545504
v -0.691626 6.149014 2.386549
v -0.677929 6.137885 2.363530
v -0.697435 6.139154 2.351309
v -0.711133 6.150283 2.374329
v -0.939691 6.374892 0.090165
v -0.939412 6.372933 0.088034
v -0.951422 6.379899 0.080063
v -0.951701 6.381858 0.082194
v -0.985941 5.297396 1.789902
v -0.972187 5.247244 1.695862
v -1.032714 5.205463 1.709290
v -1.046468 5.255616 1.803331
v -1.130559 5.590011 1.626009
v -1.123355 5.558179 1.555347
v -1.189415 5.553608 1.550671
v -1.196619 5.585440 1.621333
v -0.975681 6.063976 1.399183
v -0.973735 6.055501 1.380182
v -0.982076 6.057820 1.378294
v -0.984022 6.066295 1.397295
v -1.042043 5.534908 0.290262
v -1.047004 5.486090 0.346151
v -1.120468 5.476335 0.331109
v -1.115508 5.525153 0.275221
v -1.048596 5.400890 0.115717
v -1.052798 5.340973 0.124429
v -1.113872 5.346284 0.131498
v -1.109670 5.406201 0.122787
v -1.113801 5.446611 -0.045320
v -1.117074 5.426485 -0.052026
v -1.131072 5.427506 -0.048260
v -1.127799 5.447634 -0.041555
v -1.446678 6.114640 1.048910
v -1.421588 6.088369 0.940156
v -1.504389 6.063320 0.927105
v -1.529478 6.089592 1.035859
v -1.436160 6.509089 0.740631
v -1.432495 6.491192 0.724340
v -1.442754 6.490211 0.723111
v -1.446418 6.508106 0.739401
v -1.185471 6.799318 0.811746
v -1.181607 6.792402 0.792316
v -1.195447 6.798711 0.787318
v -1.199311 6.805627 0.806748
v -0.791908 5.037459 0.796629
v -0.784228 4.964801 0.769527
v -0.838160 4.966428 0.750500
v -0.846111 5.039221 0.777762
v -0.556466 5.182731 0.491549
v -0.551374 5.145886 0.475478
v -0.575106 5.150229 0.458092
v -0.580255 5.187094 0.474179
v -0.640167 4.644754 1.149363
v -0.645704 4.639806 1.180001
v -0.664251 4.627069 1.174591
v -0.658714 4.632018 1.143953
v -0.251520 4.644474 1.331272
v -0.257442 4.639065 1.364089
v -0.274378 4.621910 1.358216
v -0.268447 4.627295 1.325379
v -0.836243 5.742787 1.270358
v -0.811332 5.704628 1.156997
v -0.896748 5.718627 1.133515
v -0.921659 5.756786 1.246876
v -0.566606 6.368286 1.247437
v -0.560786 6.366482 1.227532
v -0.573852 6.373059 1.223115
v -0.579673 6.374864 1.243020
v -0.554585 5.829136 0.217924
v -0.536715 5.737120 0.182050
v -0.579307 5.741233 0.150282
v -0.597178 5.833249 0.186155
v -0.282816 6.099775 -0.175643
v -0.273555 6.070824 -0.191990
v -0.288576 6.071916 -0.202433
v -0.297837 6.100867 -0.186085
v -0.880070 6.123607 0.475581
v -0.855483 6.045198 0.360029
v -0.926014 6.057451 0.336706
v -0.950602 6.135859 0.452258
v -0.683786 6.506248 0.191581
v -0.679902 6.494370 0.173648
v -0.690242 6.497451 0.169368
v -0.694125 6.509330 0.187301
v -0.206717 4.858742 2.455301
v -0.171935 4.827808 2.274519
v -0.276720 4.800995 2.258947
v -0.311503 4.831929 2.439729
v -0.237582 4.976309 2.420090
v -0.225235 4.990095 2.279305
v -0.327029 4.926207 2.248284
v -0.343607 4.951609 2.399894
v -0.311566 5.064274 2.484053
v -0.312250 5.137764 2.427338
v -0.426614 5.166642 2.425672
v -0.415175 5.036610 2.430907
v -0.372969 5.096711 2.631630
v -0.369267 5.238431 2.585082
v -0.470585 5.227271 2.543047
v -0.474287 5.085551 2.589596
v -0.682461 5.133020 1.884020
v -0.691657 5.051996 1.843754
v -0.773928 5.028769 1.859143
v -0.772331 5.149033 1.919628
v -0.764712 5.268521 1.693142
v -0.745161 5.136936 1.613034
v -0.851904 5.105798 1.638131
v -0.871454 5.237383 1.718239
v -0.815383 5.307999 1.583568
v -0.801664 5.198807 1.513565
v -0.883001 5.183340 1.530457
v -0.901808 5.296311 1.591514
v -0.914856 5.398249 1.501749
v -0.891417 5.332984 1.366642
v -0.941382 5.281297 1.405756
v -0.967547 5.354712 1.497958
v -1.157412 5.733241 1.190832
v -1.127379 5.669147 1.086705
v -1.199344 5.616050 1.105864
v -1.227984 5.690376 1.202438
v -1.153293 5.857890 0.701260
v -1.144274 5.733902 0.680086
v -1.224282 5.716864 0.696151
v -1.233232 5.854938 0.712440
v -1.183729 5.891758 0.527411
v -1.176135 5.727844 0.519415
v -1.240862 5.718641 0.524468
v -1.248585 5.890308 0.532630
v -1.174651 5.964133 0.440251
v -1.154182 5.891627 0.354434
v -1.212281 5.896501 0.338899
v -1.229597 5.971699 0.427057
v -1.135945 6.049155 0.385537
v -1.114247 5.976837 0.282749
v -1.182935 5.989879 0.259073
v -1.204632 6.062198 0.361862
v -0.467260 5.743224 2.991522
v -0.463837 5.746181 2.978326
v -0.477938 5.751355 2.975828
v -0.481361 5.748398 2.989024
v -0.401734 5.156774 2.450552
v -0.389242 5.205548 2.336175
v -0.459841 5.146876 2.275110
v -0.469526 5.084026 2.367283
v -0.510974 5.220078 2.513015
v -0.495009 5.316128 2.409279
v -0.578667 5.244868 2.330424
v -0.594631 5.148818 2.434160
v -0.700475 6.114951 2.401009
v -0.684337 6.101838 2.373888
v -0.707319 6.103334 2.359489
v -0.723458 6.116446 2.386611
v -0.596983 5.108305 1.966145
v -0.592028 4.983335 1.963091
v -0.666192 4.984087 2.031777
v -0.684660 5.111043 2.031021
v -0.465638 5.133087 2.045156
v -0.461744 4.956582 2.057506
v -0.565508 4.962380 2.173092
v -0.569401 5.138885 2.160742
v -0.350022 5.119905 2.183683
v -0.359485 4.979543 2.172175
v -0.444478 4.994032 2.286390
v -0.947990 6.365510 0.098883
v -0.947546 6.362387 0.095484
v -0.962852 6.371264 0.085326
v -0.963296 6.374387 0.088724
v -0.756157 5.084273 1.818872
v -0.811482 5.102937 1.951508
v -0.983066 6.041114 1.410100
v -0.980870 6.031551 1.388658
v -0.991763 6.034578 1.386192
v -0.993959 6.044142 1.407634
v -1.151358 5.755569 0.371021
v -1.169263 5.690470 0.470525
v -1.223809 5.673807 0.456812
v -1.209137 5.741059 0.355071
v -1.102689 5.674604 0.322748
v -1.121744 5.613844 0.436420
v -1.191028 5.588963 0.411506
v -1.171973 5.649724 0.297835
v -1.071145 5.601947 0.305886
v -1.085942 5.554764 0.394154
v -1.154252 5.530233 0.369590
v -1.139456 5.577415 0.281322
v -1.104804 5.440328 -0.022409
v -1.108882 5.415256 -0.030762
v -1.128990 5.416724 -0.025353
v -1.124912 5.441796 -0.017000
v -1.252625 5.854524 1.115390
v -1.254849 5.826601 1.006886
v -1.314397 5.791841 1.005423
v -1.322030 5.796270 1.110108
v -1.429236 6.304983 0.960158
v -1.415929 6.286164 0.903749
v -1.462239 6.289890 0.883550
v -1.474998 6.317421 0.942045
v -1.429873 6.349711 0.856500
v -1.448624 6.364394 0.852855
v -1.460331 6.377889 0.879245
v -1.434656 6.493153 0.762692
v -1.430151 6.471152 0.742665
v -1.445533 6.469680 0.740822
v -1.450037 6.491680 0.760849
v -1.390241 6.406806 0.927139
v -1.382869 6.388898 0.874466
v -1.418818 6.414549 0.862692
v -1.425018 6.419477 0.915389
v -1.353928 6.474115 0.914777
v -1.342973 6.454511 0.859695
v -1.382207 6.472396 0.845527
v -1.393162 6.492001 0.900609
v -1.197500 6.776097 0.819103
v -1.193129 6.768276 0.797127
v -1.208782 6.775412 0.791474
v -1.213153 6.783234 0.813450
v -0.676917 5.028910 1.257762
v -0.696923 4.972111 1.334509
v -0.739524 5.007824 1.333438
v -0.761688 5.095355 1.289201
v -0.742020 4.953066 1.168997
v -0.752574 4.896018 1.260784
v -0.824605 4.921506 1.249048
v -0.816888 4.991558 1.180692
v -0.781032 4.960891 1.081468
v -0.771999 4.863699 1.053164
v -0.834007 4.843017 1.062526
v -0.851088 4.959042 1.100309
v -0.787137 5.027142 0.850162
v -0.779202 4.942501 0.824298
v -0.843960 4.937528 0.821319
v -0.851724 5.022083 0.847100
v -0.577001 5.169890 0.518435
v -0.571541 5.130151 0.501104
v -0.597126 5.134830 0.482341
v -0.602579 5.174566 0.499670
v -0.725564 4.818192 1.131026
v -0.735218 4.796168 1.215760
v -0.790357 4.780533 1.189359
v -0.774423 4.775422 1.115453
v -0.682907 4.738901 1.136454
v -0.695406 4.727729 1.205614
v -0.737273 4.698977 1.193405
v -0.724774 4.710148 1.124243
v -0.660108 4.688680 1.143340
v -0.668893 4.680827 1.191950
v -0.698320 4.660618 1.183368
v -0.689535 4.668470 1.134757
v -0.719350 5.157272 1.344399
v -0.716176 5.091947 1.422874
v -0.796384 5.088476 1.393878
v -0.785443 5.150619 1.323474
v -0.789066 5.275997 1.426828
v -0.857241 5.164195 1.469439
v -0.852597 5.248652 1.381612
v -0.612418 5.029463 1.306053
v -0.618528 5.009113 1.387567
v -0.666693 4.974616 1.370726
v -0.656160 4.976389 1.298384
v -0.526097 4.953459 1.304480
v -0.541524 4.939453 1.389883
v -0.585574 4.894841 1.374610
v -0.570147 4.908847 1.289207
v -0.279418 4.675855 1.328531
v -0.286314 4.669594 1.366710
v -0.306007 4.649650 1.359882
v -0.299110 4.655910 1.321702
v -0.830910 5.391851 1.482601
v -0.829387 5.344919 1.387604
v -0.575966 6.347822 1.247892
v -0.569431 6.345796 1.225545
v -0.584101 6.353180 1.220586
v -0.590635 6.355207 1.242933
v -1.155200 5.836485 0.870242
v -1.128521 5.711306 0.847616
v -1.216891 5.694386 0.843823
v -1.232493 5.832011 0.863997
v -1.174029 5.805555 1.026991
v -1.159296 5.688248 1.003194
v -1.257686 5.700327 1.001408
v -0.851318 5.731620 0.585427
v -0.841271 5.606530 0.555082
v -0.894508 5.612628 0.512318
v -0.904554 5.737719 0.542663
v -0.299923 6.082773 -0.150910
v -0.289565 6.050395 -0.169192
v -0.306364 6.051615 -0.180871
v -0.316722 6.083994 -0.162588
v -1.093678 5.780334 0.714921
v -1.157654 5.668499 0.801731
v -0.696818 6.480805 0.210415
v -0.691534 6.464644 0.186016
v -0.705601 6.468837 0.180192
v -0.710885 6.484998 0.204591
v -0.320136 5.068783 2.509859
v -0.317068 5.186238 2.471279
v -0.413555 5.170343 2.437757
v -0.420165 5.057765 2.468359
v -0.487428 5.092618 2.384321
v -0.468646 5.164965 2.294487
v -0.400410 5.236283 2.366156
v -0.418480 5.161880 2.446141
v -0.773053 5.064406 1.254439
v -0.785297 5.009428 1.330481
v -0.710893 4.983127 1.315862
v -0.708987 5.038835 1.246266
v -0.940420 5.634921 0.543157
v -0.939319 5.745552 0.574327
v -0.902273 5.727885 0.633623
v -0.899429 5.617921 0.600421
v -1.030781 5.678796 0.603853
v -1.013890 5.640341 0.689654
v -1.002561 5.720536 0.728478
v -1.007740 5.760970 0.636647
vt 0.672708 0.350629
vt 0.689103 0.362643
vt 0.660104 0.369838
vt 0.709360 0.356586
vt 0.710371 0.368680
vt 0.765645 0.562743
vt 0.743694 0.564060
vt 0.756864 0.553317
vt 0.637174 0.379768
vt 0.647311 0.355858
vt 0.678897 0.339722
vt 0.698856 0.499557
vt 0.705917 0.518302
vt 0.697345 0.520597
vt 0.065226 0.196488
vt 0.062469 0.213631
vt 0.021303 0.199774
vt 0.022005 0.196831
vt 0.719068 0.493126
vt 0.730403 0.487328
vt 0.728369 0.497594
vt 0.519713 0.051794
vt 0.511403 0.048135
vt 0.532356 0.014565
vt 0.539519 0.019086
vt 0.533845 0.057864
vt 0.541982 0.019970
vt 0.542607 0.060408
vt 0.550167 0.021079
vt 0.537882 0.073630
vt 0.530065 0.072378
vt 0.512986 0.068083
vt 0.505466 0.063116
vt 0.080624 0.201205
vt 0.076961 0.216314
vt 0.530823 0.091985
vt 0.539243 0.088672
vt 0.552799 0.108778
vt 0.543603 0.115840
vt 0.508983 0.107326
vt 0.526518 0.127549
vt 0.503105 0.114595
vt 0.515597 0.133177
vt 0.091057 0.222698
vt 0.110593 0.211809
vt 0.119954 0.232066
vt 0.106001 0.242072
vt 0.730385 0.613853
vt 0.735980 0.596631
vt 0.745467 0.620159
vt 0.727556 0.623944
vt 0.098241 0.195041
vt 0.112232 0.203540
vt 0.735668 0.582232
vt 0.732029 0.565043
vt 0.764102 0.582041
vt 0.839352 0.560782
vt 0.843201 0.582414
vt 0.764017 0.595040
vt 0.843448 0.592582
vt 0.497066 0.102907
vt 0.495257 0.084176
vt 0.766629 0.614806
vt 0.845426 0.610023
vt 0.767462 0.628694
vt 0.841561 0.621363
vt 0.684241 0.500664
vt 0.679705 0.481788
vt 0.694345 0.478729
vt 0.713158 0.474918
vt 0.726480 0.469448
vt 0.664235 0.504272
vt 0.658973 0.487656
vt 0.708733 0.435252
vt 0.702735 0.445550
vt 0.699001 0.436969
vt 0.654145 0.452071
vt 0.666613 0.445478
vt 0.683076 0.443711
vt 0.675836 0.420752
vt 0.688039 0.434773
vt 0.889197 0.768281
vt 0.877967 0.774957
vt 0.863822 0.763799
vt 0.817308 0.178798
vt 0.819441 0.168267
vt 0.838113 0.170444
vt 0.834153 0.185649
vt 0.642282 0.595985
vt 0.654392 0.598235
vt 0.643357 0.599276
vt 0.809761 0.200029
vt 0.826376 0.206045
vt 0.803590 0.211888
vt 0.819779 0.222794
vt 0.821820 0.147265
vt 0.841053 0.147265
vt 0.858948 0.174048
vt 0.854649 0.192417
vt 0.847646 0.212212
vt 0.842751 0.229863
vt 0.862892 0.153676
vt 0.697683 0.337327
vt 0.696246 0.321621
vt 0.710848 0.316541
vt 0.714640 0.329511
vt 0.725847 0.350635
vt 0.609205 0.367204
vt 0.605629 0.384890
vt 0.586798 0.383666
vt 0.586740 0.369581
vt 0.604732 0.347432
vt 0.586844 0.345412
vt 0.921680 0.698411
vt 0.900752 0.687933
vt 0.920514 0.687569
vt 0.721818 0.315101
vt 0.724696 0.324430
vt 0.735861 0.345270
vt 0.574823 0.381320
vt 0.575090 0.370556
vt 0.874408 0.731173
vt 0.889293 0.738831
vt 0.862521 0.742256
vt 0.574823 0.345540
vt 0.542484 0.698403
vt 0.546543 0.708314
vt 0.532811 0.703441
vt 0.519104 0.314505
vt 0.515488 0.313257
vt 0.516613 0.312008
vt 0.519618 0.312333
vt 0.314387 0.172862
vt 0.313895 0.167523
vt 0.316719 0.167274
vt 0.317218 0.172585
vt 0.919388 0.707239
vt 0.905747 0.714177
vt 0.003232 0.860461
vt 0.000350 0.860532
vt 0.000298 0.858416
vt 0.003181 0.858346
vt 0.990472 0.656365
vt 0.988724 0.654438
vt 0.989707 0.651667
vt 0.993736 0.655106
vt 0.895641 0.798287
vt 0.897327 0.793763
vt 0.898980 0.793662
vt 0.901073 0.798631
vt 0.931716 0.713085
vt 0.942738 0.719458
vt 0.932796 0.724949
vt 0.729183 0.750542
vt 0.728831 0.757651
vt 0.723593 0.757385
vt 0.723978 0.750267
vt 0.577692 0.569042
vt 0.574823 0.568458
vt 0.575269 0.566269
vt 0.578137 0.566853
vt 0.601910 0.538809
vt 0.602128 0.535105
vt 0.603700 0.535196
vt 0.603481 0.538902
vt 0.404673 0.093091
vt 0.404055 0.094473
vt 0.402164 0.095115
vt 0.403031 0.091504
vt 0.240874 0.851435
vt 0.237800 0.851436
vt 0.237800 0.850132
vt 0.240874 0.850132
vt 0.547193 0.001747
vt 0.547015 0.001675
vt 0.547662 0.000298
vt 0.548030 0.000483
vt 0.584352 0.010423
vt 0.580109 0.009836
vt 0.580575 0.006464
vt 0.584818 0.007050
vt 0.539637 0.146522
vt 0.531078 0.156122
vt 0.528290 0.147298
vt 0.896953 0.719055
vt 0.882138 0.714630
vt 0.886374 0.707062
vt 0.916236 0.717116
vt 0.724700 0.152931
vt 0.724172 0.154171
vt 0.722931 0.153643
vt 0.723459 0.152403
vt 0.667658 0.349781
vt 0.658922 0.345681
vt 0.657611 0.342011
vt 0.659224 0.364394
vt 0.121495 0.243819
vt 0.675327 0.335081
vt 0.679444 0.323478
vt 0.682279 0.324774
vt 0.630729 0.337419
vt 0.653419 0.333892
vt 0.653187 0.329688
vt 0.552958 0.712003
vt 0.548621 0.721817
vt 0.544595 0.725548
vt 0.651917 0.352897
vt 0.617293 0.332961
vt 0.616831 0.329603
vt 0.633156 0.329363
vt 0.556937 0.134415
vt 0.708047 0.412799
vt 0.694427 0.412794
vt 0.721395 0.517049
vt 0.638890 0.433147
vt 0.657921 0.425468
vt 0.117330 0.267735
vt 0.102964 0.263570
vt 0.685949 0.520999
vt 0.667964 0.519367
vt 0.533066 0.730111
vt 0.520044 0.729419
vt 0.517840 0.708979
vt 0.565675 0.128016
vt 0.618610 0.390344
vt 0.901174 0.767498
vt 0.904589 0.743655
vt 0.926066 0.749558
vt 0.916789 0.771932
vt 0.564881 0.730725
vt 0.582199 0.733407
vt 0.580763 0.754556
vt 0.561149 0.754223
vt 0.891003 0.693101
vt 0.931231 0.729809
vt 0.754656 0.630514
vt 0.880778 0.700473
vt 0.733451 0.512751
vt 0.491628 0.076118
vt 0.639928 0.578028
vt 0.641505 0.569783
vt 0.657534 0.571819
vt 0.657147 0.580947
vt 0.569138 0.718319
vt 0.583783 0.719818
vt 0.638676 0.583648
vt 0.655151 0.588024
vt 0.855291 0.620364
vt 0.844904 0.630515
vt 0.643346 0.591733
vt 0.580497 0.767302
vt 0.562844 0.764915
vt 0.496394 0.110829
vt 0.653294 0.605835
vt 0.636737 0.606011
vt 0.674486 0.529299
vt 0.661286 0.528153
vt 0.635424 0.590986
vt 0.575740 0.545825
vt 0.579920 0.540862
vt 0.598171 0.538761
vt 0.598116 0.540908
vt 0.728357 0.154191
vt 0.728879 0.152131
vt 0.782756 0.160894
vt 0.780107 0.172043
vt 0.727620 0.155964
vt 0.776888 0.180096
vt 0.726447 0.157786
vt 0.769943 0.191488
vt 0.729012 0.150146
vt 0.783980 0.150652
vt 0.725008 0.151609
vt 0.725081 0.150249
vt 0.723423 0.155301
vt 0.739965 0.021933
vt 0.743186 0.000298
vt 0.764635 0.006701
vt 0.760211 0.025084
vt 0.727030 0.079895
vt 0.733166 0.060179
vt 0.754175 0.064090
vt 0.748536 0.083623
vt 0.737512 0.040961
vt 0.757261 0.044957
vt 0.696080 0.020906
vt 0.696852 0.005737
vt 0.694389 0.031626
vt 0.691035 0.045336
vt 0.686979 0.057045
vt 0.657707 0.014095
vt 0.659353 0.000298
vt 0.650123 0.047879
vt 0.653428 0.036648
vt 0.656112 0.024246
vt 0.590392 0.007526
vt 0.590516 0.002499
vt 0.589817 0.011488
vt 0.588600 0.016254
vt 0.587172 0.019979
vt 0.584904 0.002768
vt 0.582087 0.017684
vt 0.583309 0.014533
vt 0.624213 0.412988
vt 0.647487 0.403729
vt 0.691794 0.389263
vt 0.712500 0.390593
vt 0.667163 0.394670
vt 0.002238 0.192404
vt 0.002430 0.191803
vt 0.547035 0.002883
vt 0.549218 0.002171
vt 0.546536 0.002709
vt 0.545239 0.000298
vt 0.000298 0.191662
vt 0.000419 0.191285
vt 0.323758 0.845553
vt 0.322880 0.834263
vt 0.378291 0.830177
vt 0.378151 0.846459
vt 0.323786 0.854832
vt 0.377914 0.856588
vt 0.323229 0.865431
vt 0.377096 0.872086
vt 0.321790 0.874787
vt 0.376001 0.882200
vt 0.244150 0.857010
vt 0.244492 0.855278
vt 0.244779 0.851558
vt 0.244751 0.849909
vt 0.244387 0.846578
vt 0.240601 0.847116
vt 0.240228 0.855970
vt 0.240511 0.854638
vt 0.105329 0.182458
vt 0.119751 0.192784
vt 0.484521 0.113168
vt 0.483361 0.103494
vt 0.479872 0.087935
vt 0.477999 0.078608
vt 0.113254 0.174794
vt 0.124453 0.182812
vt 0.474339 0.114276
vt 0.472951 0.104379
vt 0.469980 0.091067
vt 0.467820 0.081132
vt 0.120562 0.167716
vt 0.129952 0.171501
vt 0.462936 0.116364
vt 0.462682 0.105586
vt 0.461024 0.093984
vt 0.458907 0.082002
vt 0.427862 0.095939
vt 0.427217 0.087151
vt 0.126154 0.138272
vt 0.133988 0.135646
vt 0.424573 0.112821
vt 0.426823 0.104588
vt 0.407061 0.092760
vt 0.406545 0.090047
vt 0.112821 0.122051
vt 0.115399 0.119482
vt 0.404348 0.098323
vt 0.406262 0.096000
vt 0.110647 0.119362
vt 0.112717 0.117299
vt 0.684572 0.604318
vt 0.686971 0.592421
vt 0.681731 0.614933
vt 0.687534 0.581957
vt 0.686903 0.566804
vt 0.607832 0.535013
vt 0.607562 0.539571
vt 0.602413 0.533570
vt 0.598139 0.534676
vt 0.598472 0.532443
vt 0.601999 0.540302
vt 0.629054 0.575448
vt 0.630643 0.567496
vt 0.623833 0.594936
vt 0.625716 0.588949
vt 0.634705 0.597471
vt 0.627719 0.581271
vt 0.581362 0.569943
vt 0.581871 0.567469
vt 0.582250 0.564183
vt 0.579497 0.575424
vt 0.580420 0.573092
vt 0.578468 0.563945
vt 0.576047 0.573904
vt 0.576864 0.571838
vt 0.818232 0.764127
vt 0.817006 0.748643
vt 0.628404 0.756117
vt 0.627549 0.766874
vt 0.629784 0.739967
vt 0.630728 0.728887
vt 0.641312 0.740552
vt 0.639846 0.757387
vt 0.639500 0.768306
vt 0.804710 0.764186
vt 0.804475 0.750548
vt 0.642431 0.729200
vt 0.717620 0.749586
vt 0.717131 0.757308
vt 0.717276 0.763083
vt 0.735183 0.758226
vt 0.735531 0.750567
vt 0.718440 0.743988
vt 0.723739 0.762696
vt 0.724717 0.745091
vt 0.911330 0.784936
vt 0.900704 0.781825
vt 0.893470 0.782740
vt 0.884108 0.786857
vt 0.549735 0.767556
vt 0.547471 0.759396
vt 0.906595 0.792530
vt 0.900141 0.789258
vt 0.895362 0.789730
vt 0.889542 0.793622
vt 0.540801 0.768730
vt 0.539209 0.762994
vt 0.532986 0.769755
vt 0.531984 0.766140
vt 0.508920 0.685183
vt 0.525931 0.679307
vt 0.881860 0.679646
vt 0.888047 0.672083
vt 0.868964 0.688386
vt 0.538731 0.678178
vt 0.530490 0.747733
vt 0.517111 0.745229
vt 0.933924 0.679462
vt 0.938871 0.688141
vt 0.947280 0.698887
vt 0.955057 0.705668
vt 0.514597 0.809884
vt 0.509452 0.808921
vt 0.510230 0.802447
vt 0.516212 0.803567
vt 0.984714 0.656036
vt 0.983346 0.651820
vt 0.987967 0.660205
vt 0.992429 0.662497
vt 0.106379 0.877559
vt 0.107208 0.861101
vt 0.170592 0.856916
vt 0.168176 0.880132
vt 0.105113 0.889914
vt 0.167977 0.889914
vt 0.106674 0.847976
vt 0.105387 0.829537
vt 0.168029 0.831704
vt 0.169503 0.845573
vt 0.006407 0.860456
vt 0.006300 0.858101
vt 0.005829 0.854954
vt 0.005795 0.866367
vt 0.006217 0.863888
vt 0.002809 0.855527
vt 0.002592 0.865650
vt 0.002987 0.863457
vt 0.110969 0.285046
vt 0.097608 0.281291
vt 0.557108 0.161196
vt 0.547402 0.168946
vt 0.569450 0.150616
vt 0.579512 0.144809
vt 0.471615 0.153365
vt 0.475350 0.171372
vt 0.403069 0.169420
vt 0.402497 0.153933
vt 0.472750 0.144039
vt 0.401695 0.145672
vt 0.162253 0.218449
vt 0.153979 0.200034
vt 0.225781 0.170335
vt 0.229752 0.185515
vt 0.474184 0.181881
vt 0.402888 0.177546
vt 0.322570 0.172367
vt 0.321992 0.166473
vt 0.322597 0.175561
vt 0.308522 0.167681
vt 0.309064 0.173678
vt 0.321411 0.163354
vt 0.316204 0.164491
vt 0.317238 0.175429
vt 0.515168 0.308098
vt 0.519343 0.307334
vt 0.513130 0.309001
vt 0.293706 0.225354
vt 0.293427 0.228626
vt 0.288341 0.228828
vt 0.288666 0.224330
vt 0.293587 0.230340
vt 0.288569 0.231120
vt 0.422500 0.846727
vt 0.423832 0.856318
vt 0.422841 0.829537
vt 0.426735 0.876756
vt 0.420461 0.886401
vt 0.138833 0.223195
vt 0.146226 0.240309
vt 0.135909 0.254157
vt 0.508741 0.161644
vt 0.502981 0.151048
vt 0.497012 0.139274
vt 0.157120 0.223858
vt 0.148919 0.207864
vt 0.488272 0.172659
vt 0.481073 0.184007
vt 0.482056 0.153241
vt 0.481245 0.142688
vt 0.218064 0.211012
vt 0.219267 0.231797
vt 0.493437 0.242502
vt 0.482612 0.245562
vt 0.512654 0.239209
vt 0.220390 0.241917
vt 0.576396 0.532958
vt 0.574823 0.529895
vt 0.632569 0.529895
vt 0.632054 0.539560
vt 0.859321 0.894716
vt 0.841609 0.910600
vt 0.844477 0.879793
vt 0.847536 0.858114
vt 0.834997 0.858955
vt 0.578228 0.934603
vt 0.566408 0.937699
vt 0.561309 0.922407
vt 0.857907 0.921530
vt 0.834998 0.935619
vt 0.869528 0.886687
vt 0.702783 0.891005
vt 0.681471 0.895796
vt 0.682500 0.886666
vt 0.065279 0.399534
vt 0.022314 0.395764
vt 0.021850 0.392779
vt 0.063897 0.382264
vt 0.706248 0.869317
vt 0.700237 0.860484
vt 0.710434 0.856817
vt 0.508282 0.577171
vt 0.525929 0.611188
vt 0.518467 0.615236
vt 0.499730 0.580281
vt 0.522816 0.572035
vt 0.528450 0.610467
vt 0.531745 0.570069
vt 0.536708 0.609897
vt 0.519994 0.557272
vt 0.527893 0.556536
vt 0.502632 0.560438
vt 0.494784 0.564907
vt 0.078524 0.380745
vt 0.080970 0.396063
vt 0.522048 0.537717
vt 0.536406 0.514711
vt 0.545133 0.522380
vt 0.530248 0.541586
vt 0.501225 0.520932
vt 0.520099 0.501872
vt 0.495829 0.513274
vt 0.509552 0.495519
vt 0.093049 0.375514
vt 0.109445 0.357432
vt 0.122528 0.368486
vt 0.111616 0.387891
vt 0.575925 0.875764
vt 0.591204 0.878367
vt 0.571662 0.892401
vt 0.578784 0.866243
vt 0.098002 0.403590
vt 0.112591 0.396245
vt 0.564103 0.903770
vt 0.552459 0.915698
vt 0.586786 0.918360
vt 0.650340 0.958194
vt 0.636280 0.973571
vt 0.593316 0.907904
vt 0.655696 0.950174
vt 0.489017 0.524562
vt 0.485969 0.543172
vt 0.605438 0.893397
vt 0.666129 0.937206
vt 0.613153 0.882696
vt 0.668776 0.926167
vt 0.724808 0.892408
vt 0.723938 0.907872
vt 0.703905 0.906142
vt 0.725803 0.872556
vt 0.729345 0.858071
vt 0.721133 0.930014
vt 0.703297 0.927193
vt 0.767097 0.870952
vt 0.766846 0.881181
vt 0.757483 0.878687
vt 0.763147 0.915662
vt 0.758326 0.929453
vt 0.762407 0.898531
vt 0.770791 0.892065
vt 0.787038 0.902387
vt 0.399039 0.644384
vt 0.373500 0.648266
vt 0.387928 0.637437
vt 0.673630 0.184346
vt 0.691538 0.187504
vt 0.686804 0.202485
vt 0.669835 0.194397
vt 0.496253 0.845297
vt 0.498789 0.843207
vt 0.507101 0.849655
vt 0.678532 0.162353
vt 0.695801 0.166097
vt 0.679615 0.149028
vt 0.699124 0.148405
vt 0.676965 0.223676
vt 0.660679 0.213447
vt 0.712492 0.192674
vt 0.706362 0.210514
vt 0.717091 0.172189
vt 0.722335 0.154639
vt 0.698867 0.229863
vt 0.869065 0.867081
vt 0.874437 0.848507
vt 0.888306 0.850376
vt 0.885370 0.866115
vt 0.851070 0.840309
vt 0.852202 0.962307
vt 0.853255 0.985678
vt 0.838825 0.987806
vt 0.834649 0.968714
vt 0.873141 0.963819
vt 0.877986 0.981821
vt 0.431898 0.715516
vt 0.430724 0.727144
vt 0.409323 0.726900
vt 0.878079 0.837422
vt 0.888078 0.838921
vt 0.855009 0.829224
vt 0.854065 0.997758
vt 0.843085 0.999702
vt 0.383146 0.681357
vt 0.371567 0.669809
vt 0.398590 0.674104
vt 0.879720 0.994148
vt 0.043054 0.703959
vt 0.033266 0.698323
vt 0.047688 0.693881
vt 0.292906 0.385709
vt 0.293745 0.384646
vt 0.295518 0.387065
vt 0.294015 0.388002
vt 0.311122 0.442391
vt 0.313916 0.442864
vt 0.313046 0.448127
vt 0.310242 0.447671
vt 0.414390 0.700496
vt 0.429312 0.706332
vt 0.739461 0.494856
vt 0.739336 0.496969
vt 0.736457 0.496798
vt 0.736582 0.494685
vt 0.505072 0.758533
vt 0.508540 0.759782
vt 0.504378 0.763496
vt 0.503279 0.760603
vt 0.406067 0.614441
vt 0.411506 0.614196
vt 0.409322 0.619128
vt 0.407670 0.618996
vt 0.441469 0.700800
vt 0.442923 0.687898
vt 0.452909 0.693886
vt 0.237915 0.657674
vt 0.232585 0.657800
vt 0.232455 0.650497
vt 0.237796 0.650441
vt 0.430691 0.833966
vt 0.429933 0.835950
vt 0.427332 0.834956
vt 0.428090 0.832971
vt 0.739000 0.344338
vt 0.739054 0.342848
vt 0.742569 0.342974
vt 0.742516 0.344465
vt 0.395977 0.528263
vt 0.394230 0.529742
vt 0.393602 0.526073
vt 0.395451 0.526840
vt 0.581475 0.096399
vt 0.580109 0.096368
vt 0.580182 0.093145
vt 0.581549 0.093176
vt 0.532460 0.629034
vt 0.533214 0.630354
vt 0.532834 0.630515
vt 0.532278 0.629095
vt 0.583430 0.238050
vt 0.580109 0.237484
vt 0.580821 0.233305
vt 0.584142 0.233871
vt 0.534473 0.483772
vt 0.523180 0.482243
vt 0.526552 0.473607
vt 0.393816 0.706462
vt 0.390219 0.698471
vt 0.405986 0.694906
vt 0.426027 0.697066
vt 0.581442 0.156991
vt 0.580109 0.156778
vt 0.580321 0.155445
vt 0.581654 0.155657
vt 0.870487 0.908836
vt 0.866526 0.908064
vt 0.860973 0.899754
vt 0.847319 0.910657
vt 0.124989 0.356922
vt 0.884308 0.880905
vt 0.886075 0.883607
vt 0.874834 0.889622
vt 0.879359 0.935647
vt 0.879449 0.911868
vt 0.883790 0.911454
vt 0.046426 0.675970
vt 0.050425 0.680010
vt 0.054484 0.690340
vt 0.860224 0.916355
vt 0.886008 0.948712
vt 0.887231 0.931913
vt 0.889518 0.948664
vt 0.550968 0.497023
vt 0.790190 0.868177
vt 0.792305 0.882120
vt 0.681396 0.870626
vt 0.784985 0.921463
vt 0.780072 0.942142
vt 0.108129 0.335818
vt 0.122740 0.332815
vt 0.687254 0.925703
vt 0.682815 0.907526
vt 0.034701 0.670741
vt 0.018019 0.691935
vt 0.021196 0.670884
vt 0.559280 0.503999
vt 0.827049 0.956269
vt 0.411055 0.645384
vt 0.426766 0.641162
vt 0.435821 0.663544
vt 0.414127 0.669532
vt 0.067600 0.671506
vt 0.064729 0.647101
vt 0.084985 0.647573
vt 0.085590 0.669462
vt 0.398934 0.721272
vt 0.441145 0.683177
vt 0.603821 0.874738
vt 0.387964 0.713496
vt 0.683935 0.857619
vt 0.481806 0.550990
vt 0.485222 0.858494
vt 0.500517 0.864915
vt 0.496187 0.872431
vt 0.482290 0.865912
vt 0.071473 0.684498
vt 0.086662 0.683559
vt 0.487079 0.853348
vt 0.502517 0.858227
vt 0.676072 0.920539
vt 0.679264 0.933906
vt 0.494941 0.849245
vt 0.085238 0.634407
vt 0.066921 0.636138
vt 0.488869 0.516596
vt 0.496910 0.834443
vt 0.510087 0.843007
vt 0.488212 0.845808
vt 0.740986 0.315101
vt 0.738684 0.338875
vt 0.736457 0.339405
vt 0.736457 0.319954
vt 0.585212 0.157869
vt 0.638535 0.170279
vt 0.634848 0.181129
vt 0.584558 0.159892
vt 0.585531 0.155975
vt 0.640093 0.161747
vt 0.585507 0.153807
vt 0.640271 0.148405
vt 0.630437 0.190453
vt 0.583615 0.161644
vt 0.581000 0.158275
vt 0.580339 0.159466
vt 0.581622 0.154301
vt 0.730355 0.290581
vt 0.750143 0.295904
vt 0.746740 0.314505
vt 0.724533 0.311667
vt 0.742013 0.232343
vt 0.763188 0.237648
vt 0.760429 0.257793
vt 0.739635 0.252857
vt 0.755500 0.276538
vt 0.735823 0.272190
vt 0.689815 0.273737
vt 0.684373 0.287919
vt 0.692611 0.263251
vt 0.695100 0.249358
vt 0.696135 0.237009
vt 0.647887 0.277696
vt 0.651973 0.264416
vt 0.657199 0.242064
vt 0.658728 0.230459
vt 0.654628 0.254490
vt 0.587777 0.243146
vt 0.585852 0.247792
vt 0.588856 0.239292
vt 0.589675 0.234442
vt 0.589879 0.230459
vt 0.582488 0.241322
vt 0.580831 0.245271
vt 0.584302 0.230496
vt 0.808864 0.928777
vt 0.802993 0.954045
vt 0.812232 0.860175
vt 0.816805 0.881167
vt 0.815088 0.907225
vt 0.002288 0.398592
vt 0.002431 0.399205
vt 0.532377 0.627888
vt 0.534514 0.628744
vt 0.531866 0.628029
vt 0.530410 0.630355
vt 0.000298 0.399175
vt 0.000388 0.399560
vt 0.662805 0.113450
vt 0.716815 0.119920
vt 0.714749 0.136070
vt 0.660405 0.124518
vt 0.664089 0.104261
vt 0.717953 0.109853
vt 0.664972 0.093684
vt 0.719241 0.094387
vt 0.664814 0.084219
vt 0.719526 0.084219
vt 0.585581 0.093081
vt 0.585477 0.091319
vt 0.585362 0.096806
vt 0.585111 0.098436
vt 0.584299 0.101687
vt 0.581299 0.097691
vt 0.580620 0.100642
vt 0.581449 0.091818
vt 0.104056 0.416666
vt 0.119217 0.407538
vt 0.477152 0.513472
vt 0.475351 0.523068
vt 0.470833 0.538396
vt 0.468343 0.547599
vt 0.111332 0.424917
vt 0.123105 0.417828
vt 0.467044 0.511690
vt 0.465000 0.521495
vt 0.461149 0.534609
vt 0.458332 0.544401
vt 0.118040 0.432536
vt 0.127680 0.429514
vt 0.455779 0.508847
vt 0.454812 0.519608
vt 0.452386 0.531099
vt 0.449476 0.542941
vt 0.418128 0.535695
vt 0.419354 0.526950
vt 0.128857 0.465497
vt 0.121273 0.462265
vt 0.418888 0.518233
vt 0.417183 0.509850
vt 0.397647 0.531431
vt 0.398343 0.528752
vt 0.109088 0.480105
vt 0.106727 0.477345
vt 0.397759 0.525459
vt 0.395999 0.523010
vt 0.104352 0.479848
vt 0.106247 0.482063
vt 0.534380 0.860124
vt 0.530255 0.870883
vt 0.537499 0.850175
vt 0.525384 0.879554
vt 0.517183 0.891379
vt 0.743180 0.339001
vt 0.745390 0.339644
vt 0.744020 0.343349
vt 0.742778 0.348375
vt 0.738455 0.348218
vt 0.737603 0.343135
vt 0.475183 0.855024
vt 0.472405 0.862216
vt 0.480931 0.836727
vt 0.490943 0.840240
vt 0.479387 0.842491
vt 0.477079 0.849672
vt 0.433244 0.837362
vt 0.434097 0.835115
vt 0.431873 0.840192
vt 0.434949 0.832107
vt 0.435398 0.829765
vt 0.428714 0.838454
vt 0.431853 0.829224
vt 0.431455 0.831299
vt 0.327829 0.646601
vt 0.326148 0.662090
vt 0.134222 0.647931
vt 0.133782 0.636795
vt 0.134984 0.664656
vt 0.135505 0.676133
vt 0.146907 0.664521
vt 0.146081 0.647089
vt 0.146170 0.635809
vt 0.314266 0.646138
vt 0.313632 0.659824
vt 0.147604 0.676284
vt 0.225812 0.650303
vt 0.226011 0.658271
vt 0.226200 0.644359
vt 0.244348 0.657822
vt 0.244230 0.650088
vt 0.226640 0.664076
vt 0.232838 0.645039
vt 0.233157 0.663168
vt 0.421517 0.628077
vt 0.410833 0.631006
vt 0.403603 0.629959
vt 0.394313 0.625654
vt 0.053503 0.632871
vt 0.050830 0.641197
vt 0.416917 0.620399
vt 0.410402 0.623556
vt 0.405628 0.622995
vt 0.399879 0.618992
vt 0.044333 0.631292
vt 0.042454 0.637144
vt 0.036313 0.629911
vt 0.035129 0.633600
vt 0.025088 0.722993
vt 0.007744 0.716166
vt 0.395750 0.743724
vt 0.389183 0.735675
vt 0.375420 0.726408
vt 0.038283 0.724722
vt 0.032812 0.652390
vt 0.018854 0.654393
vt 0.445103 0.735593
vt 0.450190 0.726359
vt 0.458831 0.715052
vt 0.466642 0.707647
vt 0.019094 0.587359
vt 0.020488 0.593969
vt 0.014247 0.594865
vt 0.013726 0.588130
vt 0.497683 0.763482
vt 0.499021 0.759015
vt 0.502342 0.754553
vt 0.506990 0.752023
vt 0.843138 0.481339
vt 0.904987 0.480905
vt 0.906597 0.504191
vt 0.843397 0.497816
vt 0.842300 0.468948
vt 0.905126 0.471123
vt 0.842410 0.510915
vt 0.905118 0.515489
vt 0.903165 0.529299
vt 0.840486 0.529299
vt 0.742445 0.497321
vt 0.742633 0.494971
vt 0.741865 0.500451
vt 0.742562 0.491535
vt 0.742226 0.489043
vt 0.738867 0.499772
vt 0.739000 0.489648
vt 0.739319 0.491854
vt 0.104207 0.317775
vt 0.117789 0.315101
vt 0.543722 0.461867
vt 0.552913 0.470258
vt 0.564551 0.481654
vt 0.574227 0.488127
vt 0.466925 0.472406
vt 0.397878 0.467218
vt 0.399486 0.451778
vt 0.471860 0.454656
vt 0.467436 0.481804
vt 0.396524 0.475421
vt 0.163500 0.385348
vt 0.228008 0.423313
vt 0.222887 0.438089
vt 0.153845 0.403002
vt 0.399849 0.443646
vt 0.471396 0.444076
vt 0.319239 0.443444
vt 0.318262 0.449292
vt 0.319481 0.440257
vt 0.304900 0.447109
vt 0.305894 0.441187
vt 0.317470 0.452370
vt 0.312339 0.450875
vt 0.314127 0.440028
vt 0.525891 0.316694
vt 0.525088 0.321527
vt 0.521006 0.320349
vt 0.522886 0.315831
vt 0.518976 0.319360
vt 0.521395 0.315101
vt 0.289367 0.389531
vt 0.289114 0.385079
vt 0.289697 0.382847
vt 0.763408 0.116336
vt 0.760790 0.125658
vt 0.758801 0.142735
vt 0.764140 0.086075
vt 0.769051 0.096479
vt 0.140598 0.378794
vt 0.149295 0.362363
vt 0.140135 0.347785
vt 0.504589 0.466604
vt 0.498126 0.476813
vt 0.491374 0.488187
vt 0.149422 0.394826
vt 0.158827 0.379572
vt 0.478423 0.442410
vt 0.484860 0.454231
vt 0.477354 0.473227
vt 0.475838 0.483722
vt 0.221196 0.376615
vt 0.218352 0.397138
vt 0.484072 0.380953
vt 0.494712 0.384751
vt 0.513661 0.389320
vt 0.223118 0.366628
vt 0.736803 0.367050
vt 0.744620 0.370403
vt 0.752451 0.318116
vt 0.750196 0.315440
vn 0.7949 -0.4229 0.4350
vn 0.5695 -0.6377 0.5185
vn 0.7124 0.7012 0.0291
vn 0.6093 -0.5558 -0.5654
vn -0.1627 -0.6763 -0.7184
vn -0.6040 -0.1622 -0.7803
vn -0.7544 0.6165 -0.2254
vn -0.5430 -0.6539 -0.5268
vn -0.4343 0.5614 -0.7044
vn -0.3845 0.7733 -0.5041
vn 0.4751 -0.5913 0.6517
vn 0.4577 0.4089 0.7894
vn 0.5538 0.0542 0.8308
vn -0.1286 0.6850 0.7171
vn -0.5396 -0.5709 -0.6187
vn -0.8117 0.2899 0.5070
vn -0.7998 0.3012 0.5192
vn -0.5643 -0.5997 -0.5673
vn 0.6718 -0.7267 0.1433
vn -0.8533 -0.4642 -0.2373
vn 0.5172 -0.8222 0.2376
vn 0.7927 -0.2627 -0.5500
vn 0.7942 -0.0089 -0.6076
vn 0.5568 0.5986 0.5759
vn 0.5280 0.7684 0.3615
vn -0.8280 0.3985 0.3945
vn 0.5998 0.5465 0.5844
vn 0.8849 -0.1871 -0.4265
vn -0.6476 -0.3518 -0.6759
vn 0.6432 0.6073 0.4664
vn -0.8114 0.5841 0.0197
vn -0.6367 0.7286 -0.2522
vn 0.5829 0.7074 0.3997
vn 0.6972 -0.6040 0.3861
vn 0.7347 -0.6527 0.1847
vn -0.7924 -0.6026 -0.0938
vn 0.1806 -0.6555 -0.7333
vn 0.7957 -0.3986 -0.4559
vn 0.5089 -0.2041 0.8363
vn 0.7628 -0.6464 -0.0171
vn 0.0664 0.7546 -0.6528
vn -0.6614 0.2250 -0.7155
vn -0.8278 -0.3971 0.3963
vn -0.6451 0.6306 0.4314
vn -0.6465 0.6572 0.3874
vn 0.3047 -0.2936 -0.9060
vn 0.4684 -0.0050 0.8835
vn 0.6464 -0.4928 0.5825
vn 0.8863 0.1170 -0.4480
vn 0.6232 -0.7702 -0.1356
vn 0.8021 -0.5823 -0.1320
vn -0.7354 0.6751 0.0580
vn -0.6649 0.7398 -0.1026
vn 0.4888 0.4497 0.7476
vn 0.6393 -0.7648 0.0797
vn -0.4499 -0.5251 -0.7224
vn -0.2685 -0.5876 -0.7632
vn 0.3888 -0.7717 -0.5033
vn 0.5007 -0.8624 -0.0746
vn -0.6394 0.6864 -0.3464
vn -0.1928 0.8616 0.4695
vn 0.3034 0.6460 0.7004
vn 0.3494 -0.0195 0.9367
vn 0.5672 -0.4555 0.6861
vn 0.6091 -0.6065 -0.5110
vn 0.7733 -0.6332 -0.0309
vn 0.6229 -0.6576 0.4238
vn -0.6494 -0.5789 0.4931
vn -0.7202 -0.6405 0.2665
vn 0.6912 -0.6865 0.2257
vn 0.9351 -0.1346 -0.3277
vn 0.7755 -0.1456 -0.6142
vn 0.0234 -0.4885 -0.8722
vn 0.7331 0.6164 -0.2873
vn 0.7217 0.6562 -0.2200
vn -0.7259 0.6613 -0.1889
vn -0.6763 0.7132 -0.1842
vn -0.7376 -0.6609 0.1382
vn 0.7122 -0.6953 0.0960
vn 0.7234 0.5075 -0.4680
vn -0.6294 0.5591 -0.5396
vn 0.3876 -0.4971 0.7763
vn -0.8913 0.1767 0.4176
vn -0.8233 0.2314 0.5182
vn 0.5286 -0.0691 0.8460
vn 0.7920 -0.2548 -0.5548
vn -0.6684 0.2341 -0.7059
vn -0.5520 0.0411 -0.8328
vn 0.1808 -0.6786 0.7119
vn -0.7094 -0.1980 0.6764
vn -0.7245 0.2563 0.6398
vn -0.7961 0.1314 0.5907
vn 0.4727 -0.1038 0.8751
vn 0.7493 -0.3497 -0.5624
vn -0.5195 -0.1145 -0.8467
vn 0.5354 0.8443 0.0199
vn 0.5632 -0.1427 0.8139
vn 0.6981 0.6117 0.3720
vn 0.7309 0.2752 -0.6245
vn 0.5971 0.6558 -0.4619
vn -0.5413 0.6401 -0.5452
vn 0.2628 0.9618 0.0768
vn 0.4436 0.3718 -0.8155
vn -0.6192 0.0002 -0.7852
vn -0.8001 0.5902 0.1071
vn 0.4023 0.8540 -0.3300
vn 0.3772 -0.0968 -0.9210
vn -0.7220 -0.2361 -0.6503
vn -0.6969 0.7147 -0.0592
vn 0.4668 -0.8644 0.1864
vn 0.1688 -0.3554 0.9193
vn 0.1676 0.8460 0.5061
vn 0.2841 0.7540 -0.5922
vn -0.7204 0.1940 -0.6659
vn -0.8213 0.2980 0.4865
vn 0.1572 -0.7290 -0.6662
vn -0.0389 -0.9070 0.4192
vn -0.9061 -0.1831 0.3813
vn -0.7101 -0.0049 -0.7040
vn 0.2489 -0.7522 -0.6101
vn 0.0667 -0.9150 0.3978
vn -0.8676 -0.3851 0.3146
vn -0.6854 -0.2223 -0.6933
vn 0.4324 -0.6256 -0.6494
vn -0.4962 0.5338 -0.6847
vn 0.1513 -0.0333 -0.9879
vn 0.2917 0.8453 -0.4477
vn 0.3892 -0.1840 -0.9026
vn -0.6827 -0.4189 -0.5986
vn -0.7791 0.6104 -0.1426
vn 0.1509 0.9409 0.3031
vn 0.3583 0.5698 -0.7396
vn -0.6519 0.0526 -0.7564
vn -0.8593 0.4237 0.2863
vn 0.5760 0.8154 0.0571
vn 0.7401 0.0141 -0.6723
vn -0.3276 0.0426 -0.9438
vn -0.4917 0.8440 -0.2144
vn 0.5832 0.8104 -0.0545
vn 0.9322 -0.2008 -0.3012
vn 0.0687 -0.3437 -0.9365
vn -0.2802 0.6675 -0.6898
vn 0.2351 0.9269 0.2924
vn 0.5372 0.4767 -0.6958
vn -0.5161 0.1077 -0.8497
vn -0.8182 0.5579 0.1384
vn 0.0230 0.9912 -0.1299
vn 0.2724 0.2336 -0.9334
vn -0.6303 -0.2895 -0.7203
vn -0.8796 0.4683 0.0831
vn 0.5076 0.8453 0.1668
vn 0.3648 0.3936 -0.8438
vn -0.7329 0.2595 -0.6288
vn -0.5902 0.7113 0.3817
vn 0.6521 -0.7294 0.2068
vn -0.8878 -0.4284 0.1680
vn -0.0302 -0.9815 0.1891
vn 0.3472 0.1107 0.9312
vn 0.4116 0.9036 -0.1182
vn -0.5608 -0.6698 0.4867
vn 0.1686 0.6631 0.7292
vn 0.2773 0.8932 -0.3538
vn -0.7056 0.4511 -0.5464
vn -0.8143 0.2210 0.5367
vn 0.2644 -0.9578 0.1128
vn -0.8462 -0.3678 0.3856
vn -0.8737 -0.1090 0.4740
vn 0.7043 0.2492 -0.6646
vn -0.5137 0.7332 -0.4456
vn -0.8559 -0.4269 0.2917
vn -0.7798 0.5188 -0.3503
vn 0.6109 0.7886 -0.0699
vn -0.1864 0.3321 -0.9246
vn -0.7186 0.5045 -0.4787
vn 0.6111 0.7428 0.2734
vn -0.0424 -0.7063 -0.7066
vn 0.4711 -0.7524 0.4603
vn -0.3021 0.6720 -0.6761
vn -0.6896 0.7234 -0.0328
vn -0.8781 0.4407 0.1861
vn -0.7858 0.3190 -0.5299
vn -0.7567 -0.1003 0.6459
vn -0.6965 -0.5259 0.4881
vn -0.6788 0.3469 -0.6472
vn -0.6746 0.0204 -0.7378
vn -0.6157 0.7074 -0.3471
vn -0.5134 -0.4420 -0.7355
vn 0.6693 -0.5921 0.4488
vn 0.5668 -0.0936 -0.8185
vn -0.7645 -0.0517 0.6425
vn -0.7185 -0.3971 -0.5710
vn -0.6431 -0.3445 -0.6839
vn -0.7775 0.1772 0.6034
vn 0.3817 0.5487 0.7438
vn 0.5983 0.4171 0.6842
vn -0.4561 -0.1453 -0.8780
vn 0.8762 0.4591 0.1467
vn 0.6734 0.7044 0.2243
vn 0.4417 0.6268 0.6418
vn -0.8276 0.5598 0.0410
vn 0.5087 0.2431 0.8259
vn -0.7454 -0.3122 0.5889
vn -0.5901 -0.4069 0.6973
vn 0.6983 -0.1809 0.6925
vn 0.6494 0.5435 -0.5318
vn 0.8076 0.4577 -0.3718
vn -0.6162 -0.0262 -0.7872
vn -0.7483 0.3113 -0.5857
vn -0.6666 -0.1410 0.7320
vn -0.5001 0.8140 -0.2954
vn 0.6610 0.1535 -0.7345
vn 0.4937 -0.8156 0.3018
vn -0.4465 -0.1113 0.8878
vn -0.7240 0.5416 -0.4272
vn 0.6979 -0.4483 0.5585
vn 0.7717 0.0098 -0.6359
vn -0.5124 0.1711 0.8415
vn -0.8307 -0.1140 -0.5449
vn 0.6615 -0.0684 -0.7468
vn 0.7841 0.1945 0.5893
vn -0.6095 0.2797 0.7418
vn -0.7931 -0.2909 -0.5351
vn 0.7605 0.4453 0.4726
vn 0.5833 -0.1220 -0.8030
vn -0.1953 -0.7572 -0.6232
vn -0.2602 0.6399 -0.7230
vn 0.3493 -0.6781 0.6467
vn 0.3015 0.7634 0.5712
vn -0.8124 0.2114 0.5433
vn -0.5047 -0.7330 -0.4561
vn 0.3707 0.8898 0.2660
vn 0.6812 -0.0458 -0.7306
vn -0.7848 0.3762 0.4925
vn -0.3565 -0.2647 -0.8960
vn -0.2521 -0.0271 -0.9673
vn -0.6451 0.7021 0.3014
vn 0.5775 0.2930 0.7620
vn 0.4071 -0.0696 0.9107
vn 0.9138 -0.2168 -0.3433
vn 0.7038 -0.6755 -0.2199
vn -0.4839 -0.4516 -0.7495
vn 0.8345 0.0118 -0.5508
vn 0.4583 0.5725 0.6798
vn -0.8634 0.1137 0.4914
vn -0.5551 0.5035 -0.6620
vn -0.7926 -0.2069 0.5735
vn 0.5698 -0.5368 0.6222
vn 0.7760 0.1719 -0.6069
vn -0.6074 0.3754 -0.7000
vn -0.8132 -0.2560 0.5226
vn 0.5562 -0.6181 0.5555
vn 0.7513 0.0163 -0.6597
vn -0.7123 0.3581 -0.6036
vn -0.8187 -0.4673 0.3337
vn 0.4737 -0.6385 0.6065
vn 0.8374 0.3052 -0.4534
vn 0.7060 0.6902 0.1582
vn -0.7252 0.3846 -0.5711
vn -0.4827 -0.8443 -0.2326
vn 0.6147 -0.7103 0.3428
vn 0.4189 0.7912 0.4456
vn -0.7012 0.6026 -0.3810
vn -0.2519 -0.6903 -0.6782
vn 0.8518 -0.5088 0.1242
vn 0.8536 -0.2641 -0.4490
vn 0.6177 0.0394 0.7854
vn -0.4558 0.0147 -0.8900
vn -0.6799 0.3720 0.6319
vn -0.3003 -0.5276 -0.7946
vn 0.8993 -0.3908 -0.1964
vn -0.7590 -0.0869 0.6452
vn -0.4968 -0.5427 -0.6772
vn 0.7581 0.1131 -0.6422
vn 0.4813 0.5599 0.6745
vn 0.4720 0.6063 0.6400
vn -0.7845 -0.0369 0.6190
vn -0.5246 -0.5020 -0.6876
vn 0.7319 0.1412 -0.6666
vn 0.7461 -0.6640 -0.0478
vn 0.6306 0.6856 0.3636
vn -0.5991 -0.6259 -0.4992
vn -0.7155 0.6918 -0.0971
vn -0.7023 0.6928 0.1636
vn -0.5230 -0.7671 -0.3714
vn 0.8092 -0.5156 -0.2815
vn 0.7103 0.6859 0.1580
vn -0.7412 0.5178 0.4271
vn -0.6207 -0.7706 -0.1445
vn 0.7099 -0.4764 -0.5187
vn 0.5902 0.8057 0.0495
vn -0.5667 0.2887 -0.7717
vn -0.7759 0.0908 0.6242
vn 0.4360 -0.5516 0.7111
vn 0.6597 -0.3805 -0.6481
vn -0.5873 0.2474 -0.7706
vn -0.8278 0.0324 0.5601
vn 0.3699 -0.6469 0.6668
vn 0.6105 -0.4319 -0.6639
vn -0.4173 0.5599 -0.7158
vn -0.6784 0.3271 0.6578
vn 0.3725 -0.5994 0.7085
vn 0.6378 -0.3640 -0.6787
vn -0.7140 0.2792 0.6420
vn -0.4668 0.5037 -0.7269
vn 0.3680 -0.6240 0.6893
vn 0.6153 -0.3995 -0.6795
vn 0.7911 -0.0260 -0.6111
vn 0.6552 0.4131 0.6325
vn -0.4585 -0.3387 -0.8216
vn -0.8425 0.0934 0.5305
vn 0.5246 0.4755 0.7061
vn -0.7058 -0.2124 0.6757
vn -0.5752 -0.3542 -0.7373
vn 0.6623 0.3364 -0.6694
vn -0.5084 -0.8349 0.2108
vn -0.7696 0.5202 0.3703
vn -0.7474 0.5196 0.4140
vn -0.6420 -0.7538 -0.1398
vn 0.6948 -0.6635 -0.2773
vn 0.6349 -0.5817 -0.5085
vn 0.5139 0.8199 -0.2522
vn 0.6694 0.7426 0.0180
vn -0.6825 0.5445 0.4874
vn -0.7125 -0.6531 -0.2565
vn 0.6796 0.7176 0.1523
vn 0.6467 -0.4812 -0.5918
vn -0.5802 -0.5167 -0.6296
vn -0.8145 0.2468 0.5250
vn 0.7467 -0.0514 -0.6632
vn 0.5142 0.7078 0.4844
vn 0.8653 -0.2305 -0.4450
vn 0.6900 0.7206 0.0679
vn -0.8607 0.0916 0.5007
vn -0.1027 -0.9568 0.2718
vn 0.7028 0.2010 -0.6824
vn 0.8346 -0.4290 -0.3456
vn -0.9762 0.0059 0.2165
vn -0.3105 -0.8609 0.4031
vn 0.7560 -0.2537 -0.6034
vn 0.7206 0.4941 0.4864
vn -0.6129 -0.4939 -0.6167
vn -0.6622 0.3798 0.6459
vn -0.8676 -0.4812 0.1252
vn -0.7209 0.6509 -0.2380
vn -0.6733 -0.6814 0.2869
vn -0.3258 -0.5887 -0.7398
vn 0.4557 -0.6546 -0.6031
vn 0.8538 -0.1111 -0.5086
vn 0.7392 -0.6088 -0.2878
vn 0.7413 0.6690 0.0533
vn 0.4868 0.8039 -0.3417
vn 0.6196 0.5984 -0.5080
vn -0.6365 -0.6303 0.4445
vn -0.7377 0.3670 0.5666
vn -0.1847 0.6830 0.7066
vn -0.8180 0.0060 0.5751
vn 0.7635 -0.5252 -0.3758
vn 0.7700 -0.5528 -0.3186
vn 0.5370 0.3481 0.7684
vn 0.5532 0.3378 0.7614
vn -0.6275 -0.7723 -0.0989
vn -0.5110 -0.8583 0.0459
vn 0.9109 -0.4023 0.0916
vn -0.5219 -0.3088 -0.7951
vn -0.5197 -0.0550 -0.8525
vn -0.7659 0.5521 0.3294
vn -0.6735 0.7262 0.1375
vn -0.8055 0.4971 0.3225
vn 0.6015 0.4487 0.6609
vn -0.6573 -0.2413 -0.7139
vn 0.8697 -0.2985 -0.3931
vn -0.8075 0.5563 0.1960
vn -0.7342 0.6611 0.1542
vn 0.6339 0.7732 -0.0153
vn 0.7084 0.6375 0.3030
vn -0.7468 -0.6547 0.1169
vn -0.7059 -0.7033 -0.0838
vn 0.8120 -0.5463 0.2053
vn 0.1402 -0.6569 -0.7408
vn -0.5494 -0.4458 -0.7067
vn -0.6599 -0.6963 -0.2823
vn -0.7606 -0.2487 0.5996
vn 0.1220 0.7566 -0.6424
vn 0.8576 0.2784 -0.4323
vn 0.6546 -0.3450 0.6726
vn 0.4024 0.6673 0.6266
vn 0.4177 0.6946 0.5857
vn 0.0623 -0.3022 -0.9512
vn -0.7534 -0.0479 0.6557
vn -0.7777 -0.5427 0.3171
vn -0.6715 0.0623 -0.7384
vn -0.4790 -0.8089 -0.3410
vn -0.6595 -0.6336 -0.4044
vn -0.7544 0.4060 0.5158
vn 0.6055 0.7844 0.1341
vn 0.6177 0.7226 0.3102
vn -0.5718 -0.8072 -0.1460
vn 0.7141 -0.4842 -0.5054
vn 0.5643 -0.5584 -0.6080
vn -0.3806 -0.8933 -0.2389
vn -0.1284 -0.7898 -0.5997
vn 0.6731 0.7325 -0.1017
vn -0.0479 0.8667 0.4965
vn -0.6609 -0.0550 0.7484
vn -0.5782 0.6150 0.5361
vn -0.7438 -0.5015 0.4418
vn -0.6626 -0.6871 -0.2980
vn -0.3418 -0.6399 -0.6883
vn -0.6876 -0.7035 0.1795
vn -0.6779 -0.7345 -0.0295
vn 0.6177 -0.5935 0.5158
vn 0.4661 -0.5398 0.7009
vn -0.7431 -0.1935 -0.6406
vn 0.3251 -0.4779 -0.8160
vn -0.4908 -0.1901 -0.8503
vn -0.6206 0.5689 -0.5396
vn -0.6369 0.6086 -0.4733
vn 0.6987 0.7113 0.0766
vn 0.6473 0.7597 0.0625
vn -0.6502 -0.7431 -0.1579
vn 0.6814 -0.6111 0.4027
vn -0.5392 0.4632 -0.7034
vn 0.7420 0.6073 -0.2840
vn -0.6063 -0.5320 0.5910
vn -0.7917 -0.1155 0.5999
vn 0.5640 0.2801 0.7768
vn 0.6671 0.2315 0.7081
vn -0.5201 -0.3009 -0.7993
vn 0.8602 0.2878 -0.4210
vn 0.8105 0.0890 -0.5788
vn -0.3715 -0.7012 0.6085
vn 0.4266 0.2967 0.8544
vn 0.4331 -0.1480 0.8891
vn -0.7477 -0.1466 0.6476
vn 0.5193 0.1776 0.8359
vn -0.4711 -0.3926 -0.7898
vn 0.7959 -0.0683 -0.6016
vn -0.5626 0.8058 -0.1848
vn -0.8243 0.5577 0.0974
vn -0.8072 -0.1908 0.5585
vn -0.4738 0.2310 -0.8498
vn 0.6565 0.6821 -0.3219
vn -0.4407 0.6187 -0.6503
vn -0.3374 0.9407 -0.0350
vn 0.6660 0.6417 0.3804
vn 0.8588 0.0521 -0.5097
vn -0.1446 0.3511 -0.9251
vn -0.3135 0.8289 -0.4634
vn 0.6214 0.7609 0.1865
vn 0.9219 -0.1784 -0.3438
vn -0.0130 -0.1105 -0.9938
vn -0.5110 -0.5100 0.6919
vn -0.4348 -0.8985 -0.0597
vn -0.3782 0.8345 0.4006
vn 0.5912 0.3465 0.7283
vn 0.9049 0.2492 -0.3449
vn -0.0644 0.7372 -0.6725
vn 0.1431 -0.7294 -0.6689
vn 0.9145 0.0525 -0.4010
vn 0.7184 -0.1260 0.6840
vn -0.0530 -0.9076 0.4165
vn 0.0389 -0.7596 -0.6492
vn 0.9024 -0.1666 -0.3974
vn 0.7202 -0.3294 0.6105
vn -0.1433 -0.9224 0.3587
vn -0.1425 -0.6771 -0.7219
vn 0.2377 -0.0591 -0.9695
vn 0.6717 0.5594 -0.4856
vn -0.1744 0.8296 -0.5304
vn 0.7355 0.6640 0.1343
vn 0.8771 -0.3631 -0.3142
vn -0.0316 -0.1975 -0.9798
vn -0.3133 0.9246 0.2166
vn 0.6679 0.4773 0.5710
vn 0.8753 0.1062 -0.4718
vn -0.1059 0.5535 -0.8261
vn -0.6118 0.7737 -0.1643
vn 0.4775 0.8780 -0.0338
vn 0.6416 0.0766 -0.7632
vn -0.4477 -0.0276 -0.8937
vn -0.5780 0.7697 -0.2709
vn 0.4637 0.6936 -0.5512
vn 0.2963 -0.3357 -0.8941
vn -0.7454 -0.2597 -0.6139
vn -0.3868 0.9051 0.1765
vn 0.6738 0.6103 0.4165
vn 0.7787 0.1531 -0.6084
vn -0.2819 0.4480 -0.8484
vn -0.0418 0.9890 -0.1419
vn 0.7569 0.5257 0.3882
vn 0.8654 -0.2369 -0.4415
vn 0.0666 0.2263 -0.9717
vn -0.5896 0.8068 -0.0377
vn 0.3637 0.7447 0.5595
vn 0.8907 0.3165 -0.3262
vn -0.0626 0.3786 -0.9234
vn -0.6317 -0.7745 -0.0325
vn 0.0266 -0.9795 0.1997
vn 0.7947 -0.3694 0.4816
vn -0.4161 0.8641 -0.2831
vn -0.6907 0.0439 0.7218
vn 0.2663 -0.8005 0.5369
vn -0.4642 0.6409 0.6113
vn 0.5496 0.2689 0.7909
vn 0.8227 0.5047 -0.2615
vn -0.1912 0.8768 -0.4411
vn 0.6498 -0.0555 0.7580
vn 0.6735 -0.3145 0.6689
vn -0.2217 -0.9749 0.0222
vn -0.4331 0.2093 -0.8766
vn 0.5887 0.7719 -0.2401
vn 0.7205 -0.3716 0.5856
vn 0.8166 0.5748 -0.0527
vn -0.5967 0.7462 -0.2951
vn 0.4933 0.3500 -0.7963
vn 0.8067 0.5580 -0.1943
vn -0.7174 0.6962 0.0258
vn 0.3416 -0.6928 -0.6351
vn -0.5531 -0.7883 0.2694
vn 0.4789 0.6994 -0.5305
vn 0.6045 0.7689 0.2084
vn 0.9002 0.3782 -0.2156
vn 0.7203 0.4968 0.4840
vn 0.4786 -0.0569 0.8762
vn 0.8919 0.0754 -0.4458
vn 0.8410 0.4003 -0.3639
vn 0.5081 -0.4836 0.7126
vn 0.7697 -0.3915 -0.5041
vn 0.6523 0.7493 -0.1146
vn -0.7449 -0.6399 0.1886
vn -0.2266 -0.1214 -0.9664
vn 0.4837 -0.0079 0.8752
vn 0.4943 0.2218 0.8405
vn 0.8679 -0.2915 -0.4023
vn 0.9009 -0.3403 -0.2691
vn -0.6600 0.5121 0.5496
vn -0.8312 0.3669 0.4177
vn 0.7502 -0.1030 -0.6531
vn -0.8992 0.3968 -0.1842
vn -0.7551 0.6543 -0.0419
vn 0.7174 0.6140 0.3291
vn -0.6845 0.5873 0.4319
vn -0.7870 0.1976 0.5844
vn -0.8868 -0.2365 0.3971
vn 0.3258 -0.3747 0.8680
vn 0.5029 -0.2684 0.8216
vn -0.4497 0.5050 -0.7367
vn -0.6487 0.4066 -0.6433
vn 0.8584 0.0255 -0.5123
vn 0.8860 0.3687 -0.2811
vn 0.3664 -0.1047 0.9245
vn 0.5166 0.8497 -0.1059
vn -0.3612 0.1176 -0.9250
vn -0.5127 -0.8509 0.1142
vn 0.1036 -0.0920 0.9904
vn 0.7907 0.5947 -0.1448
vn -0.8200 -0.5016 0.2756
vn -0.4899 -0.0344 -0.8711
vn 0.9768 -0.0506 -0.2080
vn 0.1625 0.1948 0.9673
vn -0.3422 -0.1036 -0.9339
vn -0.9549 0.1335 0.2652
vn 0.2812 0.3110 0.9078
vn 0.9503 -0.2297 -0.2101
vn -0.9079 0.3867 0.1616
vn -0.2455 -0.1511 -0.9575
vn 0.4589 0.6652 -0.5890
vn 0.4574 -0.7343 -0.5015
vn -0.5118 -0.7083 0.4861
vn -0.5378 0.7339 0.4148
vn 0.5462 0.2590 0.7966
vn 0.6834 -0.6913 -0.2347
vn -0.5009 0.8592 0.1035
vn -0.3679 -0.0827 -0.9262
vn 0.5276 0.4223 0.7371
vn 0.4443 0.7403 0.5045
vn 0.5845 0.0023 -0.8114
vn 0.6721 -0.2286 -0.7043
vn -0.8314 0.2436 0.4994
vn -0.7019 -0.1085 0.7040
vn -0.7122 -0.2739 -0.6464
vn -0.5300 -0.7188 -0.4498
vn -0.5792 -0.0378 -0.8143
vn 0.7506 -0.4083 -0.5194
vn -0.7099 0.5315 0.4621
vn 0.6189 0.1657 0.7678
vn 0.7207 0.5482 -0.4242
vn 0.5452 -0.1600 0.8228
vn -0.7178 -0.5820 0.3822
vn -0.5153 0.1266 -0.8476
vn 0.7917 0.4245 -0.4393
vn 0.5860 -0.2069 0.7834
vn -0.6756 -0.6613 0.3259
vn -0.4629 -0.0263 -0.8860
vn 0.8558 0.4131 -0.3113
vn 0.6734 -0.4150 0.6118
vn -0.6158 -0.6767 0.4035
vn -0.6368 0.2534 -0.7282
vn 0.8542 0.4401 -0.2767
vn -0.7607 0.6388 -0.1151
vn 0.5900 -0.8067 -0.0326
vn -0.6472 -0.7547 0.1075
vn 0.7487 0.6535 -0.1107
vn -0.6038 0.7552 0.2550
vn 0.5253 -0.6630 -0.5334
vn -0.8029 -0.5669 -0.1842
vn -0.6149 -0.3157 -0.7227
vn -0.8601 -0.0125 0.5099
vn 0.7434 0.0568 -0.6664
vn 0.3801 0.4092 0.8295
vn 0.6012 -0.4960 -0.6265
vn -0.7397 -0.4483 -0.5018
vn 0.4801 -0.0434 0.8762
vn 0.7427 -0.4992 -0.4462
vn -0.4820 0.0696 -0.8734
vn -0.7285 0.5174 0.4490
vn 0.5098 0.0085 0.8603
vn -0.7106 0.5648 0.4195
vn 0.7696 -0.4566 -0.4463
vn -0.4508 0.0997 -0.8871
vn -0.6313 -0.7170 -0.2955
vn -0.7643 0.6318 0.1290
vn 0.7792 -0.5669 -0.2673
vn 0.6546 0.7415 0.1469
vn 0.5453 0.7426 0.3887
vn 0.6713 -0.7218 -0.1684
vn -0.6258 -0.5647 -0.5381
vn -0.7719 0.6278 -0.0997
vn 0.6823 -0.7251 0.0937
vn 0.5064 0.5597 0.6560
vn -0.4460 -0.5174 -0.7303
vn -0.6222 0.7637 -0.1716
vn 0.7854 0.3362 -0.5196
vn 0.4913 0.1353 0.8604
vn -0.6242 -0.5888 0.5135
vn -0.3549 -0.4161 -0.8372
vn 0.8070 0.2963 -0.5108
vn 0.5665 0.0814 0.8200
vn -0.5404 -0.6788 0.4971
vn -0.2999 -0.4639 -0.8336
vn 0.5972 0.5977 -0.5347
vn 0.3724 0.3640 0.8537
vn -0.5616 -0.6320 0.5340
vn -0.3356 -0.3934 -0.8559
vn 0.6618 0.5433 -0.5165
vn 0.4145 0.3189 0.8524
vn -0.5482 -0.6562 0.5185
vn -0.3008 -0.4317 -0.8503
vn -0.5145 -0.0718 -0.8545
vn -0.8653 0.3598 0.3491
vn 0.7452 -0.2965 -0.5972
vn 0.5868 0.1435 0.7969
vn 0.4366 -0.1665 0.8841
vn -0.7745 0.4299 0.4640
vn 0.8345 -0.2840 -0.4721
vn -0.3798 0.3077 -0.8724
vn 0.4538 -0.8011 0.3901
vn 0.6988 -0.7067 0.1101
vn 0.5113 0.5637 0.6486
vn 0.5477 0.5664 0.6158
vn -0.5018 -0.7056 -0.5003
vn -0.3684 -0.6169 -0.6955
vn -0.4430 0.7863 -0.4306
vn -0.6798 0.6953 -0.2334
vn 0.4228 0.5833 0.6935
vn 0.7996 -0.6000 0.0253
vn -0.7358 0.6679 -0.1115
vn -0.3562 -0.5164 -0.7787
vn 0.5523 0.2948 0.7798
vn 0.8015 -0.4682 -0.3721
vn -0.4527 -0.0935 -0.8867
vn -0.7008 0.6651 0.2579
vn -0.6295 -0.2830 -0.7236
vn -0.7154 0.6713 -0.1940
vn 0.6145 0.1434 0.7757
vn 0.0626 -0.9510 0.3026
vn -0.6232 -0.4802 -0.6173
vn -0.4220 0.1615 -0.8921
vn 0.8301 0.0693 0.5532
vn 0.2022 -0.8429 0.4986
vn -0.8791 0.4379 0.1882
vn -0.4692 -0.2967 -0.8318
vn 0.8257 -0.4434 -0.3485
vn 0.3580 0.4156 0.8361
usemtl Antlers
s 1
f 172/1/1 191/2/2 171/3/3
f 119/4/4 190/5/5 191/2/2
f 146/6/6 306/7/7 307/8/8
f 171/3/3 189/9/9 170/10/10
f 124/11/11 191/2/2 172/1/1
f 140/12/12 144/13/13 141/14/14
f 162/15/15 161/16/16 9/17/17 10/18/18
f 139/19/19 138/20/20 282/21/21
f 163/22/22 162/23/15 10/24/18 11/25/23
f 164/26/24 163/22/22 11/25/23 12/27/25
f 161/28/16 164/26/24 12/27/25 9/29/17
f 164/26/24 161/28/16 157/30/26 160/31/27
f 163/22/22 164/26/24 160/31/27 159/32/28
f 162/23/15 163/22/22 159/32/28 158/33/29
f 161/16/16 162/15/15 158/34/29 157/35/26
f 156/36/30 153/37/31 149/38/32 152/39/33
f 155/40/34 156/36/30 152/39/33 151/41/35
f 154/42/36 155/40/34 151/41/35 150/43/37
f 153/44/31 154/45/36 150/46/37 149/47/32
f 220/48/38 221/49/39 308/50/40
f 219/51/41 220/48/38 308/50/40
f 202/52/42 203/53/43 154/45/36
f 218/54/44 219/55/41 306/7/7
f 160/31/27 156/36/30 159/32/28
f 145/56/45 146/6/6 142/57/46 141/58/14
f 148/59/47 145/56/45 141/58/14 144/60/13
f 204/61/48 205/62/49 155/40/34
f 147/63/50 148/59/47 144/60/13 143/64/51
f 153/44/31 157/35/26 158/34/29
f 146/65/6 147/63/50 143/64/51 142/66/46
f 140/12/12 137/67/52 133/68/53 136/69/54
f 139/19/19 140/12/12 136/69/54 135/70/55
f 138/20/20 139/19/19 135/70/55 134/71/56
f 137/67/52 138/72/20 134/73/56 133/68/53
f 130/74/57 196/75/58 131/76/59
f 133/68/53 134/73/56 130/77/57 129/78/60
f 136/69/54 133/68/53 129/78/60 132/79/61
f 135/70/55 136/69/54 132/79/61 196/75/58
f 134/71/56 135/70/55 196/75/58 130/74/57
f 132/79/61 184/80/62 197/81/63
f 267/82/64 268/83/65 255/84/66
f 8/85/67 5/86/68 125/87/69 128/88/70
f 227/89/71 224/90/72 226/91/73
f 7/92/74 8/85/67 128/88/70 127/93/75
f 6/94/76 7/92/74 127/93/75 126/95/77
f 5/86/68 6/96/76 126/97/77 125/87/69
f 128/88/70 125/87/69 323/98/78 326/99/79
f 127/93/75 128/88/70 326/99/79 325/100/80
f 126/95/77 127/93/75 325/100/80 324/101/81
f 125/87/69 126/97/77 324/102/81 323/98/78
f 120/103/82 117/104/83 113/105/84 116/106/85
f 119/4/4 120/103/82 116/106/85 115/107/86
f 118/108/87 119/109/4 115/110/86 114/111/88
f 117/112/83 118/108/87 114/111/88 113/113/84
f 286/114/89 278/115/90 285/116/91
f 116/106/85 113/105/84 1/117/92 4/118/93
f 115/107/86 116/106/85 4/118/93 3/119/94
f 114/111/88 115/110/86 3/120/94 2/121/95
f 252/122/96 251/123/97 256/124/98
f 113/113/84 114/111/88 2/121/95 1/125/92
f 280/126/99 248/127/100 277/128/101
f 112/129/102 111/130/103 110/131/104 109/132/105
f 104/133/106 103/134/107 102/135/108 101/136/109
f 286/114/89 246/137/110 247/138/111
f 96/139/112 95/140/113 94/141/114 93/142/115
f 88/143/116 87/144/117 86/145/118 85/146/119
f 84/147/120 83/148/121 82/149/122 81/150/123
f 287/151/124 284/152/125 245/153/126
f 156/36/30 155/40/34 205/62/49 159/32/28
f 80/154/127 79/155/128 78/156/129 77/157/130
f 72/158/131 71/159/132 70/160/133 69/161/134
f 68/162/135 67/163/136 66/164/137 65/165/138
f 60/166/139 59/167/140 58/168/141 57/169/142
f 48/170/143 47/171/144 46/172/145 45/173/146
f 246/137/110 286/114/89 287/151/124
f 36/174/147 35/175/148 34/176/149 33/177/150
f 247/138/111 246/137/110 287/151/124
f 32/178/151 31/179/152 30/180/153 29/181/154
f 304/182/155 303/183/156 318/184/157
f 247/138/111 332/185/158 331/186/159 248/187/100
f 287/151/124 333/188/160 332/185/158 247/138/111
f 20/189/161 19/190/162 18/191/163 17/192/164
f 172/1/1 327/193/165 330/194/166 123/195/167
f 171/3/3 328/196/168 327/193/165 172/1/1
f 150/46/37 317/197/169 149/47/32
f 124/11/11 326/198/79 323/199/78 121/200/170
f 118/108/87 122/201/171 170/10/10 189/9/9
f 169/202/172 325/203/80 326/198/79 124/11/11
f 248/127/100 331/204/159 334/205/173 245/206/126
f 123/195/167 330/194/166 329/207/174 170/10/10
f 121/208/170 323/209/78 324/210/81 122/201/171
f 202/52/42 154/45/36 153/44/31 158/34/29
f 221/49/39 148/59/47 147/63/50 308/50/40
f 304/182/155 151/41/35 152/39/33 305/211/175
f 251/123/97 267/82/64 255/84/66 256/124/98
f 182/212/176 130/74/57 131/76/59 183/213/177
f 144/13/13 140/12/12 139/19/19 143/214/51
f 118/108/87 117/112/83 121/208/170 122/201/171
f 145/56/45 218/54/44 306/7/7 146/6/6
f 130/77/57 182/215/176 181/216/178 129/78/60
f 317/197/169 303/217/156 302/218/179 149/47/32
f 138/72/20 137/67/52 296/219/180 281/220/181
f 218/54/44 145/56/45 148/59/47 221/49/39
f 120/103/82 119/4/4 191/2/2 124/11/11
f 284/221/125 285/222/91 278/223/90 277/128/101
f 302/224/179 305/211/175 152/39/33 149/38/32
f 184/80/62 183/213/177 131/76/59 197/81/63
f 284/221/125 277/128/101 248/127/100 245/206/126
f 132/79/61 129/78/60 181/216/178 184/80/62
f 120/103/82 124/11/11 121/200/170 117/104/83
f 119/109/4 118/108/87 189/9/9 190/225/5
f 140/12/12 141/14/14 296/219/180 137/67/52
f 170/10/10 329/207/174 328/196/168 171/3/3
f 266/226/182 250/227/183 249/228/184 265/229/185
f 249/230/184 253/231/186 254/232/187 265/233/185
f 286/114/89 247/138/111 279/234/188 278/115/90
f 122/201/171 324/210/81 325/203/80 169/202/172
f 245/153/126 334/235/173 333/188/160 287/151/124
f 308/50/40 147/63/50 146/65/6 307/236/8
f 280/237/99 279/234/188 247/138/111 248/187/100
f 151/41/35 304/182/155 318/184/157 150/43/37
f 157/30/26 153/37/31 156/36/30 160/31/27
f 143/214/51 139/19/19 282/21/21 283/238/189
f 251/123/97 250/227/183 266/226/182 267/82/64
f 172/1/1 123/195/167 169/202/172 124/11/11
f 205/62/49 202/239/42 158/33/29 159/32/28
f 169/202/172 123/195/167 170/10/10 122/201/171
f 233/240/190 234/241/191 223/242/192 222/243/193
f 252/244/96 256/245/98 253/231/186 249/230/184
f 236/246/194 233/240/190 222/243/193 225/247/195
f 142/66/46 143/64/51 283/248/189 297/249/196
f 225/247/195 224/90/72 227/89/71 228/250/197
f 255/251/66 268/252/65 265/233/185 254/232/187
f 203/253/43 204/61/48 155/40/34 154/42/36
f 224/90/72 223/254/192 234/255/191 226/91/73
f 281/220/181 296/219/180 297/256/196 283/257/189
f 236/246/194 225/247/195 228/250/197 235/258/198
f 234/259/191 235/260/198 232/261/199 229/262/200
f 168/263/201 165/264/202 13/265/203 16/266/204
f 167/267/205 168/263/201 16/266/204 15/268/206
f 166/269/207 167/267/205 15/268/206 14/270/208
f 165/264/202 166/271/207 14/272/208 13/265/203
f 17/273/164 18/274/163 166/271/207 165/264/202
f 18/275/163 19/190/162 167/267/205 166/269/207
f 19/190/162 20/189/161 168/263/201 167/267/205
f 20/189/161 17/273/164 165/264/202 168/263/201
f 173/276/209 174/277/210 329/278/174 330/279/166
f 174/280/210 175/281/211 328/282/168 329/283/174
f 175/281/211 176/284/212 327/285/165 328/282/168
f 176/284/212 173/276/209 330/279/166 327/285/165
f 21/286/213 22/287/214 174/277/210 173/276/209
f 24/288/215 21/286/213 173/276/209 176/284/212
f 23/289/216 24/288/215 176/284/212 175/281/211
f 22/290/214 23/289/216 175/281/211 174/280/210
f 22/287/214 21/286/213 25/291/217 26/292/218
f 23/289/216 22/290/214 26/293/218 27/294/219
f 24/288/215 23/289/216 27/294/219 28/295/220
f 21/286/213 24/288/215 28/295/220 25/291/217
f 177/296/221 178/297/222 26/292/218 25/291/217
f 180/298/223 177/296/221 25/291/217 28/295/220
f 179/299/224 180/298/223 28/295/220 27/294/219
f 178/300/222 179/299/224 27/294/219 26/293/218
f 29/181/154 30/301/153 178/297/222 177/296/221
f 30/302/153 31/303/152 179/299/224 178/300/222
f 31/303/152 32/178/151 180/298/223 179/299/224
f 32/178/151 29/181/154 177/296/221 180/298/223
f 181/216/178 182/215/176 186/304/225 185/305/226
f 182/212/176 183/213/177 187/306/227 186/307/225
f 183/213/177 184/80/62 188/308/228 187/306/227
f 184/80/62 181/216/178 185/305/226 188/308/228
f 185/305/226 186/304/225 190/225/5 189/9/9
f 186/307/225 187/306/227 191/2/2 190/5/5
f 187/306/227 188/308/228 171/3/3 191/2/2
f 188/308/228 185/305/226 189/9/9 171/3/3
f 192/309/229 193/310/230 10/18/18 9/17/17
f 195/311/231 192/312/229 9/29/17 12/27/25
f 194/313/232 195/311/231 12/27/25 11/25/23
f 193/314/230 194/313/232 11/25/23 10/24/18
f 33/315/150 34/316/149 193/310/230 192/309/229
f 34/176/149 35/175/148 194/313/232 193/314/230
f 35/175/148 36/174/147 195/311/231 194/313/232
f 36/174/147 33/177/150 192/312/229 195/311/231
f 41/317/233 42/318/234 38/319/235 37/320/236
f 44/321/237 41/317/233 37/320/236 40/322/238
f 43/323/239 44/321/237 40/322/238 39/324/240
f 42/325/234 43/323/239 39/324/240 38/326/235
f 43/323/239 42/325/234 199/327/241 200/328/242
f 44/321/237 43/323/239 200/328/242 201/329/243
f 41/317/233 44/321/237 201/329/243 198/330/244
f 42/318/234 41/317/233 198/330/244 199/331/241
f 45/173/146 46/332/145 199/331/241 198/330/244
f 46/333/145 47/334/144 200/328/242 199/327/241
f 47/334/144 48/170/143 201/329/243 200/328/242
f 48/170/143 45/173/146 198/330/244 201/329/243
f 206/335/245 207/336/246 203/53/43 202/52/42
f 207/337/246 208/338/247 204/61/48 203/253/43
f 208/338/247 209/339/248 205/62/49 204/61/48
f 209/339/248 206/340/245 202/239/42 205/62/49
f 210/341/249 211/342/250 207/336/246 206/335/245
f 211/343/250 212/344/251 208/338/247 207/337/246
f 212/344/251 213/345/252 209/339/248 208/338/247
f 213/345/252 210/346/249 206/340/245 209/339/248
f 49/347/253 50/348/254 211/342/250 210/341/249
f 50/349/254 51/350/255 212/344/251 211/343/250
f 51/350/255 52/351/256 213/345/252 212/344/251
f 52/351/256 49/352/253 210/346/249 213/345/252
f 49/352/253 52/351/256 56/353/257 53/354/258
f 50/348/254 49/347/253 53/355/258 54/356/259
f 51/350/255 50/349/254 54/357/259 55/358/260
f 52/351/256 51/350/255 55/358/260 56/353/257
f 53/354/258 56/353/257 217/359/261 214/360/262
f 54/356/259 53/355/258 214/361/262 215/362/263
f 55/358/260 54/357/259 215/363/263 216/364/264
f 56/353/257 55/358/260 216/364/264 217/359/261
f 57/365/142 58/366/141 215/362/263 214/361/262
f 58/168/141 59/167/140 216/364/264 215/363/263
f 59/167/140 60/166/139 217/359/261 216/364/264
f 60/166/139 57/169/142 214/360/262 217/359/261
f 63/367/265 64/368/266 221/49/39 220/48/38
f 62/369/267 63/367/265 220/48/38 219/51/41
f 61/370/268 62/371/267 219/55/41 218/54/44
f 64/368/266 61/370/268 218/54/44 221/49/39
f 61/370/268 64/368/266 225/247/195 222/243/193
f 62/371/267 61/370/268 222/243/193 223/242/192
f 63/367/265 62/369/267 223/254/192 224/90/72
f 64/368/266 63/367/265 224/90/72 225/247/195
f 65/165/138 66/164/137 230/372/269 229/373/200
f 66/374/137 67/163/136 231/375/270 230/376/269
f 67/163/136 68/162/135 232/261/199 231/375/270
f 68/162/135 65/377/138 229/262/200 232/261/199
f 237/378/271 238/379/272 234/241/191 233/240/190
f 238/380/272 239/381/273 235/258/198 234/382/191
f 239/381/273 240/383/274 236/246/194 235/258/198
f 240/383/274 237/378/271 233/240/190 236/246/194
f 237/378/271 240/383/274 244/384/275 241/385/276
f 238/379/272 237/378/271 241/385/276 242/386/277
f 239/381/273 238/380/272 242/387/277 243/388/278
f 240/383/274 239/381/273 243/388/278 244/384/275
f 69/161/134 70/389/133 242/386/277 241/385/276
f 70/390/133 71/391/132 243/388/278 242/387/277
f 71/391/132 72/158/131 244/384/275 243/388/278
f 72/158/131 69/161/134 241/385/276 244/384/275
f 249/228/184 250/227/183 333/188/160 334/235/173
f 250/227/183 251/123/97 332/185/158 333/188/160
f 251/123/97 252/122/96 331/186/159 332/185/158
f 252/244/96 249/230/184 334/205/173 331/204/159
f 259/392/279 260/393/280 256/124/98 255/84/66
f 258/394/281 259/395/279 255/251/66 254/232/187
f 257/396/282 258/394/281 254/232/187 253/231/186
f 260/397/280 257/396/282 253/231/186 256/245/98
f 73/398/283 74/399/284 258/394/281 257/396/282
f 74/399/284 75/400/285 259/395/279 258/394/281
f 75/401/285 76/402/286 260/393/280 259/392/279
f 76/403/286 73/398/283 257/396/282 260/397/280
f 74/399/284 73/398/283 261/404/287 262/405/288
f 75/400/285 74/399/284 262/405/288 263/406/289
f 76/402/286 75/401/285 263/407/289 264/408/290
f 73/398/283 76/403/286 264/409/290 261/404/287
f 77/157/130 78/156/129 262/405/288 261/404/287
f 78/156/129 79/410/128 263/406/289 262/405/288
f 79/155/128 80/154/127 264/408/290 263/407/289
f 80/411/127 77/157/130 261/404/287 264/409/290
f 269/412/291 270/413/292 266/226/182 265/229/185
f 270/413/292 271/414/293 267/82/64 266/226/182
f 271/414/293 272/415/294 268/83/65 267/82/64
f 272/416/294 269/417/291 265/233/185 268/252/65
f 273/418/295 274/419/296 270/413/292 269/412/291
f 274/419/296 275/420/297 271/414/293 270/413/292
f 275/420/297 276/421/298 272/415/294 271/414/293
f 276/422/298 273/423/295 269/417/291 272/416/294
f 81/150/123 82/149/122 274/419/296 273/418/295
f 82/149/122 83/148/121 275/420/297 274/419/296
f 83/148/121 84/147/120 276/421/298 275/420/297
f 84/424/120 81/425/123 273/423/295 276/422/298
f 277/128/101 278/223/90 138/426/20 281/427/181
f 278/115/90 279/234/188 282/428/21 138/429/20
f 279/234/188 280/237/99 283/430/189 282/428/21
f 280/126/99 277/128/101 281/427/181 283/431/189
f 288/432/299 289/433/300 285/222/91 284/221/125
f 289/434/300 290/435/301 286/114/89 285/116/91
f 290/435/301 291/436/302 287/151/124 286/114/89
f 291/436/302 288/437/299 284/152/125 287/151/124
f 85/438/119 86/439/118 293/440/303 292/441/304
f 86/145/118 87/144/117 294/442/305 293/443/303
f 87/144/117 88/143/116 295/444/306 294/442/305
f 88/143/116 85/146/119 292/445/304 295/444/306
f 91/446/307 92/447/308 141/448/14 142/449/46
f 90/450/309 91/446/307 142/449/46 297/451/196
f 89/452/310 90/453/309 297/454/196 296/455/180
f 92/447/308 89/452/310 296/455/180 141/448/14
f 89/452/310 92/447/308 301/456/311 298/457/312
f 90/453/309 89/452/310 298/457/312 299/458/313
f 91/446/307 90/450/309 299/459/313 300/460/314
f 92/447/308 91/446/307 300/460/314 301/456/311
f 93/142/115 94/461/114 299/458/313 298/457/312
f 94/462/114 95/463/113 300/460/314 299/459/313
f 95/463/113 96/139/112 301/456/311 300/460/314
f 96/139/112 93/142/115 298/457/312 301/456/311
f 302/218/179 303/217/156 307/464/8 306/465/7
f 303/183/156 304/182/155 308/466/40 307/467/8
f 304/182/155 305/211/175 219/468/41 308/466/40
f 305/211/175 302/224/179 306/469/7 219/468/41
f 310/470/315 309/471/316 97/472/317 98/473/318
f 311/474/319 310/470/315 98/473/318 99/475/320
f 312/476/321 311/477/319 99/478/320 100/479/322
f 309/471/316 312/480/321 100/481/322 97/472/317
f 313/482/323 314/483/324 98/473/318 97/472/317
f 316/484/325 313/482/323 97/472/317 100/481/322
f 315/485/326 316/486/325 100/479/322 99/478/320
f 314/483/324 315/487/326 99/475/320 98/473/318
f 101/136/109 102/135/108 314/483/324 313/482/323
f 102/135/108 103/488/107 315/487/326 314/483/324
f 103/134/107 104/133/106 316/486/325 315/485/326
f 104/489/106 101/136/109 313/482/323 316/484/325
f 109/132/105 110/131/104 320/490/327 319/491/328
f 110/131/104 111/130/103 321/492/329 320/490/327
f 111/493/103 112/494/102 322/495/330 321/496/329
f 112/494/102 109/497/105 319/498/328 322/495/330
f 8/85/67 7/92/74 15/268/206 16/266/204
f 7/92/74 6/94/76 14/270/208 15/268/206
f 6/96/76 5/86/68 13/265/203 14/272/208
f 5/86/68 8/85/67 16/266/204 13/265/203
f 40/322/238 37/320/236 132/499/61 197/500/63
f 37/320/236 38/319/235 196/501/58 132/499/61
f 38/326/235 39/324/240 131/502/59 196/503/58
f 39/324/240 40/322/238 197/500/63 131/502/59
f 289/433/300 288/432/299 292/441/304 293/440/303
f 288/437/299 291/436/302 295/444/306 292/445/304
f 291/436/302 290/435/301 294/442/305 295/444/306
f 290/435/301 289/434/300 293/443/303 294/442/305
f 339/504/331 342/505/332 317/197/169 150/46/37
f 342/505/332 341/506/333 303/217/156 317/197/169
f 341/507/333 340/508/334 318/184/157 303/183/156
f 340/508/334 339/509/331 150/43/37 318/184/157
f 311/477/319 312/476/321 336/510/335 335/511/336
f 312/480/321 309/471/316 337/512/337 336/513/335
f 309/471/316 310/470/315 338/514/338 337/512/337
f 310/470/315 311/474/319 335/515/336 338/514/338
f 335/511/336 336/510/335 342/505/332 339/504/331
f 338/514/338 335/515/336 339/509/331 340/508/334
f 337/512/337 338/514/338 340/508/334 341/507/333
f 342/505/332 336/510/335 107/516/339 108/517/340
f 336/513/335 337/512/337 106/518/341 107/519/339
f 337/512/337 341/507/333 105/520/342 106/518/341
f 341/506/333 342/505/332 108/517/340 105/521/342
f 108/517/340 107/516/339 321/496/329 322/495/330
f 107/519/339 106/518/341 320/490/327 321/492/329
f 106/518/341 105/520/342 319/491/328 320/490/327
f 105/521/342 108/517/340 322/495/330 319/498/328
f 235/260/198 227/522/71 231/375/270 232/261/199
f 227/89/71 235/258/198 228/250/197
f 227/522/71 226/523/73 230/376/269 231/375/270
f 226/524/73 234/525/191 229/373/200 230/372/269
f 514/526/343 513/527/344 533/528/345
f 461/529/346 533/528/345 532/530/347
f 488/531/348 649/532/349 648/533/350
f 513/527/344 512/534/351 531/535/352
f 466/536/353 514/526/343 533/528/345
f 482/537/354 483/538/355 486/539/356
f 504/540/357 352/541/358 351/542/359 503/543/360
f 481/544/361 624/545/362 480/546/363
f 505/547/364 353/548/365 352/549/358 504/550/357
f 506/551/366 354/552/367 353/548/365 505/547/364
f 503/553/360 351/554/359 354/552/367 506/551/366
f 506/551/366 502/555/368 499/556/369 503/553/360
f 505/547/364 501/557/370 502/555/368 506/551/366
f 504/550/357 500/558/371 501/557/370 505/547/364
f 503/543/360 499/559/369 500/560/371 504/540/357
f 498/561/372 494/562/373 491/563/374 495/564/375
f 497/565/376 493/566/377 494/562/373 498/561/372
f 496/567/378 492/568/379 493/566/377 497/565/376
f 495/569/375 491/570/374 492/571/379 496/572/378
f 562/573/380 650/574/381 563/575/382
f 561/576/383 650/574/381 562/573/380
f 544/577/384 496/572/378 545/578/385
f 560/579/386 648/533/350 561/580/383
f 502/555/368 501/557/370 498/561/372
f 487/581/387 483/582/355 484/583/388 488/531/348
f 490/584/389 486/585/356 483/582/355 487/581/387
f 546/586/390 497/565/376 547/587/391
f 489/588/392 485/589/393 486/585/356 490/584/389
f 495/569/375 500/560/371 499/559/369
f 488/590/348 484/591/388 485/589/393 489/588/392
f 482/537/354 478/592/394 475/593/395 479/594/396
f 481/544/361 477/595/397 478/592/394 482/537/354
f 480/546/363 476/596/398 477/595/397 481/544/361
f 479/594/396 475/593/395 476/597/398 480/598/363
f 472/599/399 473/600/400 538/601/401
f 475/593/395 471/602/402 472/603/399 476/597/398
f 478/592/394 474/604/403 471/602/402 475/593/395
f 477/595/397 538/601/401 474/604/403 478/592/394
f 476/596/398 472/599/399 538/601/401 477/595/397
f 474/604/403 539/605/404 526/606/405
f 609/607/406 597/608/407 610/609/408
f 350/610/409 470/611/410 467/612/411 347/613/412
f 569/614/413 568/615/414 566/616/415
f 349/617/416 469/618/417 470/611/410 350/610/409
f 348/619/418 468/620/419 469/618/417 349/617/416
f 347/613/412 467/612/411 468/621/419 348/622/418
f 470/611/410 668/623/420 665/624/421 467/612/411
f 469/618/417 667/625/422 668/623/420 470/611/410
f 468/620/419 666/626/423 667/625/422 469/618/417
f 467/612/411 665/624/421 666/627/423 468/621/419
f 462/628/424 458/629/425 455/630/426 459/631/427
f 461/529/346 457/632/428 458/629/425 462/628/424
f 460/633/429 456/634/430 457/635/428 461/636/346
f 459/637/427 455/638/426 456/634/430 460/633/429
f 628/639/431 627/640/432 620/641/433
f 458/629/425 346/642/434 343/643/435 455/630/426
f 457/632/428 345/644/436 346/642/434 458/629/425
f 456/634/430 344/645/437 345/646/436 457/635/428
f 594/647/438 598/648/439 593/649/440
f 455/638/426 343/650/435 344/645/437 456/634/430
f 622/651/441 619/652/442 590/653/443
f 454/654/444 451/655/445 452/656/446 453/657/447
f 446/658/448 443/659/449 444/660/450 445/661/451
f 628/639/431 589/662/452 588/663/453
f 438/664/454 435/665/455 436/666/456 437/667/457
f 430/668/458 427/669/459 428/670/460 429/671/461
f 426/672/462 423/673/463 424/674/464 425/675/465
f 629/676/466 587/677/467 626/678/468
f 498/561/372 501/557/370 547/587/391 497/565/376
f 422/679/469 419/680/470 420/681/471 421/682/472
f 414/683/473 411/684/474 412/685/475 413/686/476
f 410/687/477 407/688/478 408/689/479 409/690/480
f 402/691/481 399/692/482 400/693/483 401/694/484
f 390/695/485 387/696/486 388/697/487 389/698/488
f 588/663/453 629/676/466 628/639/431
f 378/699/489 375/700/490 376/701/491 377/702/492
f 589/662/452 629/676/466 588/663/453
f 374/703/493 371/704/494 372/705/495 373/706/496
f 646/707/497 660/708/498 645/709/499
f 589/662/452 590/710/443 673/711/500 674/712/501
f 629/676/466 589/662/452 674/712/501 675/713/502
f 362/714/503 359/715/504 360/716/505 361/717/506
f 514/526/343 465/718/507 672/719/508 669/720/509
f 513/527/344 514/526/343 669/720/509 670/721/510
f 492/571/379 491/570/374 659/722/511
f 466/536/353 463/723/512 665/724/421 668/725/420
f 460/633/429 531/535/352 512/534/351 464/726/513
f 511/727/514 466/536/353 668/725/420 667/728/422
f 590/653/443 587/729/467 676/730/515 673/731/500
f 465/718/507 512/534/351 671/732/516 672/719/508
f 463/733/512 464/726/513 666/734/423 665/735/421
f 544/577/384 500/560/371 495/569/375 496/572/378
f 563/575/382 650/574/381 489/588/392 490/584/389
f 646/707/497 647/736/517 494/562/373 493/566/377
f 593/649/440 598/648/439 597/608/407 609/607/406
f 524/737/518 525/738/519 473/600/400 472/599/399
f 486/539/356 485/739/393 481/544/361 482/537/354
f 460/633/429 464/726/513 463/733/512 459/637/427
f 487/581/387 488/531/348 648/533/350 560/579/386
f 472/603/399 471/602/402 523/740/520 524/741/518
f 659/722/511 491/570/374 644/742/521 645/743/499
f 480/598/363 623/744/522 638/745/523 479/594/396
f 560/579/386 563/575/382 490/584/389 487/581/387
f 462/628/424 466/536/353 533/528/345 461/529/346
f 626/746/468 619/652/442 620/747/433 627/748/432
f 644/749/521 491/563/374 494/562/373 647/736/517
f 526/606/405 539/605/404 473/600/400 525/738/519
f 626/746/468 587/729/467 590/653/443 619/652/442
f 474/604/403 526/606/405 523/740/520 471/602/402
f 462/628/424 459/631/427 463/723/512 466/536/353
f 461/636/346 532/750/347 531/535/352 460/633/429
f 482/537/354 479/594/396 638/745/523 483/538/355
f 512/534/351 513/527/344 670/721/510 671/732/516
f 608/751/524 607/752/525 591/753/526 592/754/527
f 591/755/526 607/756/525 596/757/528 595/758/529
f 628/639/431 620/641/433 621/759/530 589/662/452
f 464/726/513 511/727/514 667/728/422 666/734/423
f 587/677/467 629/676/466 675/713/502 676/760/515
f 650/574/381 649/761/349 488/590/348 489/588/392
f 622/762/441 590/710/443 589/662/452 621/759/530
f 493/566/377 492/568/379 660/708/498 646/707/497
f 499/556/369 502/555/368 498/561/372 495/564/375
f 485/739/393 625/763/531 624/545/362 481/544/361
f 593/649/440 609/607/406 608/751/524 592/754/527
f 514/526/343 466/536/353 511/727/514 465/718/507
f 547/587/391 501/557/370 500/558/371 544/764/384
f 511/727/514 464/726/513 512/534/351 465/718/507
f 575/765/532 564/766/533 565/767/534 576/768/535
f 594/769/438 591/755/526 595/758/529 598/770/439
f 578/771/536 567/772/537 564/766/533 575/765/532
f 484/591/388 639/773/538 625/774/531 485/589/393
f 567/772/537 570/775/539 569/614/413 566/616/415
f 597/776/407 596/757/528 607/756/525 610/777/408
f 545/778/385 496/567/378 497/565/376 546/586/390
f 566/616/415 568/615/414 576/779/535 565/780/534
f 623/744/522 625/774/531 639/773/538 638/745/523
f 578/771/536 577/781/540 570/775/539 567/772/537
f 576/782/535 571/783/541 574/784/542 577/785/540
f 510/786/543 358/787/544 355/788/545 507/789/546
f 509/790/547 357/791/548 358/787/544 510/786/543
f 508/792/549 356/793/550 357/791/548 509/790/547
f 507/789/546 355/788/545 356/794/550 508/795/549
f 359/796/504 507/789/546 508/795/549 360/797/505
f 360/798/505 508/792/549 509/790/547 361/717/506
f 361/717/506 509/790/547 510/786/543 362/714/503
f 362/714/503 510/786/543 507/789/546 359/796/504
f 515/799/551 672/800/508 671/801/516 516/802/552
f 516/803/552 671/804/516 670/805/510 517/806/553
f 517/806/553 670/805/510 669/807/509 518/808/554
f 518/808/554 669/807/509 672/800/508 515/799/551
f 363/809/555 515/799/551 516/802/552 364/810/556
f 366/811/557 518/808/554 515/799/551 363/809/555
f 365/812/558 517/806/553 518/808/554 366/811/557
f 364/813/556 516/803/552 517/806/553 365/812/558
f 364/810/556 368/814/559 367/815/560 363/809/555
f 365/812/558 369/816/561 368/817/559 364/813/556
f 366/811/557 370/818/562 369/816/561 365/812/558
f 363/809/555 367/815/560 370/818/562 366/811/557
f 519/819/563 367/815/560 368/814/559 520/820/564
f 522/821/565 370/818/562 367/815/560 519/819/563
f 521/822/566 369/816/561 370/818/562 522/821/565
f 520/823/564 368/817/559 369/816/561 521/822/566
f 371/824/494 519/819/563 520/820/564 372/825/495
f 372/826/495 520/823/564 521/822/566 373/706/496
f 373/706/496 521/822/566 522/821/565 374/703/493
f 374/703/493 522/821/565 519/819/563 371/824/494
f 523/740/520 527/827/567 528/828/568 524/741/518
f 524/737/518 528/829/568 529/830/569 525/738/519
f 525/738/519 529/830/569 530/831/570 526/606/405
f 526/606/405 530/831/570 527/827/567 523/740/520
f 527/827/567 531/535/352 532/750/347 528/828/568
f 528/829/568 532/530/347 533/528/345 529/830/569
f 529/830/569 533/528/345 513/527/344 530/831/570
f 530/831/570 513/527/344 531/535/352 527/827/567
f 534/832/571 351/542/359 352/541/358 535/833/572
f 537/834/573 354/552/367 351/554/359 534/835/571
f 536/836/574 353/548/365 354/552/367 537/834/573
f 535/837/572 352/549/358 353/548/365 536/836/574
f 375/838/490 534/832/571 535/833/572 376/839/491
f 376/701/491 535/837/572 536/836/574 377/702/492
f 377/702/492 536/836/574 537/834/573 378/699/489
f 378/699/489 537/834/573 534/835/571 375/700/490
f 383/840/575 379/841/576 380/842/577 384/843/578
f 386/844/579 382/845/580 379/841/576 383/840/575
f 385/846/581 381/847/582 382/845/580 386/844/579
f 384/848/578 380/849/577 381/847/582 385/846/581
f 385/846/581 542/850/583 541/851/584 384/848/578
f 386/844/579 543/852/585 542/850/583 385/846/581
f 383/840/575 540/853/586 543/852/585 386/844/579
f 384/843/578 541/854/584 540/853/586 383/840/575
f 387/855/486 540/853/586 541/854/584 388/856/487
f 388/857/487 541/851/584 542/850/583 389/698/488
f 389/698/488 542/850/583 543/852/585 390/695/485
f 390/695/485 543/852/585 540/853/586 387/855/486
f 548/858/587 544/577/384 545/578/385 549/859/588
f 549/860/588 545/778/385 546/586/390 550/861/589
f 550/861/589 546/586/390 547/587/391 551/862/590
f 551/862/590 547/587/391 544/764/384 548/863/587
f 552/864/591 548/858/587 549/859/588 553/865/592
f 553/866/592 549/860/588 550/861/589 554/867/593
f 554/867/593 550/861/589 551/862/590 555/868/594
f 555/868/594 551/862/590 548/863/587 552/869/591
f 391/870/595 552/864/591 553/865/592 392/871/596
f 392/872/596 553/866/592 554/867/593 393/873/597
f 393/873/597 554/867/593 555/868/594 394/874/598
f 394/874/598 555/868/594 552/869/591 391/875/595
f 391/875/595 395/876/599 398/877/600 394/874/598
f 392/871/596 396/878/601 395/879/599 391/870/595
f 393/873/597 397/880/602 396/881/601 392/872/596
f 394/874/598 398/877/600 397/880/602 393/873/597
f 395/876/599 556/882/603 559/883/604 398/877/600
f 396/878/601 557/884/605 556/885/603 395/879/599
f 397/880/602 558/886/606 557/887/605 396/881/601
f 398/877/600 559/883/604 558/886/606 397/880/602
f 399/888/482 556/885/603 557/884/605 400/889/483
f 400/693/483 557/887/605 558/886/606 401/694/484
f 401/694/484 558/886/606 559/883/604 402/691/481
f 402/691/481 559/883/604 556/882/603 399/692/482
f 405/890/607 562/573/380 563/575/382 406/891/608
f 404/892/609 561/576/383 562/573/380 405/890/607
f 403/893/610 560/579/386 561/580/383 404/894/609
f 406/891/608 563/575/382 560/579/386 403/893/610
f 403/893/610 564/766/533 567/772/537 406/891/608
f 404/894/609 565/767/534 564/766/533 403/893/610
f 405/890/607 566/616/415 565/780/534 404/892/609
f 406/891/608 567/772/537 566/616/415 405/890/607
f 407/688/478 571/783/541 572/895/611 408/689/479
f 408/689/479 572/895/611 573/896/612 409/897/480
f 409/690/480 573/898/612 574/899/542 410/687/477
f 410/900/477 574/784/542 571/783/541 407/688/478
f 579/901/613 575/765/532 576/768/535 580/902/614
f 580/903/614 576/904/535 577/781/540 581/905/615
f 581/905/615 577/781/540 578/771/536 582/906/616
f 582/906/616 578/771/536 575/765/532 579/901/613
f 579/901/613 583/907/617 586/908/618 582/906/616
f 580/902/614 584/909/619 583/907/617 579/901/613
f 581/905/615 585/910/620 584/911/619 580/903/614
f 582/906/616 586/908/618 585/910/620 581/905/615
f 411/684/474 583/907/617 584/909/619 412/912/475
f 412/913/475 584/911/619 585/910/620 413/914/476
f 413/914/476 585/910/620 586/908/618 414/683/473
f 414/683/473 586/908/618 583/907/617 411/684/474
f 591/753/526 676/760/515 675/713/502 592/754/527
f 592/754/527 675/713/502 674/712/501 593/649/440
f 593/649/440 674/712/501 673/711/500 594/647/438
f 594/769/438 673/731/500 676/730/515 591/755/526
f 601/915/621 597/608/407 598/648/439 602/916/622
f 600/917/623 596/757/528 597/776/407 601/918/621
f 599/919/624 595/758/529 596/757/528 600/917/623
f 602/920/622 598/770/439 595/758/529 599/919/624
f 415/921/625 599/919/624 600/917/623 416/922/626
f 416/922/626 600/917/623 601/918/621 417/923/627
f 417/924/627 601/915/621 602/916/622 418/925/628
f 418/926/628 602/920/622 599/919/624 415/921/625
f 416/922/626 604/927/629 603/928/630 415/921/625
f 417/923/627 605/929/631 604/927/629 416/922/626
f 418/925/628 606/930/632 605/931/631 417/924/627
f 415/921/625 603/928/630 606/932/632 418/926/628
f 419/680/470 603/928/630 604/927/629 420/681/471
f 420/681/471 604/927/629 605/929/631 421/933/472
f 421/682/472 605/931/631 606/930/632 422/679/469
f 422/934/469 606/932/632 603/928/630 419/680/470
f 611/935/633 607/752/525 608/751/524 612/936/634
f 612/936/634 608/751/524 609/607/406 613/937/635
f 613/937/635 609/607/406 610/609/408 614/938/636
f 614/939/636 610/777/408 607/756/525 611/940/633
f 615/941/637 611/935/633 612/936/634 616/942/638
f 616/942/638 612/936/634 613/937/635 617/943/639
f 617/943/639 613/937/635 614/938/636 618/944/640
f 618/945/640 614/939/636 611/940/633 615/946/637
f 423/673/463 615/941/637 616/942/638 424/674/464
f 424/674/464 616/942/638 617/943/639 425/675/465
f 425/675/465 617/943/639 618/944/640 426/672/462
f 426/947/462 618/945/640 615/946/637 423/948/463
f 619/652/442 623/949/522 480/950/363 620/747/433
f 620/641/433 480/951/363 624/952/362 621/759/530
f 621/759/530 624/952/362 625/953/531 622/762/441
f 622/651/441 625/954/531 623/949/522 619/652/442
f 630/955/641 626/746/468 627/748/432 631/956/642
f 631/957/642 627/640/432 628/639/431 632/958/643
f 632/958/643 628/639/431 629/676/466 633/959/644
f 633/959/644 629/676/466 626/678/468 630/960/641
f 427/961/459 634/962/645 635/963/646 428/964/460
f 428/670/460 635/965/646 636/966/647 429/671/461
f 429/671/461 636/966/647 637/967/648 430/668/458
f 430/668/458 637/967/648 634/968/645 427/669/459
f 433/969/649 484/970/388 483/971/355 434/972/650
f 432/973/651 639/974/538 484/970/388 433/969/649
f 431/975/652 638/976/523 639/977/538 432/978/651
f 434/972/650 483/971/355 638/976/523 431/975/652
f 431/975/652 640/979/653 643/980/654 434/972/650
f 432/978/651 641/981/655 640/979/653 431/975/652
f 433/969/649 642/982/656 641/983/655 432/973/651
f 434/972/650 643/980/654 642/982/656 433/969/649
f 435/665/455 640/979/653 641/981/655 436/984/456
f 436/985/456 641/983/655 642/982/656 437/986/457
f 437/986/457 642/982/656 643/980/654 438/664/454
f 438/664/454 643/980/654 640/979/653 435/665/455
f 644/742/521 648/987/350 649/988/349 645/743/499
f 645/709/499 649/989/349 650/990/381 646/707/497
f 646/707/497 650/990/381 561/991/383 647/736/517
f 647/736/517 561/991/383 648/992/350 644/749/521
f 652/993/657 440/994/658 439/995/659 651/996/660
f 653/997/661 441/998/662 440/994/658 652/993/657
f 654/999/663 442/1000/664 441/1001/662 653/1002/661
f 651/996/660 439/995/659 442/1003/664 654/1004/663
f 655/1005/665 439/995/659 440/994/658 656/1006/666
f 658/1007/667 442/1003/664 439/995/659 655/1005/665
f 657/1008/668 441/1001/662 442/1000/664 658/1009/667
f 656/1006/666 440/994/658 441/998/662 657/1010/668
f 443/659/449 655/1005/665 656/1006/666 444/660/450
f 444/660/450 656/1006/666 657/1010/668 445/1011/451
f 445/661/451 657/1008/668 658/1009/667 446/658/448
f 446/1012/448 658/1007/667 655/1005/665 443/659/449
f 451/1013/445 661/1014/669 662/1015/670 452/1016/446
f 452/1016/446 662/1015/670 663/1017/671 453/1018/447
f 453/657/447 663/1019/671 664/1020/672 454/654/444
f 454/654/444 664/1020/672 661/1021/669 451/655/445
f 350/610/409 358/787/544 357/791/548 349/617/416
f 349/617/416 357/791/548 356/793/550 348/619/418
f 348/622/418 356/794/550 355/788/545 347/613/412
f 347/613/412 355/788/545 358/787/544 350/610/409
f 382/845/580 539/1022/404 474/1023/403 379/841/576
f 379/841/576 474/1023/403 538/1024/401 380/842/577
f 380/849/577 538/1025/401 473/1026/400 381/847/582
f 381/847/582 473/1026/400 539/1022/404 382/845/580
f 631/956/642 635/963/646 634/962/645 630/955/641
f 630/960/641 634/968/645 637/967/648 633/959/644
f 633/959/644 637/967/648 636/966/647 632/958/643
f 632/958/643 636/966/647 635/965/646 631/957/642
f 681/1027/673 492/571/379 659/722/511 684/1028/674
f 684/1028/674 659/722/511 645/743/499 683/1029/675
f 683/1030/675 645/709/499 660/708/498 682/1031/676
f 682/1031/676 660/708/498 492/568/379 681/1032/673
f 653/1002/661 677/1033/677 678/1034/678 654/999/663
f 654/1004/663 678/1035/678 679/1036/679 651/996/660
f 651/996/660 679/1036/679 680/1037/680 652/993/657
f 652/993/657 680/1037/680 677/1038/677 653/997/661
f 677/1033/677 681/1027/673 684/1028/674 678/1034/678
f 680/1037/680 682/1031/676 681/1032/673 677/1038/677
f 679/1036/679 683/1030/675 682/1031/676 680/1037/680
f 684/1028/674 450/1039/681 449/1040/682 678/1034/678
f 678/1035/678 449/1041/682 448/1042/683 679/1036/679
f 679/1036/679 448/1042/683 447/1043/684 683/1030/675
f 683/1029/675 447/1044/684 450/1039/681 684/1028/674
f 450/1039/681 664/1020/672 663/1019/671 449/1040/682
f 449/1041/682 663/1017/671 662/1015/670 448/1042/683
f 448/1042/683 662/1015/670 661/1014/669 447/1043/684
f 447/1044/684 661/1021/669 664/1020/672 450/1039/681
f 577/1045/540 574/899/542 573/898/612 569/1046/413
f 569/614/413 570/775/539 577/781/540
f 569/1047/413 573/896/612 572/895/611 568/1048/414
f 568/1048/414 572/895/611 571/783/541 576/782/535
o Head_Cylinder.002
v 0.183427 4.695061 2.051996
v 0.282499 4.572495 2.220309
v 0.057929 4.447435 2.965669
v -0.026922 4.953795 2.455816
v -0.075205 4.187346 3.020416
v 0.118885 4.300381 2.818161
v -0.104718 4.840037 2.950081
v -0.144438 4.211491 3.247111
v -0.015943 4.277414 3.146435
v 0.150265 4.881682 2.652572
v -0.091287 4.547111 3.293345
v -0.177370 4.708286 3.265947
v -0.186880 4.280955 3.392874
v -0.100302 4.325918 3.359289
v -0.263333 4.515388 3.611147
v -0.167906 4.330806 3.494781
v -0.224458 4.302999 3.507549
v -0.239037 4.635126 3.507201
v -0.231722 4.463109 3.589982
v -0.232810 4.328438 3.548563
v -0.073174 4.369096 3.323992
v -0.238487 4.413027 3.593098
v -0.229193 4.353679 3.552828
v -0.068604 4.406919 3.318050
v -0.144852 4.353331 3.483547
v -0.143278 4.419116 3.489990
v -0.161054 4.372929 3.454974
v -0.099788 4.389024 3.297565
v -0.100976 4.378957 3.299654
v -0.231283 4.382669 3.559700
v -0.235700 4.369065 3.528942
v -0.151055 4.390429 3.461235
v -0.035112 4.592763 3.066249
v 0.273614 4.720945 2.537379
v 0.201213 4.486849 2.705109
v -0.015177 4.792913 2.920882
v 0.084929 4.593765 2.870351
v 0.146830 4.784966 2.786909
v 0.052653 4.734482 2.895187
v 0.201286 4.714092 2.701090
v 0.020883 4.639158 2.916132
v 0.171155 4.618216 2.763587
v 0.131726 4.707067 2.797554
v 0.088600 4.697572 2.865739
v 0.137839 4.678525 2.739208
v 0.062874 4.655565 2.867288
v 0.128338 4.651231 2.791842
v 0.096500 4.637767 2.851738
v 0.233556 4.963633 2.192891
v 0.290505 4.715936 2.120638
v 0.306566 4.526080 2.373774
v 0.298314 4.704197 2.360283
v 0.096029 4.822345 2.116279
v 0.186698 4.878187 2.271248
v 0.234549 4.944598 2.233430
v 0.475177 4.846659 2.095643
v 0.231093 4.837106 2.118487
v 0.263714 4.740947 2.307552
v 0.356746 4.708588 2.209766
v 0.466445 4.945745 2.043514
v 0.493560 5.009058 1.993159
v 0.519928 4.981493 1.998197
v 0.427907 4.850718 2.052106
v 0.379612 5.035938 2.076983
v 0.382523 4.942427 2.044954
v 0.435845 4.834768 2.128295
v 0.336761 4.908741 2.122543
v 0.285007 4.771737 2.243032
v 0.242712 4.858532 2.238538
v 0.369298 4.845476 2.130004
v 0.353126 4.995604 2.109327
v 0.443214 4.968613 2.034027
v 0.217130 4.823647 2.297815
v 0.340622 4.723929 2.252647
v -0.234492 4.524599 3.548965
v -0.199069 4.533210 3.518487
v -0.178335 4.473305 3.531076
v -0.259929 4.545882 3.586019
v -0.159321 4.535851 3.500015
v -0.209304 4.556149 3.533792
v -0.181058 4.558153 3.449762
v -0.207967 4.552045 3.475507
v -0.186781 4.546769 3.514445
v -0.191139 4.528889 3.507780
v -0.210169 4.515970 3.531461
v -0.227750 4.523957 3.529325
v 0.059703 4.987598 2.411977
v 0.233274 4.906676 2.486515
v 0.021686 4.928746 2.680323
v 0.184666 4.931725 2.262008
v 0.173433 5.013665 2.428192
v 0.277628 4.958187 2.440870
v 0.225389 4.973997 2.293411
v 0.111942 4.971787 2.559436
v -0.170699 4.683010 1.986334
v -0.315008 4.552404 2.109739
v -0.366502 4.432538 2.886558
v -0.138389 4.949883 2.435039
v -0.244692 4.181398 2.988825
v -0.360182 4.283566 2.728867
v -0.236144 4.835424 2.925584
v -0.263477 4.207313 3.224923
v -0.351287 4.265645 3.083930
v -0.369185 4.863450 2.555750
v -0.352315 4.537950 3.244692
v -0.273272 4.704920 3.248072
v -0.281141 4.277647 3.375305
v -0.352667 4.317060 3.312249
v -0.304426 4.513947 3.603488
v -0.338845 4.324806 3.462920
v -0.288931 4.300736 3.495532
v -0.297744 4.633066 3.496259
v -0.322683 4.459916 3.573027
v -0.297641 4.326162 3.536479
v -0.368136 4.358743 3.269013
v -0.314116 4.410373 3.579002
v -0.304253 4.351044 3.538838
v -0.372813 4.396242 3.261348
v -0.357782 4.345858 3.443858
v -0.366023 4.411298 3.448472
v -0.333752 4.366867 3.422785
v -0.335211 4.380761 3.253684
v -0.334175 4.370772 3.256188
v -0.306745 4.380020 3.545634
v -0.290644 4.367137 3.518701
v -0.346495 4.383570 3.424806
v -0.325963 4.582555 3.012036
v -0.431625 4.696192 2.405928
v -0.408745 4.465441 2.591417
v -0.305767 4.782715 2.866718
v -0.367243 4.577894 2.786069
v -0.407775 4.765500 2.683534
v -0.355681 4.720150 2.819077
v -0.422765 4.692189 2.584771
v -0.327196 4.626941 2.851254
v -0.410720 4.597793 2.655129
v -0.392273 4.688676 2.699885
v -0.376033 4.681264 2.779135
v -0.375031 4.660523 2.643613
v -0.349806 4.641081 2.790368
v -0.383281 4.633274 2.696479
v -0.374294 4.621243 2.763985
v -0.286832 4.945368 2.095895
v -0.297043 4.695313 2.011124
v -0.390212 4.501624 2.243899
v -0.389748 4.680047 2.232033
v -0.121715 4.814702 2.075693
v -0.265635 4.862311 2.186937
v -0.301054 4.925799 2.133598
v -0.468753 4.813528 1.919702
v -0.249193 4.820249 2.028965
v -0.341066 4.719720 2.194826
v -0.390257 4.682368 2.070530
v -0.448583 4.913630 1.872960
v -0.459985 4.975591 1.815425
v -0.484467 4.946240 1.810986
v -0.409375 4.821330 1.896044
v -0.385936 5.009069 1.934292
v -0.370783 4.915987 1.904544
v -0.443096 4.803919 1.964467
v -0.353836 4.884502 1.993822
v -0.339750 4.749809 2.126583
v -0.304657 4.839320 2.136514
v -0.382512 4.819089 1.989873
v -0.370195 4.970216 1.974506
v -0.425101 4.938136 1.872179
v -0.299818 4.805503 2.201460
v -0.391723 4.698225 2.116144
v -0.309512 4.521966 3.534982
v -0.332092 4.528542 3.493692
v -0.351856 4.467214 3.498733
v -0.300618 4.544454 3.578434
v -0.362611 4.528715 3.462123
v -0.329630 4.551926 3.511365
v -0.325812 4.553073 3.422781
v -0.309622 4.548477 3.456559
v -0.342990 4.541286 3.485329
v -0.335325 4.523828 3.480905
v -0.325263 4.511930 3.510008
v -0.308676 4.521117 3.514241
v -0.205514 4.978290 2.362543
v -0.388369 4.884857 2.370645
v -0.262711 4.918765 2.627313
v -0.264047 4.915976 2.178371
v -0.318946 4.996384 2.336416
v -0.416707 4.933817 2.311451
v -0.316106 4.954992 2.192480
v -0.306115 4.957114 2.481514
v 0.181855 4.564654 1.975057
v 0.317135 4.391917 2.276438
v 0.165363 4.917554 2.253771
v 0.299431 4.697548 2.424935
v 0.180194 4.327422 2.671635
v -0.042108 4.189569 2.904169
v -0.003273 4.786904 2.050600
v 0.245047 4.658516 2.112633
v 0.283689 4.371389 2.509385
v -0.050826 4.905472 2.804819
v 0.049289 4.868318 2.791582
v 0.041504 4.257664 3.001309
v -0.118574 4.177616 3.156537
v 0.185254 4.895399 2.550533
v 0.187409 4.387973 2.719637
v -0.166680 4.170317 3.043385
v -0.088243 4.955962 2.474628
v 0.022422 4.231148 2.938986
v -0.145173 4.763842 3.106870
v -0.062813 4.563600 3.176004
v -0.060773 4.315033 3.262706
v -0.163604 4.256695 3.317453
v -0.205216 4.208238 3.242991
v -0.173768 4.851520 2.953138
v -0.046140 4.815619 2.933600
v -0.081295 4.230181 3.220515
v 0.035753 4.350673 3.052332
v -0.206822 4.667377 3.406372
v -0.122725 4.539221 3.405580
v -0.135642 4.325900 3.436531
v -0.208940 4.293361 3.460523
v -0.130438 4.654697 3.272223
v -0.067986 4.444772 3.313796
v -0.235201 4.273587 3.391555
v -0.226758 4.720740 3.262053
v -0.140480 4.298738 3.381405
v -0.261059 4.598853 3.567422
v -0.205979 4.461838 3.561350
v -0.199496 4.333899 3.532604
v -0.232669 4.313486 3.536160
v -0.214346 4.606067 3.504591
v -0.156632 4.440365 3.499289
v -0.193533 4.319056 3.502166
v -0.257363 4.293328 3.506735
v -0.270971 4.643926 3.513725
v -0.266107 4.323002 3.548057
v -0.285223 4.521415 3.613256
v -0.242935 4.436542 3.592376
v -0.074987 4.352654 3.336745
v -0.150654 4.341235 3.487780
v -0.229959 4.343341 3.551779
v -0.082689 4.399642 3.311007
v -0.140633 4.404243 3.483775
v -0.230547 4.394443 3.584693
v -0.085093 4.377209 3.313979
v -0.148864 4.364695 3.474979
v -0.230958 4.361553 3.546839
v -0.057181 4.387802 3.267800
v -0.105944 4.355904 3.418587
v -0.280228 4.412882 3.606894
v -0.191851 4.414031 3.550003
v -0.186926 4.354787 3.525939
v -0.269139 4.351826 3.558900
v -0.099839 4.419630 3.412770
v -0.118394 4.376736 3.280924
v -0.168010 4.377146 3.430532
v -0.236356 4.374300 3.526411
v -0.118841 4.377522 3.283174
v -0.177333 4.379598 3.429249
v -0.241932 4.376396 3.505091
v -0.124838 4.374591 3.389671
v -0.200912 4.371808 3.499939
v -0.120853 4.391550 3.388624
v -0.091837 4.384333 3.247946
v -0.272877 4.379599 3.573722
v -0.188497 4.387018 3.517544
v -0.265563 4.366807 3.536892
v 0.235889 4.738442 2.646476
v 0.135170 4.850035 2.746681
v 0.186921 4.571950 2.733463
v -0.007456 4.622113 2.975739
v 0.010358 4.767382 2.909039
v 0.068387 4.538275 2.900366
v 0.240718 4.832670 2.551841
v 0.127133 4.431488 2.839777
v 0.001286 4.509567 3.051565
v -0.043267 4.689665 3.019447
v 0.257572 4.590880 2.593647
v 0.168903 4.682565 2.724305
v 0.155572 4.724602 2.796214
v 0.152200 4.639894 2.786155
v 0.045722 4.648706 2.881844
v 0.086978 4.706964 2.880396
v 0.097614 4.623673 2.859511
v 0.133485 4.581691 2.828585
v 0.041918 4.623301 2.896871
v 0.097106 4.790257 2.849829
v 0.186624 4.749336 2.729603
v 0.023802 4.667498 2.918712
v 0.194801 4.672598 2.709656
v 0.107435 4.688230 2.749955
v 0.091585 4.710949 2.794914
v 0.102024 4.657398 2.789089
v 0.076184 4.661079 2.862598
v 0.073870 4.697244 2.851148
v 0.088488 4.643953 2.845498
v 0.115979 4.716776 2.841158
v 0.138220 4.687850 2.756411
v 0.065571 4.670240 2.873661
v 0.133555 4.669511 2.749751
v 0.075016 4.646941 2.856640
v 0.117538 4.636408 2.835748
v 0.199481 4.778895 2.106227
v 0.265368 4.674880 2.143161
v 0.215133 4.838570 2.293057
v 0.282372 4.724220 2.326723
v 0.175278 4.891195 2.190964
v 0.248557 4.755044 2.104004
v 0.312702 4.660038 2.262810
v 0.301089 4.505559 2.324204
v 0.124655 4.732758 2.049401
v 0.304152 4.602557 2.381615
v 0.266636 4.804805 2.320065
v 0.111997 4.894112 2.205948
v 0.288579 4.886118 2.095654
v 0.347887 4.754882 2.105849
v 0.295291 4.725662 2.285971
v 0.454430 4.954052 2.041330
v 0.293966 5.018823 2.146689
v 0.459207 4.844332 2.072395
v 0.417853 4.746028 2.169194
v 0.334161 4.705283 2.159017
v 0.237647 4.970367 2.225207
v 0.229097 4.920506 2.152110
v 0.358740 4.717564 2.248954
v 0.390532 4.754159 2.201962
v 0.466369 4.989063 1.999689
v 0.496582 4.945551 2.002019
v 0.480406 5.002284 2.009794
v 0.506898 4.975804 2.019181
v 0.457231 5.028257 2.015299
v 0.507995 4.989688 1.993234
v 0.514081 4.946481 2.026262
v 0.469497 4.847027 2.116170
v 0.465003 4.915411 2.064521
v 0.374745 5.032126 2.095256
v 0.397079 4.879015 2.040915
v 0.378586 5.006289 2.058789
v 0.217914 4.831080 2.281112
v 0.259029 4.756183 2.285434
v 0.284627 4.889814 2.181785
v 0.326735 4.798030 2.188503
v 0.233244 4.902070 2.232795
v 0.312631 4.738411 2.243216
v 0.260713 4.814811 2.244128
v 0.391996 4.930084 2.070171
v 0.415076 4.899556 2.078140
v 0.395390 4.828158 2.132684
v 0.351710 4.875934 2.125031
v 0.334038 4.947449 2.118616
v 0.239718 4.772651 2.312972
v 0.210543 4.884206 2.268996
v 0.283845 4.987503 2.182934
v 0.415285 4.984204 2.047920
v -0.185773 4.538025 3.546390
v -0.245531 4.509741 3.570738
v -0.214027 4.523296 3.517638
v -0.209136 4.520240 3.552520
v -0.194475 4.506594 3.546768
v -0.244506 4.511304 3.591578
v -0.216813 4.490372 3.573738
v -0.252022 4.479999 3.609179
v -0.265891 4.545332 3.601542
v -0.159285 4.497859 3.507763
v -0.242162 4.541376 3.563721
v -0.176606 4.563280 3.508477
v -0.179493 4.555630 3.462722
v -0.213068 4.550677 3.488631
v -0.190781 4.556303 3.459409
v -0.187058 4.558151 3.471099
v -0.182081 4.544604 3.460112
v -0.225057 4.542453 3.503532
v -0.208363 4.537373 3.489827
v -0.188208 4.544200 3.521036
v -0.225231 4.519789 3.545431
v -0.235987 4.527092 3.543213
v -0.189516 4.541479 3.507198
v -0.196430 4.517539 3.515947
v 0.214658 4.943079 2.280406
v 0.085161 4.940604 2.593045
v 0.271631 4.924582 2.452600
v 0.028188 4.959100 2.420850
v -0.038924 4.946628 2.641698
v 0.050129 4.949183 2.277609
v 0.278458 4.913522 2.350986
v 0.123041 4.911611 2.614368
v 0.212950 5.004266 2.332261
v 0.131532 5.002679 2.523239
v 0.246488 4.992783 2.437381
v 0.097994 5.014162 2.418118
v 0.057230 4.983053 2.532290
v 0.116658 4.984790 2.298889
v 0.305758 4.962652 2.354439
v 0.195017 4.961073 2.520077
v -0.132232 4.555573 1.918283
v -0.354316 4.373573 2.156040
v -0.242160 4.903251 2.177812
v -0.413602 4.672522 2.292031
v -0.366339 4.308240 2.569766
v -0.233810 4.182840 2.868437
v -0.247401 4.641766 2.021331
v -0.407241 4.347139 2.380600
v -0.238456 4.898886 2.769846
v -0.324338 4.855205 2.721941
v -0.351184 4.243881 2.928114
v -0.252657 4.172911 3.131545
v -0.365956 4.876052 2.447791
v -0.394428 4.367551 2.611187
v -0.309204 4.219508 2.877174
v -0.249756 4.760171 3.087377
v -0.337704 4.553951 3.124766
v -0.353959 4.304743 3.208058
v -0.274017 4.252820 3.296873
v -0.283070 4.807303 2.889439
v -0.313931 4.222015 3.177153
v -0.370495 4.336414 2.976611
v -0.293625 4.664331 3.390193
v -0.362912 4.530790 3.360811
v -0.347575 4.318461 3.397028
v -0.285796 4.290663 3.446198
v -0.315572 4.648199 3.237715
v -0.374422 4.434016 3.256678
v -0.321396 4.292387 3.347683
v -0.296464 4.597610 3.560822
v -0.336250 4.457266 3.537068
v -0.323269 4.329554 3.509533
v -0.292296 4.311394 3.525046
v -0.317812 4.602435 3.485306
v -0.358382 4.433284 3.461684
v -0.316859 4.314728 3.479178
v -0.311310 4.434142 3.579631
v -0.369924 4.342301 3.281771
v -0.353086 4.334130 3.450048
v -0.302461 4.340796 3.538265
v -0.356679 4.390025 3.259938
v -0.365239 4.396360 3.441909
v -0.317221 4.391401 3.568538
v -0.353991 4.367771 3.263858
v -0.351736 4.357574 3.437165
v -0.300988 4.359096 3.533786
v -0.364066 4.377031 3.210598
v -0.370787 4.346608 3.369222
v -0.342073 4.408758 3.522002
v -0.333983 4.349625 3.498528
v -0.378693 4.409842 3.360794
v -0.311076 4.369973 3.245009
v -0.318769 4.371854 3.402431
v -0.289478 4.372436 3.516510
v -0.311523 4.370760 3.247260
v -0.309798 4.374949 3.404559
v -0.276760 4.375174 3.498600
v -0.344066 4.366897 3.348808
v -0.312766 4.367882 3.479091
v -0.348547 4.383558 3.346183
v -0.324437 4.376168 3.204591
v -0.331684 4.381992 3.490855
v -0.436963 4.714826 2.521061
v -0.386859 4.831713 2.649378
v -0.411416 4.550950 2.621938
v -0.321118 4.611104 2.917275
v -0.323537 4.755662 2.846804
v -0.358891 4.523278 2.820725
v -0.413788 4.809698 2.429845
v -0.384518 4.413530 2.744409
v -0.348912 4.497276 2.986291
v -0.308100 4.680369 2.970084
v -0.428132 4.566813 2.465837
v -0.398848 4.662638 2.618480
v -0.415168 4.704570 2.689832
v -0.402671 4.620418 2.682731
v -0.338618 4.635217 2.810206
v -0.380435 4.690558 2.793274
v -0.377173 4.607009 2.771014
v -0.396580 4.563086 2.729784
v -0.338764 4.609939 2.825915
v -0.384504 4.773354 2.760061
v -0.421770 4.727983 2.616202
v -0.332760 4.654984 2.852252
v -0.417002 4.651124 2.595620
v -0.351264 4.672130 2.664457
v -0.354232 4.695301 2.711816
v -0.358221 4.641245 2.703302
v -0.360877 4.645740 2.781134
v -0.357054 4.682118 2.770826
v -0.365012 4.628036 2.760969
v -0.393967 4.698877 2.746108
v -0.382208 4.669584 2.659407
v -0.355603 4.655458 2.795157
v -0.374227 4.651689 2.655104
v -0.356688 4.631789 2.776174
v -0.388025 4.618663 2.741515
v -0.211421 4.764473 2.029638
v -0.278975 4.655774 2.041699
v -0.297258 4.820586 2.197551
v -0.364194 4.701527 2.206207
v -0.227000 4.877077 2.115983
v -0.254672 4.737381 2.010206
v -0.365069 4.636250 2.136478
v -0.365410 4.482788 2.200540
v -0.117880 4.724368 2.004307
v -0.395970 4.577984 2.251118
v -0.352615 4.783070 2.204641
v -0.173704 4.884085 2.152695
v -0.297791 4.865538 1.986359
v -0.347757 4.730466 1.976187
v -0.361649 4.702605 2.163522
v -0.437179 4.922758 1.875142
v -0.330161 4.996917 2.030356
v -0.445368 4.812583 1.903789
v -0.435057 4.716092 2.010218
v -0.350755 4.681243 2.031353
v -0.302724 4.951401 2.124486
v -0.265086 4.903162 2.059997
v -0.406822 4.690694 2.106259
v -0.421976 4.725642 2.050517
v -0.435678 4.957403 1.831555
v -0.461682 4.911918 1.823407
v -0.453272 4.969514 1.835764
v -0.479507 4.941183 1.835323
v -0.435447 4.996926 1.848911
v -0.472132 4.955287 1.810546
v -0.486753 4.911352 1.839714
v -0.470879 4.814021 1.940891
v -0.452745 4.883200 1.893461
v -0.387723 5.005365 1.953138
v -0.378577 4.851790 1.896339
v -0.376425 4.979790 1.918061
v -0.295041 4.813077 2.185502
v -0.329781 4.735517 2.175685
v -0.325358 4.868404 2.068089
v -0.360740 4.773901 2.060363
v -0.296730 4.883470 2.134013
v -0.363264 4.714688 2.117235
v -0.320457 4.794413 2.135803
v -0.387836 4.902713 1.924817
v -0.410112 4.870594 1.924332
v -0.406582 4.800011 1.983204
v -0.366419 4.850728 1.991179
v -0.352512 4.923352 1.990649
v -0.322836 4.752907 2.208117
v -0.287421 4.866728 2.176179
v -0.331664 4.965900 2.068209
v -0.405167 4.955408 1.894994
v -0.354831 4.532091 3.514878
v -0.306068 4.507616 3.559454
v -0.317195 4.519675 3.498408
v -0.334092 4.515854 3.529230
v -0.344739 4.501320 3.518759
v -0.314627 4.508842 3.578508
v -0.332559 4.486309 3.552164
v -0.311845 4.477899 3.598028
v -0.300619 4.544113 3.595069
v -0.362858 4.490714 3.469819
v -0.308822 4.539036 3.551296
v -0.351430 4.557144 3.475891
v -0.331760 4.550285 3.434341
v -0.309505 4.547293 3.470655
v -0.320110 4.551764 3.435303
v -0.327907 4.553207 3.444846
v -0.327666 4.539495 3.432976
v -0.303153 4.539712 3.488976
v -0.313412 4.533686 3.470246
v -0.343860 4.538736 3.492023
v -0.316533 4.516583 3.528412
v -0.306220 4.524627 3.530122
v -0.337480 4.536285 3.479619
v -0.332571 4.512760 3.490572
v -0.299345 4.925038 2.184599
v -0.291175 4.927396 2.522898
v -0.413071 4.900551 2.324976
v -0.177449 4.951882 2.382521
v -0.193623 4.941198 2.612863
v -0.145650 4.942311 2.241117
v -0.382110 4.890337 2.227861
v -0.332133 4.895635 2.529527
v -0.320561 4.985540 2.232818
v -0.313412 4.987062 2.440305
v -0.388819 4.970485 2.318965
v -0.245155 5.002118 2.354157
v -0.246197 4.972403 2.475733
v -0.217629 4.973058 2.236580
v -0.412085 4.937457 2.220638
v -0.368531 4.941294 2.415036
v 0.273863 4.525917 2.104426
v 0.307506 4.246259 2.481471
v 0.282868 4.871778 2.360762
v 0.282208 4.481151 2.512800
v 0.071589 4.248404 2.795996
v 0.045129 4.887576 2.741034
v 0.106346 4.336811 2.894199
v -0.041950 4.201961 3.106843
v -0.092215 4.712402 3.109355
v -0.029931 4.395514 3.217566
v -0.109507 4.275782 3.304027
v -0.161626 4.617298 3.415473
v -0.106990 4.457276 3.424631
v -0.169920 4.309633 3.448750
v -0.240222 4.583114 3.546213
v -0.203846 4.433748 3.552231
v -0.208624 4.322613 3.525870
v -0.112264 4.341533 3.425825
v -0.189953 4.344319 3.527976
v -0.073757 4.389452 3.258858
v -0.106709 4.405375 3.407091
v -0.182550 4.399512 3.542496
v -0.111771 4.367446 3.408607
v -0.190537 4.364287 3.519067
v -0.110670 4.375829 3.236050
v -0.138634 4.377942 3.363763
v -0.202068 4.375535 3.483869
v -0.141524 4.379539 3.366255
v -0.214669 4.378338 3.474685
v 0.206007 4.806314 2.675786
v 0.228350 4.656845 2.663965
v 0.058310 4.845194 2.833115
v 0.128100 4.520260 2.822940
v -0.010845 4.673914 2.961050
v 0.019347 4.585669 2.954911
v 0.168663 4.697821 2.745681
v 0.161634 4.667150 2.736368
v 0.128666 4.736465 2.849814
v 0.133295 4.619250 2.838818
v 0.052124 4.667309 2.890296
v 0.062606 4.638410 2.867447
v 0.101536 4.698652 2.764464
v 0.108019 4.675779 2.756469
v 0.081169 4.714139 2.828181
v 0.093997 4.643365 2.826028
v 0.071579 4.674733 2.862917
v 0.083287 4.652185 2.855141
v 0.179598 4.839779 2.139883
v 0.229786 4.720082 2.102989
v 0.296312 4.651971 2.204012
v 0.191595 4.904643 2.254529
v 0.255889 4.773119 2.318234
v 0.308402 4.697762 2.304695
v 0.289823 4.975728 2.115276
v 0.303509 4.796875 2.091339
v 0.394930 4.743484 2.133647
v 0.294233 5.020911 2.174403
v 0.416454 4.752817 2.197095
v 0.439227 5.011890 2.020001
v 0.481247 4.957830 1.994343
v 0.495163 4.918509 2.028529
v 0.447397 5.020441 2.027231
v 0.493622 4.984968 2.016069
v 0.504201 4.941066 2.044193
v 0.216935 4.871406 2.262425
v 0.235525 4.790761 2.292273
v 0.286496 4.738268 2.272806
v 0.276183 4.937503 2.182117
v 0.303401 4.843601 2.183421
v 0.355490 4.764436 2.195271
v 0.381353 4.952665 2.075659
v 0.402949 4.912515 2.075492
v 0.425587 4.882946 2.088841
v -0.189396 4.538658 3.550505
v -0.190167 4.525087 3.543902
v -0.249574 4.518854 3.584574
v -0.232133 4.503643 3.557558
v -0.202193 4.491901 3.556282
v -0.232772 4.498130 3.588912
v -0.183570 4.554866 3.481859
v -0.182820 4.548116 3.472016
v -0.225138 4.542254 3.509746
v -0.197143 4.555721 3.474681
v -0.191642 4.538942 3.472829
v -0.220219 4.533982 3.511024
v 0.092994 4.955785 2.288029
v 0.303948 4.929754 2.350942
v 0.024243 4.953787 2.561609
v 0.178454 4.928041 2.546320
v 0.139098 5.004179 2.340387
v 0.264926 4.988106 2.370428
v 0.089105 5.002947 2.499443
v 0.192127 4.986944 2.499366
v 0.031466 4.588374 1.904942
v -0.261591 4.510025 2.007264
v -0.409242 4.225812 2.352161
v -0.033814 4.942225 2.185204
v -0.386903 4.848270 2.235922
v -0.414529 4.456697 2.382934
v -0.304672 4.235197 2.725864
v -0.148155 4.163515 2.945276
v -0.145028 4.939197 2.782435
v -0.303582 4.875337 2.676036
v -0.378343 4.319799 2.803856
v -0.307727 4.192632 3.057304
v -0.188698 4.172108 3.161175
v -0.198602 4.774250 3.100922
v -0.296444 4.705235 3.071289
v -0.371869 4.383512 3.153831
v -0.320819 4.268365 3.264640
v -0.219597 4.251224 3.312046
v -0.252719 4.680721 3.408874
v -0.335563 4.611193 3.383052
v -0.378857 4.447734 3.373956
v -0.318973 4.304401 3.420967
v -0.248850 4.284548 3.462717
v -0.284212 4.594690 3.594035
v -0.307155 4.580765 3.533737
v -0.333050 4.429214 3.528148
v -0.311587 4.318999 3.506678
v -0.262521 4.304591 3.532289
v -0.268264 4.341200 3.556204
v -0.366536 4.332608 3.378430
v -0.331190 4.339362 3.501651
v -0.283336 4.452719 3.616064
v -0.345535 4.379913 3.208201
v -0.369290 4.396158 3.358147
v -0.347044 4.393739 3.511836
v -0.268363 4.358990 3.553383
v -0.362555 4.358644 3.361863
v -0.328794 4.359435 3.493297
v -0.277734 4.391064 3.597622
v -0.302055 4.369111 3.200377
v -0.322133 4.371502 3.329561
v -0.306160 4.371881 3.464467
v -0.261752 4.374950 3.514914
v -0.320449 4.373259 3.332905
v -0.291319 4.375648 3.460398
v -0.266838 4.373310 3.542510
v -0.424302 4.784191 2.558301
v -0.430712 4.633714 2.541121
v -0.346111 4.830999 2.757733
v -0.385375 4.502237 2.727232
v -0.316189 4.663197 2.904136
v -0.336095 4.573193 2.888659
v -0.407351 4.677604 2.638317
v -0.395381 4.647598 2.632544
v -0.410222 4.717550 2.749370
v -0.402630 4.600440 2.738925
v -0.348877 4.653234 2.815551
v -0.348451 4.623982 2.790830
v -0.351702 4.682745 2.679984
v -0.353308 4.659587 2.670481
v -0.356726 4.698770 2.746561
v -0.363093 4.627321 2.740829
v -0.357632 4.659669 2.782916
v -0.364200 4.636479 2.771732
v -0.209155 4.826135 2.067422
v -0.234471 4.703788 2.016455
v -0.328114 4.630054 2.087624
v -0.265968 4.888584 2.169243
v -0.339809 4.752211 2.207200
v -0.378697 4.673646 2.176625
v -0.312082 4.954603 2.003087
v -0.304084 4.775550 1.978088
v -0.400763 4.715557 1.985337
v -0.340524 4.998633 2.056090
v -0.444256 4.722608 2.036666
v -0.419277 4.981758 1.859983
v -0.445482 4.925303 1.821608
v -0.468069 4.884702 1.848990
v -0.430060 4.989644 1.863680
v -0.466654 4.951264 1.837082
v -0.483644 4.906394 1.860067
v -0.290138 4.853608 2.167912
v -0.312713 4.771520 2.190086
v -0.349582 4.715943 2.154247
v -0.320852 4.916548 2.070834
v -0.340286 4.821009 2.063442
v -0.387657 4.738353 2.056754
v -0.381436 4.925893 1.933481
v -0.398752 4.884377 1.926062
v -0.422618 4.853176 1.930742
v -0.352983 4.532916 3.520013
v -0.348970 4.519514 3.514302
v -0.307903 4.516807 3.573702
v -0.313379 4.500792 3.542414
v -0.339986 4.487065 3.530598
v -0.323694 4.494939 3.571965
v -0.334801 4.549558 3.453671
v -0.331499 4.542897 3.444303
v -0.305300 4.539440 3.494803
v -0.319646 4.551422 3.451847
v -0.322962 4.534333 3.448352
v -0.309777 4.530839 3.494331
v -0.189735 4.945861 2.235330
v -0.406913 4.904804 2.218443
v -0.224069 4.945071 2.515325
v -0.360323 4.909131 2.445896
v -0.254757 4.990355 2.266975
v -0.381567 4.965415 2.249927
v -0.265387 4.990505 2.433367
v -0.360142 4.967561 2.396427
vt 0.907699 0.285808
vt 0.882584 0.247922
vt 0.906779 0.218086
vt 0.953839 0.277789
vt 0.967084 0.324111
vt 0.910888 0.315403
vt 0.854693 0.306696
vt 0.861558 0.293827
vt 0.858390 0.277757
vt 0.851921 0.194477
vt 0.822196 0.154419
vt 0.816285 0.057905
vt 0.857620 0.126378
vt 0.846222 0.262576
vt 0.828107 0.250932
vt 0.591879 0.115482
vt 0.567292 0.130557
vt 0.533258 0.108669
vt 0.573349 0.091296
vt 0.616174 0.084621
vt 0.629056 0.111354
vt 0.631579 0.139086
vt 0.605766 0.141292
vt 0.586801 0.150694
vt 0.694239 0.358128
vt 0.771305 0.377562
vt 0.810968 0.401121
vt 0.669598 0.369091
vt 0.507764 0.338706
vt 0.617880 0.318032
vt 0.661904 0.319052
vt 0.711641 0.346569
vt 0.761033 0.358454
vt 0.552463 0.046268
vt 0.514818 0.042192
vt 0.515375 0.015639
vt 0.581473 0.024034
vt 0.646928 0.044715
vt 0.593760 0.056263
vt 0.551729 0.067877
vt 0.530054 0.065422
vt 0.514305 0.064380
vt 0.643025 0.072565
vt 0.712442 0.077822
vt 0.765276 0.095002
vt 0.678308 0.095770
vt 0.585417 0.072203
vt 0.540883 0.225153
vt 0.566987 0.208153
vt 0.616153 0.243002
vt 0.570595 0.264587
vt 0.509456 0.235072
vt 0.509641 0.179435
vt 0.519897 0.176701
vt 0.528128 0.164064
vt 0.520848 0.078417
vt 0.513879 0.077840
vt 0.531976 0.079624
vt 0.523362 0.091439
vt 0.518243 0.088333
vt 0.513497 0.086936
vt 0.551429 0.081630
vt 0.529250 0.095953
vt 0.657958 0.243641
vt 0.695190 0.242707
vt 0.741047 0.284212
vt 0.678421 0.262790
vt 0.616795 0.223483
vt 0.615765 0.210706
vt 0.642247 0.222713
vt 0.666456 0.221561
vt 0.179081 0.593480
vt 0.122812 0.552297
vt 0.146113 0.503920
vt 0.230249 0.565996
vt 0.312646 0.634419
vt 0.233343 0.641519
vt 0.163377 0.651913
vt 0.138406 0.619929
vt 0.099050 0.601025
vt 0.254218 0.678969
vt 0.344666 0.678786
vt 0.348083 0.711124
vt 0.256308 0.711123
vt 0.181063 0.711123
vt 0.180320 0.681448
vt 0.939444 0.736394
vt 0.941334 0.702772
vt 0.986799 0.702775
vt 0.980461 0.749756
vt 0.969957 0.795931
vt 0.935798 0.769088
vt 0.906282 0.745919
vt 0.905563 0.724816
vt 0.904670 0.702770
vt 0.932415 0.799927
vt 0.963794 0.840496
vt 0.957629 0.876018
vt 0.927738 0.824577
vt 0.901494 0.780528
vt 0.904866 0.765135
vt 0.093633 0.706507
vt 0.102430 0.703453
vt 0.111796 0.711123
vt 0.093758 0.711123
vt 0.077161 0.711123
vt 0.085231 0.702117
vt 0.091191 0.696728
vt 0.094618 0.700228
vt 0.099103 0.697690
vt 0.884976 0.741897
vt 0.886056 0.730095
vt 0.882543 0.751265
vt 0.870415 0.731533
vt 0.872915 0.726092
vt 0.877540 0.722667
vt 0.885953 0.716804
vt 0.885606 0.702769
vt 0.875440 0.712890
vt 0.876277 0.702769
vt 0.139525 0.688517
vt 0.137267 0.673028
vt 0.138876 0.711123
vt 0.120031 0.694625
vt 0.124864 0.682876
vt 0.078808 0.689017
vt 0.069556 0.689966
vt 0.068572 0.666496
vt 0.077897 0.670352
vt 0.087046 0.673574
vt 0.087534 0.686341
vt 0.868852 0.713602
vt 0.868820 0.702768
vt 0.864640 0.716081
vt 0.863340 0.702768
vt 0.920210 0.838706
vt 0.896349 0.790162
vt 0.947122 0.895068
vt 0.935275 0.907822
vt 0.911240 0.849710
vt 0.889415 0.799060
vt 0.060099 0.688582
vt 0.059782 0.662452
vt 0.062639 0.711123
vt 0.050437 0.711123
vt 0.048487 0.685325
vt 0.048937 0.656809
vt 0.861255 0.717469
vt 0.859943 0.702768
vt 0.866900 0.734766
vt 0.860302 0.738100
vt 0.855558 0.718920
vt 0.854928 0.702768
vt 0.095918 0.535419
vt 0.108874 0.478594
vt 0.082708 0.587263
vt 0.071229 0.580738
vt 0.083664 0.527719
vt 0.095745 0.469250
vt 0.878589 0.757256
vt 0.872012 0.763335
vt 0.068991 0.629143
vt 0.077829 0.636075
vt 0.058085 0.622857
vt 0.861713 0.772963
vt 0.848552 0.743846
vt 0.880679 0.812243
vt 0.871042 0.827569
vt 0.849553 0.784367
vt 0.834227 0.750798
vt 0.071316 0.514070
vt 0.083940 0.455121
vt 0.058094 0.567928
vt 0.044133 0.551975
vt 0.058920 0.497447
vt 0.072796 0.438600
vt 0.902236 0.864984
vt 0.925087 0.924456
vt 0.915729 0.943030
vt 0.893215 0.882393
vt 0.032769 0.680657
vt 0.033443 0.648160
vt 0.034822 0.711123
vt 0.017501 0.711124
vt 0.014999 0.675282
vt 0.015627 0.638007
vt 0.844411 0.721591
vt 0.844596 0.702768
vt 0.830539 0.724872
vt 0.831605 0.702768
vt 0.043678 0.611604
vt 0.027520 0.597867
vt 0.556457 0.148278
vt 0.561074 0.169977
vt 0.532733 0.136379
vt 0.577564 0.158196
vt 0.579347 0.169404
vt 0.717350 0.205926
vt 0.714739 0.158710
vt 0.753185 0.211303
vt 0.681965 0.202868
vt 0.682393 0.176713
vt 0.677658 0.126475
vt 0.661359 0.153173
vt 0.582844 0.196986
vt 0.593440 0.189922
vt 0.613756 0.155832
vt 0.600156 0.161370
vt 0.631261 0.154506
vt 0.629273 0.162504
vt 0.617934 0.163387
vt 0.609190 0.166414
vt 0.637853 0.204682
vt 0.654503 0.201441
vt 0.619083 0.199924
vt 0.622938 0.191184
vt 0.637294 0.191120
vt 0.649405 0.186268
vt 0.603761 0.185228
vt 0.594381 0.170128
vt 0.605836 0.171485
vt 0.612133 0.181975
vt 0.663468 0.192137
vt 0.662585 0.179025
vt 0.653478 0.181111
vt 0.650446 0.175090
vt 0.593438 0.164156
vt 0.605006 0.167706
vt 0.649694 0.164359
vt 0.641244 0.167647
vt 0.633086 0.183596
vt 0.641235 0.179961
vt 0.623518 0.184533
vt 0.622461 0.178926
vt 0.627055 0.179091
vt 0.631528 0.178087
vt 0.616880 0.179229
vt 0.613372 0.172809
vt 0.618950 0.174116
vt 0.619816 0.176736
vt 0.643612 0.177169
vt 0.641104 0.174354
vt 0.633809 0.176770
vt 0.633160 0.175217
vt 0.613194 0.170397
vt 0.615734 0.169655
vt 0.621033 0.171995
vt 0.619692 0.172660
vt 0.634593 0.170648
vt 0.626785 0.167972
vt 0.628842 0.173507
vt 0.624047 0.172174
vt 0.620381 0.168244
vt 0.621965 0.171752
vt 0.433696 0.560976
vt 0.416280 0.575964
vt 0.389332 0.536274
vt 0.413423 0.524940
vt 0.437128 0.507841
vt 0.448824 0.547126
vt 0.467613 0.575033
vt 0.458157 0.590244
vt 0.447110 0.605783
vt 0.643536 0.467433
vt 0.608571 0.474240
vt 0.618172 0.447600
vt 0.656306 0.444903
vt 0.688468 0.451522
vt 0.675808 0.473031
vt 0.655810 0.505560
vt 0.626500 0.500717
vt 0.597229 0.508778
vt 0.799899 0.156690
vt 0.783890 0.186484
vt 0.792698 0.067904
vt 0.807100 0.245476
vt 0.790319 0.246136
vt 0.773031 0.228992
vt 0.773915 0.277413
vt 0.784883 0.252838
vt 0.788583 0.266587
vt 0.875780 0.343975
vt 0.914795 0.375674
vt 0.827989 0.353247
vt 0.815646 0.307271
vt 0.836765 0.312275
vt 0.793134 0.324946
vt 0.785199 0.348894
vt 0.799211 0.288386
vt 0.459376 0.535552
vt 0.473887 0.560480
vt 0.455262 0.508431
vt 0.463100 0.508097
vt 0.468163 0.524547
vt 0.480447 0.546903
vt 0.570029 0.557304
vt 0.559840 0.551245
vt 0.558654 0.505305
vt 0.575390 0.508754
vt 0.582405 0.559110
vt 0.566481 0.620912
vt 0.563260 0.600028
vt 0.556238 0.590899
vt 0.700990 0.510983
vt 0.716208 0.482161
vt 0.741738 0.524810
vt 0.722627 0.565112
vt 0.696037 0.599984
vt 0.677763 0.544298
vt 0.496329 0.456359
vt 0.478801 0.465146
vt 0.482032 0.452749
vt 0.502849 0.442162
vt 0.530385 0.441522
vt 0.514587 0.459086
vt 0.509515 0.470002
vt 0.495205 0.471964
vt 0.479957 0.480193
vt 0.575311 0.473504
vt 0.548318 0.471634
vt 0.572512 0.444903
vt 0.542297 0.587430
vt 0.545728 0.575659
vt 0.552212 0.605710
vt 0.546411 0.607612
vt 0.537488 0.588708
vt 0.527166 0.566947
vt 0.532363 0.564418
vt 0.537788 0.559515
vt 0.542157 0.619019
vt 0.553461 0.620754
vt 0.559576 0.631016
vt 0.546031 0.625877
vt 0.522026 0.618463
vt 0.522302 0.613718
vt 0.521647 0.605168
vt 0.537483 0.608536
vt 0.559117 0.617801
vt 0.564515 0.626796
vt 0.600936 0.555510
vt 0.621135 0.560131
vt 0.579121 0.625721
vt 0.571106 0.621057
vt 0.490998 0.605975
vt 0.485706 0.615857
vt 0.495122 0.594190
vt 0.638515 0.586600
vt 0.654486 0.623993
vt 0.605455 0.642572
vt 0.591257 0.633395
vt 0.547871 0.542086
vt 0.544691 0.503088
vt 0.535824 0.535745
vt 0.531613 0.504576
vt 0.506666 0.552999
vt 0.499663 0.563451
vt 0.490762 0.534623
vt 0.503551 0.523211
vt 0.515915 0.545231
vt 0.521538 0.570677
vt 0.514059 0.574460
vt 0.504870 0.490387
vt 0.489886 0.500540
vt 0.519956 0.481901
vt 0.517534 0.512239
vt 0.477991 0.512401
vt 0.468748 0.493162
vt 0.525404 0.538136
vt 0.496913 0.578598
vt 0.519129 0.589007
vt 0.531210 0.590806
vt 0.463424 0.483733
vt 0.460061 0.479209
vt 0.532152 0.475042
vt 0.098076 0.690623
vt 0.100002 0.689122
vt 0.096988 0.688580
vt 0.100261 0.683084
vt 0.101686 0.681919
vt 0.101718 0.683391
vt 0.109418 0.677548
vt 0.108791 0.675845
vt 0.116834 0.671113
vt 0.116822 0.676145
vt 0.112656 0.681346
vt 0.108014 0.679705
vt 0.104724 0.678212
vt 0.105180 0.677426
vt 0.105986 0.676641
vt 0.086032 0.649268
vt 0.100532 0.636882
vt 0.102297 0.658165
vt 0.093123 0.662935
vt 0.110039 0.694218
vt 0.118013 0.682444
vt 0.105933 0.689962
vt 0.118719 0.644312
vt 0.131031 0.659845
vt 0.111097 0.663005
vt 0.127902 0.671771
vt 0.103596 0.677225
vt 0.102226 0.675621
vt 0.103362 0.673914
vt 0.104405 0.675963
vt 0.103425 0.677558
vt 0.101243 0.676981
vt 0.103129 0.678343
vt 0.101068 0.679320
vt 0.103502 0.679962
vt 0.106616 0.672389
vt 0.103144 0.669948
vt 0.098628 0.671289
vt 0.095305 0.675719
vt 0.095412 0.682547
vt 0.104095 0.684523
vt 0.714568 0.333815
vt 0.745673 0.341162
vt 0.683406 0.315718
vt 0.694853 0.312942
vt 0.711786 0.320830
vt 0.730670 0.327152
vt 0.697070 0.275478
vt 0.656588 0.269346
vt 0.736845 0.302272
vt 0.734007 0.301519
vt 0.710259 0.284041
vt 0.686856 0.282195
vt 0.617760 0.285984
vt 0.662190 0.295730
vt 0.773548 0.347622
vt 0.759710 0.334880
vt 0.712062 0.308578
vt 0.713533 0.298195
vt 0.724227 0.304300
vt 0.729510 0.315805
vt 0.695809 0.303220
vt 0.702748 0.296562
vt 0.714339 0.290815
vt 0.699365 0.290749
vt 0.729371 0.301630
vt 0.745211 0.324423
vt 0.683696 0.300206
vt 0.094041 0.281789
vt 0.048223 0.271962
vt 0.098552 0.213092
vt 0.116705 0.236644
vt 0.134857 0.260195
vt 0.139859 0.291616
vt 0.156053 0.320322
vt 0.095078 0.318457
vt 0.034102 0.316592
vt 0.151654 0.176216
vt 0.153395 0.116141
vt 0.199706 0.042137
vt 0.187508 0.132873
vt 0.175311 0.223610
vt 0.149913 0.236292
vt 0.431774 0.111962
vt 0.452657 0.087988
vt 0.492692 0.107985
vt 0.455835 0.128792
vt 0.434211 0.148455
vt 0.415569 0.137824
vt 0.389386 0.134259
vt 0.393693 0.105768
vt 0.408655 0.078885
vt 0.317741 0.357325
vt 0.342542 0.369091
vt 0.195420 0.399908
vt 0.237730 0.376267
vt 0.249104 0.356507
vt 0.300384 0.345056
vt 0.352495 0.317454
vt 0.397658 0.317066
vt 0.476511 0.043646
vt 0.447937 0.019392
vt 0.498396 0.064293
vt 0.476090 0.065371
vt 0.433416 0.051117
vt 0.379175 0.036117
vt 0.381412 0.065092
vt 0.309104 0.066641
vt 0.441149 0.067828
vt 0.343472 0.087153
vt 0.252575 0.081719
vt 0.477630 0.224998
vt 0.447225 0.263612
vt 0.400948 0.241049
vt 0.451094 0.207679
vt 0.491236 0.165013
vt 0.498964 0.177408
vt 0.506906 0.077723
vt 0.508728 0.087546
vt 0.503597 0.090148
vt 0.495628 0.078133
vt 0.475743 0.079133
vt 0.497766 0.094724
vt 0.358254 0.240506
vt 0.336743 0.259581
vt 0.271785 0.280045
vt 0.320113 0.238229
vt 0.350269 0.217427
vt 0.375004 0.219456
vt 0.402338 0.208143
vt 0.400755 0.221282
vt 0.179079 0.828768
vt 0.230247 0.856252
vt 0.146110 0.918328
vt 0.122810 0.869950
vt 0.099049 0.821222
vt 0.138405 0.802317
vt 0.163376 0.770333
vt 0.233342 0.780728
vt 0.312645 0.787828
vt 0.254218 0.743278
vt 0.344666 0.743462
vt 0.180320 0.740799
vt 0.939448 0.669149
vt 0.980467 0.655792
vt 0.905565 0.680724
vt 0.906286 0.659621
vt 0.935805 0.636453
vt 0.969969 0.609614
vt 0.932426 0.605613
vt 0.963810 0.565046
vt 0.904872 0.640404
vt 0.901501 0.625010
vt 0.927751 0.580962
vt 0.957649 0.529521
vt 0.093633 0.715739
vt 0.102430 0.718793
vt 0.099103 0.724556
vt 0.094618 0.722018
vt 0.091191 0.725518
vt 0.085231 0.720130
vt 0.884979 0.663641
vt 0.886058 0.675442
vt 0.877541 0.682870
vt 0.872916 0.679444
vt 0.870416 0.674003
vt 0.882546 0.654272
vt 0.885954 0.688733
vt 0.875440 0.692647
vt 0.139524 0.733729
vt 0.137267 0.749218
vt 0.124864 0.739370
vt 0.120031 0.727621
vt 0.078808 0.733230
vt 0.069556 0.732280
vt 0.087534 0.735905
vt 0.087045 0.748672
vt 0.077897 0.751894
vt 0.068572 0.755750
vt 0.868852 0.691935
vt 0.864640 0.689455
vt 0.920224 0.566831
vt 0.896356 0.615375
vt 0.889423 0.606476
vt 0.911254 0.555825
vt 0.935297 0.497712
vt 0.947144 0.510468
vt 0.060099 0.733664
vt 0.059782 0.759794
vt 0.048936 0.765437
vt 0.048487 0.736921
vt 0.861255 0.688067
vt 0.855559 0.686616
vt 0.860303 0.667436
vt 0.866901 0.670770
vt 0.095915 0.886828
vt 0.108871 0.943654
vt 0.095742 0.952997
vt 0.083661 0.894528
vt 0.071227 0.841508
vt 0.082706 0.834984
vt 0.878592 0.648280
vt 0.872016 0.642201
vt 0.068990 0.793103
vt 0.077828 0.786171
vt 0.058084 0.799388
vt 0.861717 0.632571
vt 0.848553 0.661689
vt 0.834228 0.654736
vt 0.849558 0.621166
vt 0.871052 0.577964
vt 0.880688 0.593291
vt 0.071313 0.908176
vt 0.083936 0.967126
vt 0.072792 0.983647
vt 0.058917 0.924800
vt 0.044130 0.870271
vt 0.058092 0.854318
vt 0.902251 0.540549
vt 0.893232 0.523138
vt 0.915754 0.462500
vt 0.925111 0.481076
vt 0.032769 0.741590
vt 0.033443 0.774086
vt 0.015626 0.784239
vt 0.014999 0.746965
vt 0.844412 0.683944
vt 0.830539 0.680662
vt 0.043676 0.810642
vt 0.027518 0.824379
vt 0.464894 0.147578
vt 0.489830 0.136644
vt 0.458334 0.169531
vt 0.440296 0.167933
vt 0.442835 0.156615
vt 0.298410 0.199147
vt 0.261309 0.203306
vt 0.302709 0.150339
vt 0.335454 0.170518
vt 0.334958 0.197504
vt 0.342570 0.118887
vt 0.358138 0.147296
vt 0.435534 0.195862
vt 0.425450 0.188039
vt 0.406516 0.152342
vt 0.419948 0.158684
vt 0.410649 0.163350
vt 0.401970 0.159848
vt 0.390530 0.158419
vt 0.388859 0.150139
vt 0.380103 0.201058
vt 0.363225 0.197156
vt 0.368990 0.181778
vt 0.381143 0.187177
vt 0.395742 0.187817
vt 0.399359 0.196922
vt 0.415341 0.182704
vt 0.407034 0.178971
vt 0.413793 0.168649
vt 0.425309 0.167863
vt 0.354381 0.187257
vt 0.355774 0.173841
vt 0.368373 0.170318
vt 0.365034 0.176347
vt 0.426529 0.161857
vt 0.414794 0.164863
vt 0.369606 0.159387
vt 0.378101 0.163126
vt 0.385716 0.179677
vt 0.377572 0.175656
vt 0.387564 0.174161
vt 0.392056 0.175368
vt 0.396720 0.175397
vt 0.395410 0.181028
vt 0.402356 0.175954
vt 0.399494 0.173296
vt 0.400484 0.170683
vt 0.406166 0.169620
vt 0.375273 0.172717
vt 0.377955 0.169958
vt 0.386030 0.171179
vt 0.385306 0.172726
vt 0.406448 0.167190
vt 0.399797 0.169177
vt 0.398470 0.168446
vt 0.403918 0.166321
vt 0.384753 0.166477
vt 0.392815 0.164105
vt 0.395407 0.168494
vt 0.390484 0.169635
vt 0.399288 0.164673
vt 0.397538 0.168158
vt 0.508840 0.698411
vt 0.467639 0.701883
vt 0.463482 0.675586
vt 0.511457 0.675583
vt 0.553445 0.684338
vt 0.546795 0.702207
vt 0.539523 0.718575
vt 0.505880 0.718707
vt 0.466809 0.731100
vt 0.549332 0.924561
vt 0.537867 0.947782
vt 0.518675 0.914719
vt 0.535322 0.891811
vt 0.557524 0.863026
vt 0.567298 0.891771
vt 0.587770 0.913298
vt 0.572092 0.948115
vt 0.561409 0.970671
vt 0.212886 0.138981
vt 0.224437 0.052107
vt 0.229789 0.174927
vt 0.220955 0.235674
vt 0.201334 0.225854
vt 0.240223 0.221103
vt 0.237813 0.273972
vt 0.222709 0.264522
vt 0.227147 0.245719
vt 0.131231 0.353452
vt 0.087888 0.370825
vt 0.174574 0.336080
vt 0.193382 0.331857
vt 0.179324 0.364669
vt 0.216182 0.330002
vt 0.224114 0.348470
vt 0.210441 0.300620
vt 0.502233 0.733939
vt 0.531007 0.731940
vt 0.523461 0.744994
vt 0.498065 0.747390
vt 0.481612 0.752443
vt 0.477485 0.745771
vt 0.582389 0.813263
vt 0.545236 0.844972
vt 0.532980 0.833064
vt 0.571653 0.808237
vt 0.602436 0.782982
vt 0.613932 0.783662
vt 0.633020 0.774596
vt 0.590836 0.822487
vt 0.617636 0.947629
vt 0.602340 0.976409
vt 0.632150 0.909698
vt 0.688484 0.893535
vt 0.674572 0.935122
vt 0.651965 0.973572
vt 0.457475 0.808998
vt 0.449392 0.822366
vt 0.446457 0.799196
vt 0.454898 0.789560
vt 0.467996 0.782063
vt 0.469754 0.799301
vt 0.476169 0.812243
vt 0.469988 0.822571
vt 0.464332 0.845507
vt 0.516029 0.864708
vt 0.490795 0.878459
vt 0.499318 0.843427
vt 0.591733 0.773397
vt 0.612427 0.771330
vt 0.583923 0.782847
vt 0.566107 0.785347
vt 0.567116 0.778105
vt 0.566288 0.772385
vt 0.590090 0.768700
vt 0.610741 0.765462
vt 0.617788 0.755535
vt 0.625639 0.754887
vt 0.637500 0.763206
vt 0.625575 0.763912
vt 0.606490 0.757557
vt 0.594807 0.746348
vt 0.602249 0.742087
vt 0.606020 0.739193
vt 0.626309 0.770250
vt 0.636784 0.769663
vt 0.598267 0.839841
vt 0.635738 0.778341
vt 0.644099 0.782352
vt 0.613437 0.853956
vt 0.578258 0.720538
vt 0.583461 0.710609
vt 0.570825 0.730571
vt 0.645099 0.853466
vt 0.657265 0.788083
vt 0.672834 0.794673
vt 0.685006 0.845673
vt 0.557352 0.803480
vt 0.523302 0.822757
vt 0.517187 0.811102
vt 0.545338 0.797077
vt 0.543233 0.763261
vt 0.519096 0.760426
vt 0.547946 0.751595
vt 0.565140 0.757321
vt 0.566212 0.765633
vt 0.542002 0.775277
vt 0.516839 0.777417
vt 0.490425 0.796948
vt 0.490407 0.778848
vt 0.515618 0.795149
vt 0.491879 0.814196
vt 0.493538 0.762344
vt 0.472429 0.765505
vt 0.541463 0.787112
vt 0.558932 0.740811
vt 0.580024 0.753343
vt 0.588298 0.762327
vt 0.461637 0.766398
vt 0.456005 0.766156
vt 0.493056 0.828139
vt 0.098076 0.731624
vt 0.100002 0.733124
vt 0.101718 0.738855
vt 0.101686 0.740328
vt 0.100261 0.739162
vt 0.096988 0.733666
vt 0.109418 0.744698
vt 0.116822 0.746101
vt 0.116834 0.751133
vt 0.108791 0.746401
vt 0.105986 0.745604
vt 0.105180 0.744819
vt 0.104724 0.744034
vt 0.108014 0.742541
vt 0.112656 0.740899
vt 0.086031 0.772978
vt 0.093123 0.759311
vt 0.102296 0.764081
vt 0.100531 0.785364
vt 0.110039 0.728028
vt 0.118012 0.739802
vt 0.105933 0.732284
vt 0.118719 0.777935
vt 0.111096 0.759241
vt 0.131030 0.762401
vt 0.127902 0.750475
vt 0.103596 0.745020
vt 0.104405 0.746282
vt 0.103362 0.748331
vt 0.102226 0.746625
vt 0.101243 0.745265
vt 0.103425 0.744688
vt 0.103128 0.743903
vt 0.101068 0.742926
vt 0.103502 0.742284
vt 0.106615 0.749856
vt 0.103144 0.752297
vt 0.098628 0.750957
vt 0.095305 0.746527
vt 0.095411 0.739699
vt 0.104095 0.737723
vt 0.297910 0.331778
vt 0.265627 0.338789
vt 0.281571 0.324540
vt 0.301248 0.318360
vt 0.318898 0.310543
vt 0.330566 0.313644
vt 0.317361 0.272057
vt 0.359130 0.266689
vt 0.327838 0.279109
vt 0.303712 0.280452
vt 0.278754 0.297946
vt 0.275687 0.298742
vt 0.398675 0.284273
vt 0.352873 0.293457
vt 0.236427 0.345109
vt 0.251223 0.332051
vt 0.301320 0.305672
vt 0.283117 0.312784
vt 0.288867 0.300987
vt 0.300061 0.294915
vt 0.311210 0.293484
vt 0.318191 0.300490
vt 0.299402 0.287290
vt 0.314827 0.287584
vt 0.283604 0.298118
vt 0.266602 0.321427
vt 0.330710 0.297641
vn 0.5631 0.3811 -0.7332
vn 0.8526 0.1047 -0.5120
vn 0.9315 0.2107 -0.2962
vn 0.6044 0.3941 -0.6923
vn 0.1371 0.5374 -0.8321
vn 0.2906 0.5569 -0.7781
vn -0.1517 0.5481 -0.8225
vn 0.1848 0.3434 -0.9208
vn 0.4990 -0.0099 -0.8665
vn 0.9656 -0.0256 -0.2585
vn 0.9998 0.0092 -0.0170
vn 0.9915 0.0764 0.1047
vn 0.9915 0.1296 0.0143
vn 0.6796 -0.3767 -0.6295
vn 0.8183 -0.4634 -0.3402
vn 0.8839 0.1859 0.4292
vn 0.8878 0.2656 0.3758
vn 0.9339 0.0517 0.3536
vn 0.9185 0.0008 0.3954
vn 0.9146 -0.1327 0.3819
vn 0.8777 0.0723 0.4736
vn 0.8347 0.0415 0.5490
vn 0.8135 0.1899 0.5497
vn 0.8240 0.3059 0.4769
vn -0.0396 0.9992 -0.0021
vn 0.0204 0.9770 -0.2123
vn 0.0617 0.8670 -0.4944
vn -0.0370 0.9992 0.0103
vn -0.0868 0.9543 0.2858
vn 0.0871 0.9862 0.1404
vn -0.1262 0.9691 0.2116
vn -0.3878 0.9174 -0.0899
vn -0.1901 0.8191 -0.5412
vn 0.3059 -0.9511 0.0422
vn 0.0341 -0.9994 0.0053
vn 0.0277 -0.9988 0.0395
vn 0.4339 -0.8963 0.0909
vn 0.6668 -0.7302 0.1485
vn 0.5787 -0.8091 0.1019
vn 0.6027 -0.7641 0.2299
vn 0.2749 -0.9329 0.2324
vn -0.0052 -0.9773 0.2117
vn 0.8141 -0.5309 0.2354
vn 0.8815 -0.3872 0.2700
vn 0.9692 -0.0322 0.2440
vn 0.9137 -0.1876 0.3605
vn 0.8249 -0.4924 0.2775
vn 0.3347 0.8027 0.4936
vn 0.5681 0.6426 0.5141
vn 0.3682 0.8510 0.3743
vn 0.3200 0.8502 0.4181
vn -0.1124 0.8933 0.4350
vn -0.1022 0.9214 0.3750
vn 0.3855 0.8097 0.4424
vn 0.7622 0.5007 0.4103
vn 0.2397 -0.8395 0.4876
vn -0.0534 -0.8893 0.4542
vn 0.6253 -0.6325 0.4570
vn 0.6000 -0.6486 0.4682
vn 0.2441 -0.8545 0.4586
vn -0.0436 -0.9128 0.4061
vn 0.8588 -0.3125 0.4060
vn 0.8528 -0.3381 0.3980
vn 0.4970 0.8121 0.3056
vn 0.8488 0.4409 0.2918
vn 0.9828 0.0592 -0.1747
vn 0.7074 0.5614 0.4294
vn 0.3531 0.8184 0.4533
vn 0.4467 0.6334 0.6318
vn 0.6084 0.6577 0.4441
vn 0.8297 0.3865 0.4026
vn 0.9088 0.3096 0.2796
vn 0.9438 0.1306 0.3037
vn 0.9019 0.2987 0.3119
vn 0.7938 0.5129 0.3267
vn 0.7660 0.5251 0.3707
vn 0.8920 0.3116 0.3273
vn 0.8997 0.1405 0.4132
vn 0.4565 0.8166 0.3530
vn -0.0866 0.9546 0.2850
vn -0.0882 0.9518 0.2939
vn 0.4882 0.7923 0.3659
vn 0.2798 -0.9090 0.3089
vn -0.0086 -0.9732 0.2296
vn 0.5267 -0.7702 0.3598
vn 0.4776 -0.8149 0.3282
vn 0.3297 -0.9018 0.2792
vn -0.0025 -0.9802 0.1981
vn 0.7412 -0.5809 0.3363
vn 0.9238 -0.1535 0.3508
vn 0.8231 -0.4007 0.4023
vn 0.6034 -0.7202 0.3423
vn 0.4674 0.2205 0.8561
vn 0.6070 0.3251 0.7251
vn -0.1662 0.6063 0.7776
vn -0.1863 0.1667 0.9682
vn -0.1767 -0.1395 0.9743
vn 0.4735 -0.0005 0.8808
vn 0.7053 0.3412 0.6213
vn 0.7029 0.4596 0.5428
vn 0.7620 0.5551 0.3334
vn 0.5739 -0.6654 0.4773
vn 0.4819 -0.7820 0.3952
vn 0.7237 -0.3932 0.5670
vn 0.6133 -0.2339 0.7544
vn 0.5253 -0.4712 0.7085
vn 0.4760 -0.7165 0.5099
vn 0.3534 -0.8645 0.3573
vn -0.0223 -0.9538 0.2994
vn 0.2972 -0.7450 0.5971
vn -0.0763 -0.8222 0.5640
vn 0.5190 0.7029 0.4864
vn 0.6515 0.5302 0.5426
vn -0.1131 0.8914 0.4388
vn 0.6294 0.5062 0.5896
vn 0.6949 0.3483 0.6291
vn 0.6579 -0.1145 0.7443
vn 0.5602 -0.0728 0.8251
vn 0.7294 0.0511 0.6821
vn 0.7392 -0.0901 0.6673
vn 0.6434 0.3484 0.6816
vn 0.7246 0.3034 0.6187
vn 0.2698 -0.4555 0.8483
vn -0.1400 -0.5120 0.8475
vn 0.3212 -0.1857 0.9286
vn -0.1675 -0.2666 0.9491
vn 0.6806 0.6265 0.3799
vn 0.8497 0.3186 0.4200
vn 0.8261 0.1589 0.5407
vn 0.3066 -0.0561 0.9502
vn 0.1716 0.9619 0.2129
vn 0.4480 0.8562 0.2571
vn 0.5055 -0.0646 0.8603
vn 0.7138 0.1284 0.6885
vn -0.1701 -0.2351 0.9569
vn -0.1168 -0.6514 0.7496
vn 0.4703 -0.5304 0.7053
vn 0.6913 -0.4484 0.5665
vn 0.3246 0.2664 0.9076
vn -0.1862 0.2165 0.9583
vn 0.6056 0.2915 0.7404
vn 0.3716 0.8027 0.4665
vn 0.1925 0.7862 0.5872
vn -0.1439 0.7645 0.6283
vn 0.7939 -0.4885 0.3619
vn 0.8919 -0.2095 0.4007
vn 0.6530 -0.7048 0.2771
vn 0.3593 -0.9051 0.2273
vn 0.7727 0.2473 0.5846
vn 0.4748 0.8005 0.3657
vn 0.8258 0.0364 0.5627
vn 0.7960 0.0753 0.6005
vn 0.7407 -0.5245 0.4198
vn 0.2198 0.9592 0.1776
vn 0.1796 0.9556 0.2336
vn 0.1760 0.9773 0.1175
vn 0.1036 0.9929 0.0586
vn 0.1699 0.9768 0.1302
vn 0.1488 0.9719 0.1822
vn 0.4099 -0.8991 0.1531
vn 0.5797 0.1895 0.7924
vn 0.4795 -0.8610 0.1692
vn 0.4552 -0.8788 0.1430
vn 0.4316 -0.8934 0.1248
vn 0.7734 0.2935 0.5618
vn -0.0562 0.9958 0.0728
vn -0.1487 0.9888 0.0048
vn 0.2767 -0.9085 0.3130
vn 0.3959 -0.8819 0.2559
vn -0.0285 -0.9433 0.3308
vn -0.0020 -0.9806 0.1958
vn 0.2370 -0.9492 0.2069
vn 0.3290 -0.9248 0.1907
vn 0.0944 0.9425 0.3207
vn -0.0985 0.9302 0.3534
vn 0.0998 0.9612 0.2570
vn -0.0885 0.9511 0.2958
vn 0.4571 -0.8632 0.2143
vn 0.3977 -0.9008 0.1744
vn 0.8838 0.2937 0.3640
vn 0.8548 0.2816 0.4360
vn 0.8614 0.2573 0.4378
vn 0.8188 0.1757 0.5465
vn 0.9552 0.1187 0.2710
vn 0.9375 -0.0201 0.3473
vn 0.9906 0.0751 0.1143
vn 0.9085 0.1185 0.4007
vn 0.8904 0.0116 0.4550
vn 0.8956 -0.0289 0.4440
vn 0.8715 -0.0097 0.4903
vn 0.6072 0.5396 0.5832
vn 0.5894 0.3803 0.7127
vn 0.6742 0.1265 0.7277
vn 0.7230 0.2856 0.6290
vn 0.7954 -0.0364 0.6049
vn 0.7110 0.2599 0.6534
vn 0.5272 0.2722 0.8049
vn 0.5918 0.2219 0.7749
vn 0.7943 0.3377 0.5050
vn 0.8672 0.0818 0.4911
vn 0.5952 0.4108 0.6905
vn 0.7658 -0.0818 0.6378
vn 0.8143 -0.2719 0.5127
vn 0.7157 -0.4640 0.5220
vn 0.5372 0.2039 0.8184
vn 0.7256 -0.0116 0.6880
vn 0.6856 -0.2873 0.6689
vn 0.6686 -0.1954 0.7175
vn 0.8223 -0.0088 0.5689
vn 0.7513 0.1328 0.6464
vn 0.6290 -0.0795 0.7733
vn 0.5215 0.5257 0.6721
vn 0.8172 0.1229 0.5630
vn 0.7584 -0.0725 0.6477
vn 0.8399 0.1277 0.5275
vn 0.6978 0.5009 0.5120
vn 0.2613 -0.8814 0.3934
vn 0.1765 -0.8519 0.4930
vn 0.4903 -0.8415 0.2268
vn 0.1270 -0.9811 -0.1456
vn -0.0908 -0.9657 0.2433
vn -0.1401 -0.9001 0.4125
vn 0.7081 -0.7032 0.0636
vn 0.7611 -0.4244 0.4904
vn 0.8840 -0.4628 0.0659
vn 0.5071 -0.7535 -0.4183
vn 0.4028 -0.1204 0.9073
vn 0.3562 0.7074 0.6105
vn 0.1073 -0.4741 0.8739
vn 0.3198 0.7195 0.6164
vn 0.6521 -0.2112 0.7281
vn 0.5206 0.1176 0.8456
vn 0.5932 0.0647 0.8024
vn 0.5395 -0.2720 0.7968
vn 0.3453 0.8321 0.4340
vn 0.4246 0.7650 0.4842
vn 0.1965 0.8900 0.4113
vn 0.2199 0.9340 0.2813
vn 0.4523 0.6526 0.6078
vn 0.5002 0.7467 0.4385
vn -0.7614 0.6113 -0.2156
vn -0.6466 0.4133 -0.6411
vn -0.4278 0.7674 -0.4775
vn -0.3648 0.7011 0.6126
vn -0.1713 0.6975 0.6958
vn 0.1025 0.7674 0.6329
vn -0.5414 0.7917 -0.2828
vn -0.6460 0.3571 -0.6747
vn 0.2403 -0.5381 -0.8079
vn 0.4574 -0.7822 -0.4231
vn -0.0015 -0.1062 -0.9943
vn -0.2095 -0.1978 -0.9576
vn 0.1418 -0.5777 -0.8038
vn 0.4494 -0.7579 -0.4728
vn 0.9965 -0.0052 0.0830
vn 0.9934 0.0287 0.1111
vn 0.9887 0.0427 0.1436
vn 0.9444 -0.3277 0.0263
vn 0.9205 0.2440 0.3052
vn 0.9895 0.1323 -0.0587
vn 0.7598 0.0378 -0.6490
vn 0.8959 0.3901 -0.2123
vn 0.6237 0.1114 -0.7736
vn 0.1738 0.6823 -0.7101
vn 0.1191 0.6389 -0.7600
vn 0.2133 0.7504 -0.6256
vn 0.5183 0.7937 -0.3185
vn 0.4410 0.5955 -0.6714
vn 0.7271 0.6266 -0.2805
vn 0.4834 0.2035 0.8514
vn 0.7116 -0.0469 0.7010
vn 0.4571 0.3401 0.8218
vn 0.8518 0.1880 0.4888
vn 0.7820 0.0849 0.6175
vn 0.7464 0.0050 0.6655
vn 0.8995 -0.4351 -0.0380
vn 0.6872 0.2024 0.6977
vn 0.7112 -0.0767 0.6987
vn 0.7251 -0.6873 -0.0419
vn 0.5360 -0.6353 -0.5559
vn 0.5891 -0.5963 -0.5452
vn 0.9839 -0.1740 0.0392
vn 0.6029 0.3352 0.7240
vn -0.3518 0.2169 -0.9106
vn -0.5069 0.1086 -0.8552
vn 0.7699 0.6321 -0.0882
vn 0.8159 0.3348 -0.4713
vn 0.5394 0.7416 0.3988
vn 0.5567 0.6941 0.4564
vn 0.7219 0.5478 0.4228
vn 0.8026 0.4481 0.3937
vn 0.6450 -0.7639 0.0201
vn 0.7425 0.0064 0.6698
vn 0.1201 0.5201 0.8456
vn 0.0389 0.5874 0.8083
vn 0.4845 0.5629 0.6696
vn 0.3299 0.5955 0.7324
vn 0.1859 0.4712 0.8622
vn 0.3562 0.4353 0.8268
vn 0.2248 0.5014 0.8354
vn 0.0750 0.5936 0.8012
vn 0.4026 0.7735 -0.4894
vn 0.5517 0.5676 -0.6110
vn -0.1151 -0.2055 -0.9719
vn -0.3798 0.0909 -0.9206
vn -0.5118 0.2796 -0.8123
vn 0.1586 0.9560 -0.2466
vn 0.5881 0.3544 0.7270
vn 0.5053 0.4147 0.7567
vn 0.8918 0.3070 -0.3323
vn 0.3802 -0.4824 -0.7891
vn 0.1396 -0.5537 -0.8209
vn -0.2684 -0.2560 -0.9286
vn -0.1232 0.9733 -0.1934
vn -0.5611 0.3176 -0.7643
vn 0.4783 0.6355 0.6061
vn -0.5032 0.0560 -0.8623
vn 0.0389 0.6340 0.7724
vn 0.1479 0.6937 0.7048
vn 0.1510 0.6171 0.7723
vn 0.2634 0.6619 0.7018
vn 0.6476 0.2393 0.7234
vn 0.7096 -0.0069 0.7046
vn 0.6957 0.2338 0.6792
vn 0.6370 0.3577 0.6828
vn 0.5446 0.3841 0.7455
vn 0.4793 0.2971 0.8258
vn 0.6403 0.0216 0.7678
vn 0.6343 0.4551 0.6249
vn 0.6825 0.3795 0.6245
vn 0.4227 0.7023 0.5728
vn 0.5283 0.4658 0.7098
vn 0.7027 0.2994 0.6454
vn 0.8471 0.3224 0.4225
vn 0.4105 0.4865 0.7712
vn 0.7023 -0.1234 0.7011
vn 0.5997 -0.0158 0.8001
vn 0.3479 0.2995 0.8884
vn 0.8514 0.1603 -0.4993
vn 0.3261 0.7376 0.5912
vn 0.5968 0.7085 0.3766
vn -0.4543 0.8886 -0.0629
vn 0.6145 0.6714 0.4142
vn 0.5616 0.7139 0.4183
vn 0.8959 0.0178 0.4438
vn 0.4457 -0.7145 -0.5394
vn 0.5555 -0.7995 -0.2286
vn 0.2968 -0.9330 -0.2035
vn 0.7556 -0.0716 0.6511
vn 0.7472 -0.3731 0.5499
vn 0.1569 -0.9631 0.2185
vn 0.0202 -0.8696 -0.4933
vn 0.2801 -0.9431 -0.1791
vn 0.0262 -0.9926 -0.1187
vn -0.1309 -0.9532 -0.2726
vn 0.7661 -0.0508 0.6406
vn 0.8372 0.0438 0.5451
vn -0.3003 0.3188 0.8990
vn -0.0752 0.4751 0.8767
vn 0.8366 0.2632 0.4804
vn 0.6736 0.1950 0.7128
vn -0.3362 -0.4729 0.8144
vn 0.8611 0.2502 0.4426
vn 0.6854 0.5196 0.5101
vn 0.6751 -0.2236 0.7030
vn 0.4176 0.5245 0.7419
vn -0.3027 -0.3817 0.8733
vn -0.4508 0.6884 0.5682
vn -0.9562 0.2791 -0.0882
vn -0.9177 -0.3894 -0.0782
vn 0.6918 -0.4016 0.6001
vn 0.0683 0.8284 0.5559
vn 0.7568 -0.3201 0.5699
vn 0.5141 0.6935 0.5047
vn 0.1487 -0.9432 -0.2969
vn -0.9679 -0.2272 -0.1078
vn -0.9579 0.2843 -0.0393
vn -0.8671 0.4860 0.1095
vn -0.2198 0.8702 0.4409
vn 0.5276 0.7176 0.4547
vn -0.6883 -0.5023 -0.5234
vn -0.6013 0.7807 -0.1697
vn -0.2848 0.7049 -0.6496
vn -0.4158 0.8515 0.3194
vn -0.2832 0.9365 0.2068
vn -0.2813 0.9572 -0.0675
vn -0.1498 0.9393 -0.3085
vn 0.8338 -0.1532 0.5304
vn 0.5513 0.6619 0.5078
vn 0.7480 -0.5611 -0.3544
vn 0.8711 -0.3880 -0.3009
vn 0.8044 -0.3860 0.4516
vn 0.6366 0.2415 0.7324
vn 0.2877 0.9030 0.3190
vn 0.2134 0.8375 0.5030
vn 0.4185 0.4155 -0.8075
vn 0.3954 -0.0237 -0.9182
vn 0.1387 0.9874 0.0765
vn 0.4886 0.8213 0.2945
vn 0.4896 0.8696 -0.0631
vn 0.2024 0.9314 -0.3024
vn 0.1430 0.8668 0.4776
vn 0.4346 0.7457 0.5049
vn 0.8228 0.3500 0.4477
vn 0.5708 0.4109 0.7108
vn 0.8903 0.3920 -0.2314
vn 0.3500 0.5436 -0.7628
vn 0.1621 0.6849 0.7103
vn -0.2856 0.3459 -0.8937
vn -0.3393 0.3554 -0.8709
vn -0.7734 0.1386 -0.6185
vn -0.6096 0.0386 -0.7917
vn -0.1471 -0.0385 -0.9884
vn 0.1366 0.3399 -0.9305
vn 0.3999 0.5673 -0.7198
vn -0.0287 0.5443 -0.8384
vn -0.7960 -0.1040 -0.5962
vn -0.9337 0.0469 -0.3547
vn -0.9620 -0.0085 -0.2729
vn -0.9198 -0.0716 -0.3858
vn -0.5999 -0.5206 -0.6075
vn -0.3699 -0.4236 -0.8268
vn -0.9895 0.1202 0.0800
vn -0.9970 -0.0664 0.0384
vn -0.9998 -0.0162 -0.0068
vn -0.9794 0.2000 0.0277
vn -0.9591 0.2433 0.1445
vn -0.9677 0.1274 0.2177
vn -0.9771 -0.0221 0.2113
vn -0.9921 0.0067 0.1251
vn -0.9795 -0.1992 0.0288
vn -0.0300 0.9995 -0.0003
vn -0.0088 0.9759 -0.2178
vn 0.3161 0.8369 -0.4468
vn 0.3310 0.9426 0.0441
vn -0.0244 0.9727 0.2306
vn -0.1984 0.9762 0.0872
vn -0.2354 -0.9701 -0.0586
vn -0.3758 -0.9247 -0.0599
vn -0.2763 -0.9523 0.1297
vn -0.5918 -0.8060 0.0072
vn -0.5204 -0.8477 -0.1030
vn -0.6245 -0.7756 -0.0922
vn -0.8063 -0.5878 -0.0666
vn -0.8912 -0.4494 -0.0604
vn -0.8341 -0.5507 -0.0316
vn -0.9672 -0.2536 0.0099
vn -0.9875 -0.1009 -0.1207
vn -0.5435 0.7718 0.3299
vn -0.5059 0.8212 0.2641
vn -0.5350 0.8193 0.2059
vn -0.7572 0.5961 0.2671
vn -0.8908 0.4427 0.1022
vn -0.5728 0.7761 0.2637
vn -0.3416 -0.8599 0.3793
vn -0.3343 -0.8748 0.3508
vn -0.6829 -0.6936 0.2291
vn -0.7035 -0.6791 0.2094
vn -0.9240 -0.3750 0.0736
vn -0.9139 -0.4001 0.0687
vn -0.6275 0.7726 0.0960
vn -0.8509 0.5067 0.1389
vn -0.8557 -0.0053 -0.5174
vn -0.9247 0.3787 -0.0387
vn -0.9432 0.3243 0.0721
vn -0.7705 0.6093 0.1870
vn -0.6860 0.5937 0.4206
vn -0.5472 0.7868 0.2855
vn -0.9673 0.2437 -0.0700
vn -0.9717 0.2330 -0.0374
vn -0.9963 0.0625 -0.0579
vn -0.9954 0.0740 0.0600
vn -0.9690 0.2463 -0.0196
vn -0.8818 0.4673 0.0635
vn -0.8910 0.4537 0.0126
vn -0.6072 0.7793 0.1548
vn -0.6396 0.7527 0.1557
vn -0.3099 -0.9297 0.1990
vn -0.3462 -0.9255 0.1532
vn -0.5073 -0.8495 0.1446
vn -0.5673 -0.8086 0.1558
vn -0.7714 -0.6340 0.0544
vn -0.6358 -0.7637 0.1113
vn -0.8836 -0.4606 0.0842
vn -0.9754 -0.2202 -0.0031
vn -0.7579 0.1775 0.6277
vn -0.8478 0.2740 0.4540
vn -0.8667 0.4980 0.0298
vn -0.8806 0.4040 0.2477
vn -0.9030 0.2847 0.3215
vn -0.7575 -0.0437 0.6513
vn -0.6607 -0.7088 0.2472
vn -0.5376 -0.8178 0.2052
vn -0.5778 -0.7535 0.3135
vn -0.7118 -0.5147 0.4779
vn -0.8263 -0.2844 0.4861
vn -0.8509 -0.4485 0.2735
vn -0.3988 -0.8909 0.2171
vn -0.4409 -0.7710 0.4595
vn -0.7056 0.6599 0.2581
vn -0.8375 0.4779 0.2650
vn -0.8966 0.2925 0.3324
vn -0.8321 0.4549 0.3172
vn -0.8723 -0.1682 0.4591
vn -0.8133 -0.1210 0.5691
vn -0.9175 0.2458 0.3126
vn -0.8676 0.2954 0.4000
vn -0.9220 -0.1484 0.3577
vn -0.9277 -0.0070 0.3732
vn -0.5255 -0.4835 0.7001
vn -0.6204 -0.2188 0.7531
vn -0.8125 0.5741 0.1016
vn -0.9634 0.2550 0.0821
vn -0.5674 0.8206 0.0678
vn -0.3015 0.9452 0.1247
vn -0.6234 -0.0888 0.7768
vn -0.9740 0.0957 0.2051
vn -0.7756 -0.1096 0.6216
vn -0.9206 0.0710 0.3839
vn -0.8168 -0.5014 0.2855
vn -0.6555 -0.5699 0.4955
vn -0.6467 0.2322 0.7265
vn -0.4437 0.7639 0.4686
vn -0.5681 0.7697 0.2913
vn -0.8498 0.2404 0.4691
vn -0.8359 -0.5458 0.0582
vn -0.3548 -0.9302 0.0942
vn -0.6596 -0.7509 0.0324
vn -0.9600 -0.2745 0.0556
vn -0.9461 0.1870 0.2643
vn -0.6277 0.7618 0.1602
vn -0.9734 -0.0267 0.2274
vn -0.9619 0.0136 0.2728
vn -0.8047 -0.5788 0.1318
vn -0.3334 0.9398 0.0744
vn -0.3160 0.9382 0.1412
vn -0.2699 0.9572 0.1042
vn -0.2711 0.9613 0.0479
vn -0.1848 0.9828 0.0048
vn -0.2723 0.9616 0.0339
vn -0.3756 -0.9267 0.0067
vn -0.8375 0.1397 0.5283
vn -0.9418 0.2333 0.2421
vn -0.3860 -0.9221 -0.0276
vn -0.4155 -0.9094 -0.0193
vn -0.4488 -0.8936 -0.0038
vn -0.0413 0.9963 0.0756
vn 0.0697 0.9965 0.0455
vn -0.3085 -0.9291 0.2040
vn -0.4008 -0.9098 0.1074
vn -0.3121 -0.9474 0.0712
vn -0.2308 -0.9656 0.1198
vn -0.2671 0.9298 0.2532
vn -0.2505 0.9489 0.1917
vn -0.4440 -0.8948 0.0464
vn -0.3717 -0.9278 0.0310
vn -0.9734 0.2285 0.0178
vn -0.9713 0.2175 0.0956
vn -0.9705 0.1129 0.2129
vn -0.9766 0.1928 0.0952
vn -0.9944 0.0502 -0.0923
vn -0.9680 0.0063 -0.2508
vn -0.9960 -0.0880 -0.0131
vn -0.9931 -0.0545 0.1040
vn -0.9976 0.0516 0.0455
vn -0.9911 -0.0951 0.0923
vn -0.9867 -0.0749 0.1440
vn -0.8115 0.4898 0.3188
vn -0.8307 0.3304 0.4480
vn -0.8977 0.0714 0.4346
vn -0.9185 0.2279 0.3230
vn -0.8446 0.1715 0.5071
vn -0.7987 0.2256 0.5578
vn -0.9143 0.2029 0.3504
vn -0.9554 -0.0978 0.2785
vn -0.9437 0.2767 0.1810
vn -0.9893 0.0167 0.1450
vn -0.8224 -0.5180 0.2353
vn -0.9239 -0.3329 0.1888
vn -0.9366 -0.1416 0.3205
vn -0.8302 0.3608 0.4248
vn -0.8082 0.1567 0.5676
vn -0.8671 -0.2494 0.4312
vn -0.8592 -0.3415 0.3809
vn -0.9220 -0.0694 0.3809
vn -0.9693 -0.0717 0.2350
vn -0.9408 0.0735 0.3309
vn -0.7627 0.4806 0.4327
vn -0.8582 -0.1317 0.4961
vn -0.9714 0.0601 0.2297
vn -0.9339 -0.1319 0.3323
vn -0.9800 0.0638 0.1882
vn -0.8675 0.4459 0.2203
vn -0.3250 -0.9020 0.2841
vn -0.2840 -0.8681 0.4071
vn 0.0429 -0.8936 0.4467
vn 0.0623 -0.9603 0.2718
vn 0.0006 -0.9856 -0.1692
vn -0.4808 -0.8756 0.0457
vn -0.6341 -0.7503 -0.1866
vn -0.2703 -0.7808 -0.5632
vn -0.8149 -0.5224 -0.2507
vn -0.8560 -0.4812 0.1890
vn -0.6932 -0.1588 0.7030
vn -0.5991 0.6738 0.4324
vn -0.5682 0.6883 0.4509
vn -0.3822 -0.4913 0.7826
vn -0.8545 -0.2641 0.4473
vn -0.7703 -0.3179 0.5527
vn -0.8451 0.0142 0.5343
vn -0.7967 0.0714 0.6000
vn -0.5340 0.8012 0.2701
vn -0.6212 0.7283 0.2893
vn -0.3692 0.9134 0.1715
vn -0.3912 0.8694 0.3017
vn -0.6838 0.6128 0.3960
vn -0.6738 0.7054 0.2196
vn 0.7447 0.6642 0.0651
vn 0.5179 0.8006 -0.3012
vn 0.8044 0.4642 -0.3707
vn 0.8197 0.4085 -0.4015
vn 0.5519 0.8301 -0.0790
vn -0.3751 0.7507 0.5439
vn -0.1382 0.6987 0.7019
vn 0.0716 0.7165 0.6939
vn 0.1035 -0.5429 -0.8334
vn -0.2203 -0.8059 -0.5494
vn -0.1967 -0.7806 -0.5933
vn 0.1964 -0.5758 -0.7937
vn 0.5529 -0.1710 -0.8155
vn 0.3664 -0.0933 -0.9257
vn -0.9548 -0.0800 -0.2861
vn -0.9717 -0.0378 -0.2332
vn -0.9663 -0.0401 -0.2541
vn -0.9829 0.1772 -0.0496
vn -0.8644 -0.3938 -0.3125
vn -0.9086 0.0656 -0.4125
vn -0.4761 -0.0056 -0.8794
vn -0.3096 0.0786 -0.9476
vn -0.7837 0.3312 -0.5254
vn 0.0476 0.6778 -0.7336
vn -0.0242 0.7421 -0.6699
vn -0.4214 0.7607 -0.4936
vn -0.2091 0.5727 -0.7926
vn -0.6181 0.5794 -0.5313
vn -0.7700 0.1595 0.6178
vn -0.9112 -0.1039 0.3985
vn -0.9344 -0.0540 0.3522
vn -0.9556 0.0239 0.2936
vn -0.9813 0.1237 0.1472
vn -0.7441 0.2979 0.5979
vn -0.7939 -0.4946 -0.3537
vn -0.6131 -0.7343 -0.2914
vn -0.9081 -0.1336 0.3969
vn -0.9042 0.1466 0.4010
vn -0.8443 0.2844 0.4542
vn -0.9179 -0.2408 -0.3153
vn -0.3116 -0.6279 -0.7132
vn -0.2557 -0.6631 -0.7035
vn 0.6403 0.2517 -0.7256
vn 0.7720 0.1534 -0.6168
vn -0.7275 0.5795 -0.3673
vn -0.6123 0.2846 -0.7376
vn -0.9189 0.3876 0.0728
vn -0.8610 0.4923 0.1278
vn -0.7293 0.6489 0.2167
vn -0.6957 0.6983 0.1685
vn -0.5557 -0.8061 -0.2036
vn -0.9324 -0.0524 0.3576
vn -0.4513 0.5001 0.7391
vn -0.7299 0.5203 0.4432
vn -0.3669 0.5732 0.7327
vn -0.3984 0.5770 0.7130
vn -0.5438 0.4745 0.6922
vn -0.6585 0.3997 0.6377
vn -0.5151 0.4466 0.7315
vn -0.6109 0.5625 0.5571
vn -0.2510 0.7505 -0.6113
vn 0.6785 0.1281 -0.7233
vn 0.4708 -0.1849 -0.8626
vn -0.3320 0.5366 -0.7757
vn -0.7706 0.3699 0.5189
vn -0.8329 0.3045 0.4621
vn -0.1237 0.9461 -0.2992
vn 0.7496 0.3239 -0.5772
vn -0.7311 0.2500 -0.6348
vn -0.0372 -0.4971 -0.8669
vn 0.2030 -0.5515 -0.8091
vn 0.6013 -0.2255 -0.7665
vn 0.1183 0.9818 -0.1484
vn 0.7757 0.3645 -0.5152
vn -0.7062 0.5940 0.3853
vn 0.7747 0.1009 -0.6241
vn -0.3571 0.6201 0.6986
vn -0.4382 0.6732 0.5956
vn -0.5425 0.6336 0.5516
vn -0.4602 0.5956 0.6583
vn -0.8791 0.1857 0.4388
vn -0.9076 0.1776 0.3804
vn -0.9134 -0.0639 0.4021
vn -0.8736 -0.0315 0.4855
vn -0.7633 0.2535 0.5942
vn -0.8011 0.3369 0.4947
vn -0.8627 0.3051 0.4032
vn -0.8459 0.4031 0.3490
vn -0.8856 0.3245 0.3322
vn -0.7786 0.4199 0.4662
vn -0.6470 0.6648 0.3734
vn -0.9064 0.2430 0.3455
vn -0.9621 0.2589 0.0853
vn -0.6925 0.4478 0.5656
vn -0.8974 -0.1795 0.4030
vn -0.8448 -0.0666 0.5308
vn -0.6637 0.2640 0.6998
vn -0.6234 0.1086 -0.7743
vn -0.5661 0.7063 0.4249
vn -0.7389 0.6616 0.1276
vn 0.3852 0.9181 0.0937
vn -0.1722 -0.7361 -0.6546
vn -0.9946 -0.0486 0.0914
vn -0.7215 0.6688 0.1791
vn -0.7664 0.6230 0.1568
vn -0.3805 -0.8323 -0.4030
vn -0.8679 -0.4298 0.2488
vn -0.9326 -0.1309 0.3364
vn -0.1398 -0.9483 -0.2849
vn 0.2845 -0.9386 -0.1952
vn 0.0855 -0.9905 -0.1076
vn -0.1323 -0.9576 -0.2560
vn 0.2176 -0.8627 -0.4565
vn -0.1593 -0.9742 0.1595
vn -0.9400 -0.1107 0.3226
vn -0.2776 0.4680 0.8389
vn -0.0656 0.3270 0.9427
vn -0.9782 -0.0199 0.2067
vn -0.9692 0.1998 0.1438
vn -0.8966 0.1399 0.4201
vn 0.0519 -0.4593 0.8867
vn -0.9775 0.1857 0.0999
vn -0.8661 -0.2777 0.4157
vn -0.8565 0.4655 0.2227
vn -0.6912 0.4856 0.5352
vn -0.0067 -0.3713 0.9285
vn 0.9085 -0.3253 0.2622
vn 0.9026 0.3444 0.2582
vn 0.1684 0.7101 0.6836
vn -0.3197 0.8148 0.4836
vn -0.8325 -0.4551 0.3159
vn -0.8876 -0.3778 0.2635
vn -0.7070 0.6507 0.2771
vn 0.0324 -0.9473 -0.3186
vn 0.9548 -0.1597 0.2505
vn 0.8862 0.3491 0.3045
vn 0.7345 0.5422 0.4080
vn -0.0131 0.8775 0.4794
vn -0.7032 0.6743 0.2253
vn 0.8628 -0.4479 -0.2343
vn 0.5677 0.8218 0.0482
vn 0.4510 0.7307 -0.5124
vn 0.1868 0.9511 -0.2458
vn 0.2212 0.9749 0.0261
vn 0.1257 0.9508 0.2830
vn 0.2142 0.8737 0.4368
vn -0.9564 -0.2160 0.1968
vn -0.7406 0.6165 0.2670
vn -0.8723 0.1885 0.4511
vn -0.8849 -0.4453 0.1367
vn -0.6760 -0.4423 -0.5893
vn -0.5305 -0.6060 -0.5927
vn -0.4437 0.8773 0.1827
vn -0.4363 0.8147 0.3819
vn -0.1270 0.3964 -0.9092
vn -0.0360 -0.0388 -0.9986
vn -0.2235 0.9746 0.0090
vn -0.1426 0.9193 -0.3667
vn -0.4918 0.8352 -0.2461
vn -0.6163 0.7825 0.0886
vn -0.6367 0.7081 0.3052
vn -0.3637 0.8490 0.3832
vn -0.9505 0.2877 0.1172
vn -0.8148 0.3622 0.4526
vn -0.7718 0.3337 -0.5412
vn -0.0881 0.5282 -0.8445
vn -0.4529 0.6633 0.5957
usemtl Head
s 1
f 685/1049/685 880/1050/686 1266/1051/687 873/1052/688
f 685/1049/685 873/1052/688 1359/1053/689 993/1054/690
f 685/1049/685 993/1054/690 1313/1055/691 985/1056/692
f 685/1049/685 985/1056/692 1314/1057/693 880/1050/686
f 686/1058/694 992/1059/695 1267/1060/696 874/1061/697
f 686/1058/694 874/1061/697 1266/1051/687 880/1050/686
f 686/1058/694 880/1050/686 1314/1057/693 986/1062/698
f 686/1058/694 986/1062/698 1315/1063/699 992/1059/695
f 687/1064/700 958/1065/701 1275/1066/702 899/1067/703
f 687/1064/700 899/1067/703 1272/1068/704 957/1069/705
f 687/1064/700 957/1069/705 1298/1070/706 955/1071/707
f 687/1064/700 955/1071/707 1300/1072/708 958/1065/701
f 688/1073/709 1066/1074/710 1362/1075/711 889/1076/712
f 688/1073/709 889/1076/712 1367/1077/713 1065/1078/714
f 688/1073/709 1065/1078/714 1353/1079/715 1064/1080/716
f 688/1073/709 1064/1080/716 1351/1081/717 1066/1074/710
f 689/1082/718 888/1083/719 1366/1084/720 878/1085/721
f 689/1082/718 878/1085/721 1270/1086/722 890/1087/723
f 689/1082/718 890/1087/723 1273/1088/724 885/1089/725
f 689/1082/718 885/1089/725 1371/1090/726 888/1083/719
f 690/1091/727 890/1087/723 1270/1086/722 877/1092/728
f 690/1091/727 877/1092/728 1269/1093/729 887/1094/730
f 690/1091/727 887/1094/730 1272/1068/704 884/1095/731
f 690/1091/727 884/1095/731 1273/1088/724 890/1087/723
f 691/1096/732 897/1097/733 1271/1098/734 882/1099/735
f 691/1096/732 882/1099/735 1367/1077/713 896/1100/736
f 691/1096/732 896/1100/736 1372/1101/737 891/1102/738
f 691/1096/732 891/1102/738 1274/1103/739 897/1097/733
f 692/1104/740 895/1105/741 1371/1090/726 885/1089/725
f 692/1104/740 885/1089/725 1273/1088/724 898/1106/742
f 692/1104/740 898/1106/742 1276/1107/743 894/1108/744
f 692/1104/740 894/1108/744 1376/1109/745 895/1105/741
f 693/1110/746 898/1106/742 1273/1088/724 884/1095/731
f 693/1110/746 884/1095/731 1272/1068/704 899/1067/703
f 693/1110/746 899/1067/703 1275/1066/702 893/1111/747
f 693/1110/746 893/1111/747 1276/1107/743 898/1106/742
f 694/1112/748 956/1113/749 1268/1114/750 886/1115/751
f 694/1112/748 886/1115/751 1271/1098/734 883/1116/752
f 694/1112/748 883/1116/752 1297/1117/753 951/1118/754
f 694/1112/748 951/1118/754 1295/1119/755 956/1113/749
f 695/1120/756 905/1121/757 1275/1122/702 892/1123/758
f 695/1120/756 892/1123/758 1274/1124/739 904/1125/759
f 695/1120/756 904/1125/759 1277/1126/760 901/1127/761
f 695/1120/756 901/1127/761 1278/1128/762 905/1121/757
f 696/1129/763 904/1125/759 1274/1124/739 891/1130/738
f 696/1129/763 891/1130/738 1372/1131/737 907/1132/764
f 696/1129/763 907/1132/764 1377/1133/765 900/1134/766
f 696/1129/763 900/1134/766 1277/1126/760 904/1125/759
f 697/1135/767 906/1136/768 1376/1137/745 894/1138/744
f 697/1135/767 894/1138/744 1276/1139/743 908/1140/769
f 697/1135/767 908/1140/769 1279/1141/770 903/1142/771
f 697/1135/767 903/1142/771 1381/1143/772 906/1136/768
f 698/1144/773 908/1140/769 1276/1139/743 893/1145/747
f 698/1144/773 893/1145/747 1275/1146/702 921/1147/774
f 698/1144/773 921/1147/774 1283/1148/775 902/1149/776
f 698/1144/773 902/1149/776 1279/1141/770 908/1140/769
f 699/1150/777 1045/1151/778 1382/1152/779 919/1153/780
f 699/1150/777 919/1153/780 1390/1154/781 1044/1155/782
f 699/1150/777 1044/1155/782 1344/1156/783 1042/1157/784
f 699/1150/777 1042/1157/784 1341/1158/785 1045/1151/778
f 700/1159/786 915/1160/787 1279/1141/770 902/1149/776
f 700/1159/786 902/1149/776 1283/1148/775 922/1161/788
f 700/1159/786 922/1161/788 1284/1162/789 911/1163/790
f 700/1159/786 911/1163/790 1282/1164/791 915/1160/787
f 701/1165/792 916/1166/793 1381/1143/772 903/1142/771
f 701/1165/792 903/1142/771 1279/1141/770 915/1160/787
f 701/1165/792 915/1160/787 1282/1164/791 912/1167/794
f 701/1165/792 912/1167/794 1386/1168/795 916/1166/793
f 702/1169/796 913/1170/797 1277/1126/760 900/1134/766
f 702/1169/796 900/1134/766 1377/1133/765 917/1171/798
f 702/1169/796 917/1171/798 1382/1152/779 909/1172/799
f 702/1169/796 909/1172/799 1280/1173/800 913/1170/797
f 703/1174/801 1044/1155/782 1390/1154/781 920/1175/802
f 703/1174/801 920/1175/802 1281/1176/803 910/1177/804
f 703/1174/801 910/1177/804 1343/1178/805 1043/1179/806
f 703/1174/801 1043/1179/806 1344/1156/783 1044/1155/782
f 704/1180/807 918/1181/808 1386/1168/795 912/1167/794
f 704/1180/807 912/1167/794 1282/1164/791 911/1163/790
f 704/1180/807 911/1163/790 1284/1162/789 923/1182/809
f 704/1180/807 923/1182/809 1387/1183/810 918/1181/808
f 705/1184/811 931/1185/812 1283/1148/775 921/1147/774
f 705/1184/811 921/1147/774 1275/1146/702 930/1186/813
f 705/1184/811 930/1186/813 1285/1187/814 927/1188/815
f 705/1184/811 927/1188/815 1288/1189/816 931/1185/812
f 706/1190/817 933/1191/818 1281/1176/803 920/1175/802
f 706/1190/817 920/1175/802 1390/1154/781 932/1192/819
f 706/1190/817 932/1192/819 1397/1193/820 926/1194/821
f 706/1190/817 926/1194/821 1287/1195/822 933/1191/818
f 707/1196/823 935/1197/824 1387/1183/810 923/1182/809
f 707/1196/823 923/1182/809 1284/1162/789 934/1198/825
f 707/1196/823 934/1198/825 1289/1199/826 929/1200/827
f 707/1196/823 929/1200/827 1394/1201/828 935/1197/824
f 708/1202/829 930/1203/813 1275/1122/702 905/1121/757
f 708/1202/829 905/1121/757 1278/1128/762 936/1204/830
f 708/1202/829 936/1204/830 1286/1205/831 924/1206/832
f 708/1202/829 924/1206/832 1285/1207/814 930/1203/813
f 709/1208/833 934/1198/825 1284/1162/789 922/1161/788
f 709/1208/833 922/1161/788 1283/1148/775 931/1185/812
f 709/1208/833 931/1185/812 1288/1189/816 928/1209/834
f 709/1208/833 928/1209/834 1289/1199/826 934/1198/825
f 710/1210/835 936/1204/830 1278/1128/762 914/1211/836
f 710/1210/835 914/1211/836 1281/1176/803 933/1191/818
f 710/1210/835 933/1191/818 1287/1195/822 925/1212/837
f 710/1210/835 925/1212/837 1286/1205/831 936/1204/830
f 711/1213/838 944/1214/839 1289/1199/826 928/1209/834
f 711/1213/838 928/1209/834 1288/1189/816 943/1215/840
f 711/1213/838 943/1215/840 1293/1216/841 941/1217/842
f 711/1213/838 941/1217/842 1294/1218/843 944/1214/839
f 712/1219/844 946/1220/845 1285/1207/814 924/1206/832
f 712/1219/844 924/1206/832 1286/1205/831 945/1221/846
f 712/1219/844 945/1221/846 1291/1222/847 937/1223/848
f 712/1219/844 937/1223/848 1290/1224/849 946/1220/845
f 713/1225/850 943/1215/840 1288/1189/816 927/1188/815
f 713/1225/850 927/1188/815 1285/1187/814 946/1226/845
f 713/1225/850 946/1226/845 1290/1227/849 940/1228/851
f 713/1225/850 940/1228/851 1293/1216/841 943/1215/840
f 714/1229/852 948/1230/853 1287/1195/822 926/1194/821
f 714/1229/852 926/1194/821 1397/1193/820 947/1231/854
f 714/1229/852 947/1231/854 1404/1232/855 939/1233/856
f 714/1229/852 939/1233/856 1292/1234/857 948/1230/853
f 715/1235/858 949/1236/859 1394/1201/828 929/1200/827
f 715/1235/858 929/1200/827 1289/1199/826 944/1214/839
f 715/1235/858 944/1214/839 1294/1218/843 942/1237/860
f 715/1235/858 942/1237/860 1401/1238/861 949/1236/859
f 716/1239/862 945/1221/846 1286/1205/831 925/1212/837
f 716/1239/862 925/1212/837 1287/1195/822 948/1230/853
f 716/1239/862 948/1230/853 1292/1234/857 938/1240/863
f 716/1239/862 938/1240/863 1291/1222/847 945/1221/846
f 717/1241/864 959/1242/865 1274/1103/739 892/1243/758
f 717/1241/864 892/1243/758 1275/1066/702 958/1065/701
f 717/1241/864 958/1065/701 1300/1072/708 953/1244/866
f 717/1241/864 953/1244/866 1299/1245/867 959/1242/865
f 718/1246/868 960/1247/869 1269/1093/729 876/1248/870
f 718/1246/868 876/1248/870 1268/1114/750 956/1113/749
f 718/1246/868 956/1113/749 1295/1119/755 950/1249/871
f 718/1246/868 950/1249/871 1296/1250/872 960/1247/869
f 719/1251/873 957/1069/705 1272/1068/704 887/1094/730
f 719/1251/873 887/1094/730 1269/1093/729 960/1247/869
f 719/1251/873 960/1247/869 1296/1250/872 952/1252/874
f 719/1251/873 952/1252/874 1298/1070/706 957/1069/705
f 720/1253/875 883/1116/752 1271/1098/734 897/1097/733
f 720/1253/875 897/1097/733 1274/1103/739 959/1242/865
f 720/1253/875 959/1242/865 1299/1245/867 954/1254/876
f 720/1253/875 954/1254/876 1297/1117/753 883/1116/752
f 721/1255/877 968/1256/878 1300/1072/708 955/1071/707
f 721/1255/877 955/1071/707 1298/1070/706 967/1257/879
f 721/1255/877 967/1257/879 1304/1258/880 966/1259/881
f 721/1255/877 966/1259/881 1306/1260/882 968/1256/878
f 722/1261/883 970/1262/884 1295/1119/755 951/1118/754
f 722/1261/883 951/1118/754 1297/1117/753 969/1263/885
f 722/1261/883 969/1263/885 1303/1264/886 962/1265/887
f 722/1261/883 962/1265/887 1301/1266/888 970/1262/884
f 723/1267/889 969/1263/885 1297/1117/753 954/1254/876
f 723/1267/889 954/1254/876 1299/1245/867 971/1268/890
f 723/1267/889 971/1268/890 1305/1269/891 965/1270/892
f 723/1267/889 965/1270/892 1303/1264/886 969/1263/885
f 724/1271/893 972/1272/894 1296/1250/872 950/1249/871
f 724/1271/893 950/1249/871 1295/1119/755 970/1262/884
f 724/1271/893 970/1262/884 1301/1266/888 961/1273/895
f 724/1271/893 961/1273/895 1302/1274/896 972/1272/894
f 725/1275/897 971/1268/890 1299/1245/867 953/1244/866
f 725/1275/897 953/1244/866 1300/1072/708 968/1256/878
f 725/1275/897 968/1256/878 1306/1260/882 964/1276/898
f 725/1275/897 964/1276/898 1305/1269/891 971/1268/890
f 726/1277/899 967/1257/879 1298/1070/706 952/1252/874
f 726/1277/899 952/1252/874 1296/1250/872 972/1272/894
f 726/1277/899 972/1272/894 1302/1274/896 963/1278/900
f 726/1277/899 963/1278/900 1304/1258/880 967/1257/879
f 727/1279/901 980/1280/902 1301/1266/888 962/1265/887
f 727/1279/901 962/1265/887 1303/1264/886 979/1281/903
f 727/1279/901 979/1281/903 1309/1282/904 974/1283/905
f 727/1279/901 974/1283/905 1307/1284/906 980/1280/902
f 728/1285/907 979/1281/903 1303/1264/886 965/1270/892
f 728/1285/907 965/1270/892 1305/1269/891 981/1286/908
f 728/1285/907 981/1286/908 1311/1287/909 977/1288/910
f 728/1285/907 977/1288/910 1309/1282/904 979/1281/903
f 729/1289/911 982/1290/912 1302/1274/896 961/1273/895
f 729/1289/911 961/1273/895 1301/1266/888 980/1280/902
f 729/1289/911 980/1280/902 1307/1284/906 973/1291/913
f 729/1289/911 973/1291/913 1308/1292/914 982/1290/912
f 730/1293/915 981/1286/908 1305/1269/891 964/1276/898
f 730/1293/915 964/1276/898 1306/1260/882 983/1294/916
f 730/1293/915 983/1294/916 1312/1295/917 976/1296/918
f 730/1293/915 976/1296/918 1311/1287/909 981/1286/908
f 731/1297/919 984/1298/920 1304/1258/880 963/1278/900
f 731/1297/919 963/1278/900 1302/1274/896 982/1290/912
f 731/1297/919 982/1290/912 1308/1292/914 975/1299/921
f 731/1297/919 975/1299/921 1310/1300/922 984/1298/920
f 732/1301/923 983/1294/916 1306/1260/882 966/1259/881
f 732/1301/923 966/1259/881 1304/1258/880 984/1298/920
f 732/1301/923 984/1298/920 1310/1300/922 978/1302/924
f 732/1301/923 978/1302/924 1312/1295/917 983/1294/916
f 733/1303/925 1006/1304/926 1313/1305/691 989/1306/927
f 733/1303/925 989/1306/927 1316/1307/928 1005/1308/929
f 733/1303/925 1005/1308/929 1322/1309/930 1001/1310/931
f 733/1303/925 1001/1310/931 1319/1311/932 1006/1304/926
f 734/1312/933 1004/1313/934 1315/1314/699 986/1315/698
f 734/1312/933 986/1315/698 1314/1316/693 990/1317/935
f 734/1312/933 990/1317/935 1320/1318/936 998/1319/937
f 734/1312/933 998/1319/937 1321/1320/938 1004/1313/934
f 735/1321/939 994/1322/940 1269/1093/729 881/1323/941
f 735/1321/939 881/1323/941 1267/1060/696 992/1059/695
f 735/1321/939 992/1059/695 1315/1063/699 991/1324/942
f 735/1321/939 991/1324/942 1318/1325/943 994/1322/940
f 736/1326/944 995/1327/945 1268/1114/750 876/1248/870
f 736/1326/944 876/1248/870 1269/1093/729 994/1322/940
f 736/1326/944 994/1322/940 1318/1325/943 988/1328/946
f 736/1326/944 988/1328/946 1317/1329/947 995/1327/945
f 737/1330/948 993/1054/690 1359/1053/689 879/1331/949
f 737/1330/948 879/1331/949 1362/1075/711 996/1332/950
f 737/1330/948 996/1332/950 1316/1333/928 989/1334/927
f 737/1330/948 989/1334/927 1313/1055/691 993/1054/690
f 738/1335/951 996/1332/950 1362/1075/711 875/1336/952
f 738/1335/951 875/1336/952 1268/1114/750 995/1327/945
f 738/1335/951 995/1327/945 1317/1329/947 987/1337/953
f 738/1335/951 987/1337/953 1316/1333/928 996/1332/950
f 739/1338/954 1035/1339/955 1322/1309/930 1005/1308/929
f 739/1338/954 1005/1308/929 1316/1307/928 1034/1340/956
f 739/1338/954 1034/1340/956 1330/1341/957 1025/1342/958
f 739/1338/954 1025/1342/958 1333/1343/959 1035/1339/955
f 740/1344/960 1016/1345/961 1323/1346/962 1003/1347/963
f 740/1344/960 1003/1347/963 1321/1320/938 1002/1348/964
f 740/1344/960 1002/1348/964 1326/1349/965 1015/1350/966
f 740/1344/960 1015/1350/966 1329/1351/967 1016/1345/961
f 741/1352/968 990/1317/935 1314/1316/693 985/1353/692
f 741/1352/968 985/1353/692 1313/1354/691 1006/1355/926
f 741/1352/968 1006/1355/926 1319/1356/932 997/1357/969
f 741/1352/968 997/1357/969 1320/1318/936 990/1317/935
f 742/1358/970 1033/1359/971 1317/1360/947 988/1361/946
f 742/1358/970 988/1361/946 1318/1362/943 999/1363/972
f 742/1358/970 999/1363/972 1332/1364/973 1022/1365/974
f 742/1358/970 1022/1365/974 1331/1366/975 1033/1359/971
f 743/1367/976 1007/1368/977 1318/1362/943 991/1369/942
f 743/1367/976 991/1369/942 1315/1314/699 1004/1313/934
f 743/1367/976 1004/1313/934 1321/1320/938 1003/1347/963
f 743/1367/976 1003/1347/963 1323/1346/962 1007/1368/977
f 744/1370/978 1017/1371/979 1329/1351/967 1012/1372/980
f 744/1370/978 1012/1372/980 1328/1373/981 1000/1374/982
f 744/1370/978 1000/1374/982 1337/1375/983 1029/1376/984
f 744/1370/978 1029/1376/984 1338/1377/985 1017/1371/979
f 745/1378/986 1014/1379/987 1325/1380/988 1009/1381/989
f 745/1378/986 1009/1381/989 1324/1382/990 1013/1383/991
f 745/1378/986 1013/1383/991 1327/1384/992 1011/1385/993
f 745/1378/986 1011/1385/993 1328/1373/981 1014/1379/987
f 746/1386/994 1015/1350/966 1326/1349/965 1010/1387/995
f 746/1386/994 1010/1387/995 1325/1380/988 1014/1379/987
f 746/1386/994 1014/1379/987 1328/1373/981 1012/1372/980
f 746/1386/994 1012/1372/980 1329/1351/967 1015/1350/966
f 747/1388/996 1002/1348/964 1321/1320/938 998/1319/937
f 747/1388/996 998/1319/937 1320/1318/936 1019/1389/997
f 747/1388/996 1019/1389/997 1325/1390/988 1010/1391/995
f 747/1388/996 1010/1391/995 1326/1349/965 1002/1348/964
f 748/1392/998 1020/1393/999 1319/1311/932 1001/1310/931
f 748/1392/998 1001/1310/931 1322/1309/930 1018/1394/1000
f 748/1392/998 1018/1394/1000 1327/1384/992 1013/1383/991
f 748/1392/998 1013/1383/991 1324/1382/990 1020/1393/999
f 749/1395/1001 1019/1389/997 1320/1318/936 997/1357/969
f 749/1395/1001 997/1357/969 1319/1356/932 1020/1396/999
f 749/1395/1001 1020/1396/999 1324/1397/990 1009/1398/989
f 749/1395/1001 1009/1398/989 1325/1390/988 1019/1389/997
f 750/1399/1002 1008/1400/1003 1323/1346/962 1016/1345/961
f 750/1399/1002 1016/1345/961 1329/1351/967 1017/1371/979
f 750/1399/1002 1017/1371/979 1338/1377/985 1030/1401/1004
f 750/1399/1002 1030/1401/1004 1335/1402/1005 1008/1400/1003
f 751/1403/1006 1032/1404/1007 1333/1343/959 1023/1405/1008
f 751/1403/1006 1023/1405/1008 1334/1406/1009 1031/1407/1010
f 751/1403/1006 1031/1407/1010 1337/1375/983 1028/1408/1011
f 751/1403/1006 1028/1408/1011 1336/1409/1012 1032/1404/1007
f 752/1410/1013 1027/1411/1014 1331/1366/975 1022/1365/974
f 752/1410/1013 1022/1365/974 1332/1364/973 1026/1412/1015
f 752/1410/1013 1026/1412/1015 1335/1402/1005 1024/1413/1016
f 752/1410/1013 1024/1413/1016 1334/1406/1009 1027/1411/1014
f 753/1414/1017 1025/1342/958 1330/1341/957 1021/1415/1018
f 753/1414/1017 1021/1415/1018 1331/1366/975 1027/1411/1014
f 753/1414/1017 1027/1411/1014 1334/1406/1009 1023/1405/1008
f 753/1414/1017 1023/1405/1008 1333/1343/959 1025/1342/958
f 754/1416/1019 1031/1407/1010 1334/1406/1009 1024/1413/1016
f 754/1416/1019 1024/1413/1016 1335/1402/1005 1030/1401/1004
f 754/1416/1019 1030/1401/1004 1338/1377/985 1029/1376/984
f 754/1416/1019 1029/1376/984 1337/1375/983 1031/1407/1010
f 755/1417/1020 1036/1418/1021 1327/1384/992 1018/1394/1000
f 755/1417/1020 1018/1394/1000 1322/1309/930 1035/1339/955
f 755/1417/1020 1035/1339/955 1333/1343/959 1032/1404/1007
f 755/1417/1020 1032/1404/1007 1336/1409/1012 1036/1418/1021
f 756/1419/1022 1000/1374/982 1328/1373/981 1011/1385/993
f 756/1419/1022 1011/1385/993 1327/1384/992 1036/1418/1021
f 756/1419/1022 1036/1418/1021 1336/1409/1012 1028/1408/1011
f 756/1419/1022 1028/1408/1011 1337/1375/983 1000/1374/982
f 757/1420/1023 1034/1340/956 1316/1307/928 987/1421/953
f 757/1420/1023 987/1421/953 1317/1360/947 1033/1359/971
f 757/1420/1023 1033/1359/971 1331/1366/975 1021/1415/1018
f 757/1420/1023 1021/1415/1018 1330/1341/957 1034/1340/956
f 758/1422/1024 999/1363/972 1318/1362/943 1007/1368/977
f 758/1422/1024 1007/1368/977 1323/1346/962 1008/1400/1003
f 758/1422/1024 1008/1400/1003 1335/1402/1005 1026/1412/1015
f 758/1422/1024 1026/1412/1015 1332/1364/973 999/1363/972
f 759/1423/1025 1058/1424/1026 1341/1158/785 1042/1157/784
f 759/1423/1025 1042/1157/784 1344/1156/783 1057/1425/1027
f 759/1423/1025 1057/1425/1027 1350/1426/1028 1054/1427/1029
f 759/1423/1025 1054/1427/1029 1347/1428/1030 1058/1424/1026
f 760/1429/1031 1056/1430/1032 1339/1431/1033 1040/1432/1034
f 760/1429/1031 1040/1432/1034 1342/1433/1035 1039/1434/1036
f 760/1429/1031 1039/1434/1036 1348/1435/1037 1052/1436/1038
f 760/1429/1031 1052/1436/1038 1345/1437/1039 1056/1430/1032
f 761/1438/1040 910/1177/804 1281/1176/803 914/1211/836
f 761/1438/1040 914/1211/836 1278/1128/762 1046/1439/1041
f 761/1438/1040 1046/1439/1041 1340/1440/1042 1041/1441/1043
f 761/1438/1040 1041/1441/1043 1343/1178/805 910/1177/804
f 762/1442/1044 1047/1443/1045 1280/1173/800 909/1172/799
f 762/1442/1044 909/1172/799 1382/1152/779 1045/1151/778
f 762/1442/1044 1045/1151/778 1341/1158/785 1038/1444/1046
f 762/1442/1044 1038/1444/1046 1342/1433/1035 1047/1443/1045
f 763/1445/1047 1046/1439/1041 1278/1128/762 901/1127/761
f 763/1445/1047 901/1127/761 1277/1126/760 1048/1446/1048
f 763/1445/1047 1048/1446/1048 1339/1431/1033 1037/1447/1049
f 763/1445/1047 1037/1447/1049 1340/1440/1042 1046/1439/1041
f 764/1448/1050 1048/1446/1048 1277/1126/760 913/1170/797
f 764/1448/1050 913/1170/797 1280/1173/800 1047/1443/1045
f 764/1448/1050 1047/1443/1045 1342/1433/1035 1040/1432/1034
f 764/1448/1050 1040/1432/1034 1339/1431/1033 1048/1446/1048
f 765/1449/1051 1053/1450/1052 1346/1451/1053 1049/1452/1054
f 765/1449/1051 1049/1452/1054 1345/1437/1039 1052/1436/1038
f 765/1449/1051 1052/1436/1038 1348/1435/1037 1051/1453/1055
f 765/1449/1051 1051/1453/1055 1349/1454/1056 1053/1450/1052
f 766/1455/1057 1055/1456/1058 1349/1454/1056 1051/1453/1055
f 766/1455/1057 1051/1453/1055 1348/1435/1037 1050/1457/1059
f 766/1455/1057 1050/1457/1059 1347/1428/1030 1054/1427/1029
f 766/1455/1057 1054/1427/1029 1350/1426/1028 1055/1456/1058
f 767/1458/1060 1059/1459/1061 1340/1440/1042 1037/1447/1049
f 767/1458/1060 1037/1447/1049 1339/1431/1033 1056/1430/1032
f 767/1458/1060 1056/1430/1032 1345/1437/1039 1049/1452/1054
f 767/1458/1060 1049/1452/1054 1346/1451/1053 1059/1459/1061
f 768/1460/1062 1060/1461/1063 1343/1178/805 1041/1441/1043
f 768/1460/1062 1041/1441/1043 1340/1440/1042 1059/1459/1061
f 768/1460/1062 1059/1459/1061 1346/1451/1053 1053/1450/1052
f 768/1460/1062 1053/1450/1052 1349/1454/1056 1060/1461/1063
f 769/1462/1064 1057/1425/1027 1344/1156/783 1043/1179/806
f 769/1462/1064 1043/1179/806 1343/1178/805 1060/1461/1063
f 769/1462/1064 1060/1461/1063 1349/1454/1056 1055/1456/1058
f 769/1462/1064 1055/1456/1058 1350/1426/1028 1057/1425/1027
f 770/1463/1065 1039/1434/1036 1342/1433/1035 1038/1444/1046
f 770/1463/1065 1038/1444/1046 1341/1158/785 1058/1424/1026
f 770/1463/1065 1058/1424/1026 1347/1428/1030 1050/1457/1059
f 770/1463/1065 1050/1457/1059 1348/1435/1037 1039/1434/1036
f 771/1464/1066 1074/1465/1067 1351/1081/717 1064/1080/716
f 771/1464/1066 1064/1080/716 1353/1079/715 1073/1466/1068
f 771/1464/1066 1073/1466/1068 1357/1467/1069 1072/1468/1070
f 771/1464/1066 1072/1468/1070 1355/1469/1071 1074/1465/1067
f 772/1470/1072 1068/1471/1073 1271/1098/734 886/1115/751
f 772/1470/1072 886/1115/751 1268/1114/750 1067/1472/1074
f 772/1470/1072 1067/1472/1074 1352/1473/1075 1063/1474/1076
f 772/1470/1072 1063/1474/1076 1354/1475/1077 1068/1471/1073
f 773/1476/1078 1065/1078/714 1367/1077/713 882/1099/735
f 773/1476/1078 882/1099/735 1271/1098/734 1068/1471/1073
f 773/1476/1078 1068/1471/1073 1354/1475/1077 1062/1477/1079
f 773/1476/1078 1062/1477/1079 1353/1079/715 1065/1078/714
f 774/1478/1080 1067/1472/1074 1268/1114/750 875/1336/952
f 774/1478/1080 875/1336/952 1362/1075/711 1066/1074/710
f 774/1478/1080 1066/1074/710 1351/1081/717 1061/1479/1081
f 774/1478/1080 1061/1479/1081 1352/1473/1075 1067/1472/1074
f 775/1480/1082 1071/1481/1083 1356/1482/1084 1069/1483/1085
f 775/1480/1082 1069/1483/1085 1355/1469/1071 1072/1468/1070
f 775/1480/1082 1072/1468/1070 1357/1467/1069 1070/1484/1086
f 775/1480/1082 1070/1484/1086 1358/1485/1087 1071/1481/1083
f 776/1486/1088 1076/1487/1089 1354/1475/1077 1063/1474/1076
f 776/1486/1088 1063/1474/1076 1352/1473/1075 1075/1488/1090
f 776/1486/1088 1075/1488/1090 1356/1482/1084 1071/1481/1083
f 776/1486/1088 1071/1481/1083 1358/1485/1087 1076/1487/1089
f 777/1489/1091 1075/1488/1090 1352/1473/1075 1061/1479/1081
f 777/1489/1091 1061/1479/1081 1351/1081/717 1074/1465/1067
f 777/1489/1091 1074/1465/1067 1355/1469/1071 1069/1483/1085
f 777/1489/1091 1069/1483/1085 1356/1482/1084 1075/1488/1090
f 778/1490/1092 1073/1466/1068 1353/1079/715 1062/1477/1079
f 778/1490/1092 1062/1477/1079 1354/1475/1077 1076/1487/1089
f 778/1490/1092 1076/1487/1089 1358/1485/1087 1070/1484/1086
f 778/1490/1092 1070/1484/1086 1357/1467/1069 1073/1466/1068
f 779/1491/1093 1077/1492/1094 1360/1493/1095 1083/1494/1096
f 779/1491/1093 1083/1494/1096 1424/1495/1097 1174/1496/1098
f 779/1491/1093 1174/1496/1098 1423/1497/1099 1182/1498/1100
f 779/1491/1093 1182/1498/1100 1359/1499/689 1077/1492/1094
f 780/1500/1101 1078/1501/1102 1361/1502/1103 1181/1503/1104
f 780/1500/1101 1181/1503/1104 1425/1504/1105 1175/1505/1106
f 780/1500/1101 1175/1505/1106 1424/1495/1097 1083/1494/1096
f 780/1500/1101 1083/1494/1096 1360/1493/1095 1078/1501/1102
f 781/1506/1107 1098/1507/1108 1374/1508/1109 1147/1509/1110
f 781/1506/1107 1147/1509/1110 1410/1510/1111 1144/1511/1112
f 781/1506/1107 1144/1511/1112 1408/1512/1113 1146/1513/1114
f 781/1506/1107 1146/1513/1114 1369/1514/1115 1098/1507/1108
f 782/1515/1116 889/1516/712 1362/1517/711 1255/1518/1117
f 782/1515/1116 1255/1518/1117 1461/1519/1118 1253/1520/1119
f 782/1515/1116 1253/1520/1119 1463/1521/1120 1254/1522/1121
f 782/1515/1116 1254/1522/1121 1367/1077/713 889/1516/712
f 783/1523/1122 1082/1524/1123 1366/1084/720 888/1083/719
f 783/1523/1122 888/1083/719 1371/1090/726 1088/1525/1124
f 783/1523/1122 1088/1525/1124 1370/1526/1125 1091/1527/1126
f 783/1523/1122 1091/1527/1126 1365/1528/1127 1082/1524/1123
f 784/1529/1128 1081/1530/1129 1365/1528/1127 1091/1527/1126
f 784/1529/1128 1091/1527/1126 1370/1526/1125 1087/1531/1130
f 784/1529/1128 1087/1531/1130 1369/1514/1115 1090/1532/1131
f 784/1529/1128 1090/1532/1131 1364/1533/1132 1081/1530/1129
f 785/1534/1133 1085/1535/1134 1368/1536/1135 1096/1537/1136
f 785/1534/1133 1096/1537/1136 1373/1538/1137 1092/1539/1138
f 785/1534/1133 1092/1539/1138 1372/1101/737 896/1100/736
f 785/1534/1133 896/1100/736 1367/1077/713 1085/1535/1134
f 786/1540/1139 1088/1525/1124 1371/1090/726 895/1105/741
f 786/1540/1139 895/1105/741 1376/1109/745 1095/1541/1140
f 786/1540/1139 1095/1541/1140 1375/1542/1141 1097/1543/1142
f 786/1540/1139 1097/1543/1142 1370/1526/1125 1088/1525/1124
f 787/1544/1143 1087/1531/1130 1370/1526/1125 1097/1543/1142
f 787/1544/1143 1097/1543/1142 1375/1542/1141 1094/1545/1144
f 787/1544/1143 1094/1545/1144 1374/1508/1109 1098/1507/1108
f 787/1544/1143 1098/1507/1108 1369/1514/1115 1087/1531/1130
f 788/1546/1145 1089/1547/1146 1363/1548/1147 1145/1549/1148
f 788/1546/1145 1145/1549/1148 1405/1550/1149 1140/1551/1150
f 788/1546/1145 1140/1551/1150 1407/1552/1151 1086/1553/1152
f 788/1546/1145 1086/1553/1152 1368/1536/1135 1089/1547/1146
f 789/1554/1153 1093/1555/1154 1374/1556/1109 1104/1557/1155
f 789/1554/1153 1104/1557/1155 1379/1558/1156 1100/1559/1157
f 789/1554/1153 1100/1559/1157 1378/1560/1158 1103/1561/1159
f 789/1554/1153 1103/1561/1159 1373/1562/1137 1093/1555/1154
f 790/1563/1160 1092/1564/1138 1373/1562/1137 1103/1561/1159
f 790/1563/1160 1103/1561/1159 1378/1560/1158 1099/1565/1161
f 790/1563/1160 1099/1565/1161 1377/1133/765 907/1132/764
f 790/1563/1160 907/1132/764 1372/1131/737 1092/1564/1138
f 791/1566/1162 1095/1567/1140 1376/1137/745 906/1136/768
f 791/1566/1162 906/1136/768 1381/1143/772 1102/1568/1163
f 791/1566/1162 1102/1568/1163 1380/1569/1164 1105/1570/1165
f 791/1566/1162 1105/1570/1165 1375/1571/1141 1095/1567/1140
f 792/1572/1166 1094/1573/1144 1375/1571/1141 1105/1570/1165
f 792/1572/1166 1105/1570/1165 1380/1569/1164 1101/1574/1167
f 792/1572/1166 1101/1574/1167 1388/1575/1168 1114/1576/1169
f 792/1572/1166 1114/1576/1169 1374/1577/1109 1094/1573/1144
f 793/1578/1170 919/1153/780 1382/1152/779 1234/1579/1171
f 793/1578/1170 1234/1579/1171 1451/1580/1172 1231/1581/1173
f 793/1578/1170 1231/1581/1173 1454/1582/1174 1233/1583/1175
f 793/1578/1170 1233/1583/1175 1390/1154/781 919/1153/780
f 794/1584/1176 1101/1574/1167 1380/1569/1164 1112/1585/1177
f 794/1584/1176 1112/1585/1177 1385/1586/1178 1108/1587/1179
f 794/1584/1176 1108/1587/1179 1389/1588/1180 1115/1589/1181
f 794/1584/1176 1115/1589/1181 1388/1575/1168 1101/1574/1167
f 795/1590/1182 1102/1568/1163 1381/1143/772 916/1166/793
f 795/1590/1182 916/1166/793 1386/1168/795 1109/1591/1183
f 795/1590/1182 1109/1591/1183 1385/1586/1178 1112/1585/1177
f 795/1590/1182 1112/1585/1177 1380/1569/1164 1102/1568/1163
f 796/1592/1184 1099/1565/1161 1378/1560/1158 1110/1593/1185
f 796/1592/1184 1110/1593/1185 1383/1594/1186 1106/1595/1187
f 796/1592/1184 1106/1595/1187 1382/1152/779 917/1171/798
f 796/1592/1184 917/1171/798 1377/1133/765 1099/1565/1161
f 797/1596/1188 1113/1597/1189 1390/1154/781 1233/1583/1175
f 797/1596/1188 1233/1583/1175 1454/1582/1174 1232/1598/1190
f 797/1596/1188 1232/1598/1190 1453/1599/1191 1107/1600/1192
f 797/1596/1188 1107/1600/1192 1384/1601/1193 1113/1597/1189
f 798/1602/1194 1109/1591/1183 1386/1168/795 918/1181/808
f 798/1602/1194 918/1181/808 1387/1183/810 1116/1603/1195
f 798/1602/1194 1116/1603/1195 1389/1588/1180 1108/1587/1179
f 798/1602/1194 1108/1587/1179 1385/1586/1178 1109/1591/1183
f 799/1604/1196 1114/1576/1169 1388/1575/1168 1124/1605/1197
f 799/1604/1196 1124/1605/1197 1395/1606/1198 1120/1607/1199
f 799/1604/1196 1120/1607/1199 1391/1608/1200 1123/1609/1201
f 799/1604/1196 1123/1609/1201 1374/1577/1109 1114/1576/1169
f 800/1610/1202 1113/1597/1189 1384/1601/1193 1125/1611/1203
f 800/1610/1202 1125/1611/1203 1393/1612/1204 1119/1613/1205
f 800/1610/1202 1119/1613/1205 1397/1193/820 932/1192/819
f 800/1610/1202 932/1192/819 1390/1154/781 1113/1597/1189
f 801/1614/1206 1116/1603/1195 1387/1183/810 935/1197/824
f 801/1614/1206 935/1197/824 1394/1201/828 1122/1615/1207
f 801/1614/1206 1122/1615/1207 1396/1616/1208 1126/1617/1209
f 801/1614/1206 1126/1617/1209 1389/1588/1180 1116/1603/1195
f 802/1618/1210 1104/1557/1155 1374/1556/1109 1123/1619/1201
f 802/1618/1210 1123/1619/1201 1391/1620/1200 1117/1621/1211
f 802/1618/1210 1117/1621/1211 1392/1622/1212 1127/1623/1213
f 802/1618/1210 1127/1623/1213 1379/1558/1156 1104/1557/1155
f 803/1624/1214 1115/1589/1181 1389/1588/1180 1126/1617/1209
f 803/1624/1214 1126/1617/1209 1396/1616/1208 1121/1625/1215
f 803/1624/1214 1121/1625/1215 1395/1606/1198 1124/1605/1197
f 803/1624/1214 1124/1605/1197 1388/1575/1168 1115/1589/1181
f 804/1626/1216 1111/1627/1217 1379/1558/1156 1127/1623/1213
f 804/1626/1216 1127/1623/1213 1392/1622/1212 1118/1628/1218
f 804/1626/1216 1118/1628/1218 1393/1612/1204 1125/1611/1203
f 804/1626/1216 1125/1611/1203 1384/1601/1193 1111/1627/1217
f 805/1629/1219 1121/1625/1215 1396/1616/1208 1135/1630/1220
f 805/1629/1219 1135/1630/1220 1403/1631/1221 1132/1632/1222
f 805/1629/1219 1132/1632/1222 1402/1633/1223 1134/1634/1224
f 805/1629/1219 1134/1634/1224 1395/1606/1198 1121/1625/1215
f 806/1635/1225 1117/1621/1211 1391/1620/1200 1137/1636/1226
f 806/1635/1225 1137/1636/1226 1398/1637/1227 1128/1638/1228
f 806/1635/1225 1128/1638/1228 1399/1639/1229 1136/1640/1230
f 806/1635/1225 1136/1640/1230 1392/1622/1212 1117/1621/1211
f 807/1641/1231 1120/1607/1199 1395/1606/1198 1134/1634/1224
f 807/1641/1231 1134/1634/1224 1402/1633/1223 1131/1642/1232
f 807/1641/1231 1131/1642/1232 1398/1643/1227 1137/1644/1226
f 807/1641/1231 1137/1644/1226 1391/1608/1200 1120/1607/1199
f 808/1645/1233 1119/1613/1205 1393/1612/1204 1138/1646/1234
f 808/1645/1233 1138/1646/1234 1400/1647/1235 1130/1648/1236
f 808/1645/1233 1130/1648/1236 1404/1232/855 947/1231/854
f 808/1645/1233 947/1231/854 1397/1193/820 1119/1613/1205
f 809/1649/1237 1122/1615/1207 1394/1201/828 949/1236/859
f 809/1649/1237 949/1236/859 1401/1238/861 1133/1650/1238
f 809/1649/1237 1133/1650/1238 1403/1631/1221 1135/1630/1220
f 809/1649/1237 1135/1630/1220 1396/1616/1208 1122/1615/1207
f 810/1651/1239 1118/1628/1218 1392/1622/1212 1136/1640/1230
f 810/1651/1239 1136/1640/1230 1399/1639/1229 1129/1652/1240
f 810/1651/1239 1129/1652/1240 1400/1647/1235 1138/1646/1234
f 810/1651/1239 1138/1646/1234 1393/1612/1204 1118/1628/1218
f 811/1653/1241 1093/1654/1154 1373/1538/1137 1148/1655/1242
f 811/1653/1241 1148/1655/1242 1409/1656/1243 1142/1657/1244
f 811/1653/1241 1142/1657/1244 1410/1510/1111 1147/1509/1110
f 811/1653/1241 1147/1509/1110 1374/1508/1109 1093/1654/1154
f 812/1658/1245 1080/1659/1246 1364/1533/1132 1149/1660/1247
f 812/1658/1245 1149/1660/1247 1406/1661/1248 1139/1662/1249
f 812/1658/1245 1139/1662/1249 1405/1550/1149 1145/1549/1148
f 812/1658/1245 1145/1549/1148 1363/1548/1147 1080/1659/1246
f 813/1663/1250 1090/1532/1131 1369/1514/1115 1146/1513/1114
f 813/1663/1250 1146/1513/1114 1408/1512/1113 1141/1664/1251
f 813/1663/1250 1141/1664/1251 1406/1661/1248 1149/1660/1247
f 813/1663/1250 1149/1660/1247 1364/1533/1132 1090/1532/1131
f 814/1665/1252 1096/1537/1136 1368/1536/1135 1086/1553/1152
f 814/1665/1252 1086/1553/1152 1407/1552/1151 1143/1666/1253
f 814/1665/1252 1143/1666/1253 1409/1656/1243 1148/1655/1242
f 814/1665/1252 1148/1655/1242 1373/1538/1137 1096/1537/1136
f 815/1667/1254 1144/1511/1112 1410/1510/1111 1157/1668/1255
f 815/1667/1254 1157/1668/1255 1416/1669/1256 1155/1670/1257
f 815/1667/1254 1155/1670/1257 1414/1671/1258 1156/1672/1259
f 815/1667/1254 1156/1672/1259 1408/1512/1113 1144/1511/1112
f 816/1673/1260 1140/1551/1150 1405/1550/1149 1159/1674/1261
f 816/1673/1260 1159/1674/1261 1411/1675/1262 1151/1676/1263
f 816/1673/1260 1151/1676/1263 1413/1677/1264 1158/1678/1265
f 816/1673/1260 1158/1678/1265 1407/1552/1151 1140/1551/1150
f 817/1679/1266 1143/1666/1253 1407/1552/1151 1158/1678/1265
f 817/1679/1266 1158/1678/1265 1413/1677/1264 1154/1680/1267
f 817/1679/1266 1154/1680/1267 1415/1681/1268 1160/1682/1269
f 817/1679/1266 1160/1682/1269 1409/1656/1243 1143/1666/1253
f 818/1683/1270 1139/1662/1249 1406/1661/1248 1161/1684/1271
f 818/1683/1270 1161/1684/1271 1412/1685/1272 1150/1686/1273
f 818/1683/1270 1150/1686/1273 1411/1675/1262 1159/1674/1261
f 818/1683/1270 1159/1674/1261 1405/1550/1149 1139/1662/1249
f 819/1687/1274 1142/1657/1244 1409/1656/1243 1160/1682/1269
f 819/1687/1274 1160/1682/1269 1415/1681/1268 1153/1688/1275
f 819/1687/1274 1153/1688/1275 1416/1669/1256 1157/1668/1255
f 819/1687/1274 1157/1668/1255 1410/1510/1111 1142/1657/1244
f 820/1689/1276 1141/1664/1251 1408/1512/1113 1156/1672/1259
f 820/1689/1276 1156/1672/1259 1414/1671/1258 1152/1690/1277
f 820/1689/1276 1152/1690/1277 1412/1685/1272 1161/1684/1271
f 820/1689/1276 1161/1684/1271 1406/1661/1248 1141/1664/1251
f 821/1691/1278 1151/1676/1263 1411/1675/1262 1169/1692/1279
f 821/1691/1278 1169/1692/1279 1417/1693/1280 1163/1694/1281
f 821/1691/1278 1163/1694/1281 1419/1695/1282 1168/1696/1283
f 821/1691/1278 1168/1696/1283 1413/1677/1264 1151/1676/1263
f 822/1697/1284 1154/1680/1267 1413/1677/1264 1168/1696/1283
f 822/1697/1284 1168/1696/1283 1419/1695/1282 1166/1698/1285
f 822/1697/1284 1166/1698/1285 1421/1699/1286 1170/1700/1287
f 822/1697/1284 1170/1700/1287 1415/1681/1268 1154/1680/1267
f 823/1701/1288 1150/1686/1273 1412/1685/1272 1171/1702/1289
f 823/1701/1288 1171/1702/1289 1418/1703/1290 1162/1704/1291
f 823/1701/1288 1162/1704/1291 1417/1693/1280 1169/1692/1279
f 823/1701/1288 1169/1692/1279 1411/1675/1262 1150/1686/1273
f 824/1705/1292 1153/1688/1275 1415/1681/1268 1170/1700/1287
f 824/1705/1292 1170/1700/1287 1421/1699/1286 1165/1706/1293
f 824/1705/1292 1165/1706/1293 1422/1707/1294 1172/1708/1295
f 824/1705/1292 1172/1708/1295 1416/1669/1256 1153/1688/1275
f 825/1709/1296 1152/1690/1277 1414/1671/1258 1173/1710/1297
f 825/1709/1296 1173/1710/1297 1420/1711/1298 1164/1712/1299
f 825/1709/1296 1164/1712/1299 1418/1703/1290 1171/1702/1289
f 825/1709/1296 1171/1702/1289 1412/1685/1272 1152/1690/1277
f 826/1713/1300 1155/1670/1257 1416/1669/1256 1172/1708/1295
f 826/1713/1300 1172/1708/1295 1422/1707/1294 1167/1714/1301
f 826/1713/1300 1167/1714/1301 1420/1711/1298 1173/1710/1297
f 826/1713/1300 1173/1710/1297 1414/1671/1258 1155/1670/1257
f 827/1715/1302 1178/1716/1303 1423/1717/1099 1195/1718/1304
f 827/1715/1302 1195/1718/1304 1429/1719/1305 1190/1720/1306
f 827/1715/1302 1190/1720/1306 1432/1721/1307 1194/1722/1308
f 827/1715/1302 1194/1722/1308 1426/1723/1309 1178/1716/1303
f 828/1724/1310 1175/1725/1106 1425/1726/1105 1193/1727/1311
f 828/1724/1310 1193/1727/1311 1431/1728/1312 1187/1729/1313
f 828/1724/1310 1187/1729/1313 1430/1730/1314 1179/1731/1315
f 828/1724/1310 1179/1731/1315 1424/1732/1097 1175/1725/1106
f 829/1733/1316 1084/1734/1317 1364/1533/1132 1183/1735/1318
f 829/1733/1316 1183/1735/1318 1428/1736/1319 1180/1737/1320
f 829/1733/1316 1180/1737/1320 1425/1504/1105 1181/1503/1104
f 829/1733/1316 1181/1503/1104 1361/1502/1103 1084/1734/1317
f 830/1738/1321 1080/1659/1246 1363/1548/1147 1184/1739/1322
f 830/1738/1321 1184/1739/1322 1427/1740/1323 1177/1741/1324
f 830/1738/1321 1177/1741/1324 1428/1736/1319 1183/1735/1318
f 830/1738/1321 1183/1735/1318 1364/1533/1132 1080/1659/1246
f 831/1742/1325 879/1743/949 1359/1499/689 1182/1498/1100
f 831/1742/1325 1182/1498/1100 1423/1497/1099 1178/1744/1303
f 831/1742/1325 1178/1744/1303 1426/1745/1309 1185/1746/1326
f 831/1742/1325 1185/1746/1326 1362/1517/711 879/1743/949
f 832/1747/1327 1079/1748/1328 1362/1517/711 1185/1746/1326
f 832/1747/1327 1185/1746/1326 1426/1745/1309 1176/1749/1329
f 832/1747/1327 1176/1749/1329 1427/1740/1323 1184/1739/1322
f 832/1747/1327 1184/1739/1322 1363/1548/1147 1079/1748/1328
f 833/1750/1330 1194/1722/1308 1432/1721/1307 1224/1751/1331
f 833/1750/1330 1224/1751/1331 1443/1752/1332 1214/1753/1333
f 833/1750/1330 1214/1753/1333 1440/1754/1334 1223/1755/1335
f 833/1750/1330 1223/1755/1335 1426/1723/1309 1194/1722/1308
f 834/1756/1336 1192/1757/1337 1433/1758/1338 1205/1759/1339
f 834/1756/1336 1205/1759/1339 1439/1760/1340 1204/1761/1341
f 834/1756/1336 1204/1761/1341 1436/1762/1342 1191/1763/1343
f 834/1756/1336 1191/1763/1343 1431/1728/1312 1192/1757/1337
f 835/1764/1344 1174/1765/1098 1424/1732/1097 1179/1731/1315
f 835/1764/1344 1179/1731/1315 1430/1730/1314 1186/1766/1345
f 835/1764/1344 1186/1766/1345 1429/1767/1305 1195/1768/1304
f 835/1764/1344 1195/1768/1304 1423/1769/1099 1174/1765/1098
f 836/1770/1346 1177/1771/1324 1427/1772/1323 1222/1773/1347
f 836/1770/1346 1222/1773/1347 1441/1774/1348 1211/1775/1349
f 836/1770/1346 1211/1775/1349 1442/1776/1350 1188/1777/1351
f 836/1770/1346 1188/1777/1351 1428/1778/1319 1177/1771/1324
f 837/1779/1352 1180/1780/1320 1428/1778/1319 1196/1781/1353
f 837/1779/1352 1196/1781/1353 1433/1758/1338 1192/1757/1337
f 837/1779/1352 1192/1757/1337 1431/1728/1312 1193/1727/1311
f 837/1779/1352 1193/1727/1311 1425/1726/1105 1180/1780/1320
f 838/1782/1354 1201/1783/1355 1439/1760/1340 1206/1784/1356
f 838/1782/1354 1206/1784/1356 1448/1785/1357 1218/1786/1358
f 838/1782/1354 1218/1786/1358 1447/1787/1359 1189/1788/1360
f 838/1782/1354 1189/1788/1360 1438/1789/1361 1201/1783/1355
f 839/1790/1362 1198/1791/1363 1435/1792/1364 1203/1793/1365
f 839/1790/1362 1203/1793/1365 1438/1789/1361 1200/1794/1366
f 839/1790/1362 1200/1794/1366 1437/1795/1367 1202/1796/1368
f 839/1790/1362 1202/1796/1368 1434/1797/1369 1198/1791/1363
f 840/1798/1370 1199/1799/1371 1436/1762/1342 1204/1761/1341
f 840/1798/1370 1204/1761/1341 1439/1760/1340 1201/1783/1355
f 840/1798/1370 1201/1783/1355 1438/1789/1361 1203/1793/1365
f 840/1798/1370 1203/1793/1365 1435/1792/1364 1199/1799/1371
f 841/1800/1372 1187/1729/1313 1431/1728/1312 1191/1763/1343
f 841/1800/1372 1191/1763/1343 1436/1762/1342 1199/1801/1371
f 841/1800/1372 1199/1801/1371 1435/1802/1364 1208/1803/1373
f 841/1800/1372 1208/1803/1373 1430/1730/1314 1187/1729/1313
f 842/1804/1374 1190/1720/1306 1429/1719/1305 1209/1805/1375
f 842/1804/1374 1209/1805/1375 1434/1797/1369 1202/1796/1368
f 842/1804/1374 1202/1796/1368 1437/1795/1367 1207/1806/1376
f 842/1804/1374 1207/1806/1376 1432/1721/1307 1190/1720/1306
f 843/1807/1377 1186/1766/1345 1430/1730/1314 1208/1803/1373
f 843/1807/1377 1208/1803/1373 1435/1802/1364 1198/1808/1363
f 843/1807/1377 1198/1808/1363 1434/1809/1369 1209/1810/1375
f 843/1807/1377 1209/1810/1375 1429/1767/1305 1186/1766/1345
f 844/1811/1378 1205/1759/1339 1433/1758/1338 1197/1812/1379
f 844/1811/1378 1197/1812/1379 1445/1813/1380 1219/1814/1381
f 844/1811/1378 1219/1814/1381 1448/1785/1357 1206/1784/1356
f 844/1811/1378 1206/1784/1356 1439/1760/1340 1205/1759/1339
f 845/1815/1382 1212/1816/1383 1443/1752/1332 1221/1817/1384
f 845/1815/1382 1221/1817/1384 1446/1818/1385 1217/1819/1386
f 845/1815/1382 1217/1819/1386 1447/1787/1359 1220/1820/1387
f 845/1815/1382 1220/1820/1387 1444/1821/1388 1212/1816/1383
f 846/1822/1389 1211/1775/1349 1441/1774/1348 1216/1823/1390
f 846/1822/1389 1216/1823/1390 1444/1821/1388 1213/1824/1391
f 846/1822/1389 1213/1824/1391 1445/1813/1380 1215/1825/1392
f 846/1822/1389 1215/1825/1392 1442/1776/1350 1211/1775/1349
f 847/1826/1393 1210/1827/1394 1440/1754/1334 1214/1753/1333
f 847/1826/1393 1214/1753/1333 1443/1752/1332 1212/1816/1383
f 847/1826/1393 1212/1816/1383 1444/1821/1388 1216/1823/1390
f 847/1826/1393 1216/1823/1390 1441/1774/1348 1210/1827/1394
f 848/1828/1395 1213/1824/1391 1444/1821/1388 1220/1820/1387
f 848/1828/1395 1220/1820/1387 1447/1787/1359 1218/1786/1358
f 848/1828/1395 1218/1786/1358 1448/1785/1357 1219/1814/1381
f 848/1828/1395 1219/1814/1381 1445/1813/1380 1213/1824/1391
f 849/1829/1396 1207/1806/1376 1437/1795/1367 1225/1830/1397
f 849/1829/1396 1225/1830/1397 1446/1818/1385 1221/1817/1384
f 849/1829/1396 1221/1817/1384 1443/1752/1332 1224/1751/1331
f 849/1829/1396 1224/1751/1331 1432/1721/1307 1207/1806/1376
f 850/1831/1398 1200/1794/1366 1438/1789/1361 1189/1788/1360
f 850/1831/1398 1189/1788/1360 1447/1787/1359 1217/1819/1386
f 850/1831/1398 1217/1819/1386 1446/1818/1385 1225/1830/1397
f 850/1831/1398 1225/1830/1397 1437/1795/1367 1200/1794/1366
f 851/1832/1399 1176/1833/1329 1426/1723/1309 1223/1755/1335
f 851/1832/1399 1223/1755/1335 1440/1754/1334 1210/1827/1394
f 851/1832/1399 1210/1827/1394 1441/1774/1348 1222/1773/1347
f 851/1832/1399 1222/1773/1347 1427/1772/1323 1176/1833/1329
f 852/1834/1400 1196/1781/1353 1428/1778/1319 1188/1777/1351
f 852/1834/1400 1188/1777/1351 1442/1776/1350 1215/1825/1392
f 852/1834/1400 1215/1825/1392 1445/1813/1380 1197/1812/1379
f 852/1834/1400 1197/1812/1379 1433/1758/1338 1196/1781/1353
f 853/1835/1401 1231/1581/1173 1451/1580/1172 1247/1836/1402
f 853/1835/1401 1247/1836/1402 1457/1837/1403 1243/1838/1404
f 853/1835/1401 1243/1838/1404 1460/1839/1405 1246/1840/1406
f 853/1835/1401 1246/1840/1406 1454/1582/1174 1231/1581/1173
f 854/1841/1407 1229/1842/1408 1449/1843/1409 1245/1844/1410
f 854/1841/1407 1245/1844/1410 1455/1845/1411 1241/1846/1412
f 854/1841/1407 1241/1846/1412 1458/1847/1413 1228/1848/1414
f 854/1841/1407 1228/1848/1414 1452/1849/1415 1229/1842/1408
f 855/1850/1416 1111/1627/1217 1384/1601/1193 1107/1600/1192
f 855/1850/1416 1107/1600/1192 1453/1599/1191 1230/1851/1417
f 855/1850/1416 1230/1851/1417 1450/1852/1418 1235/1853/1419
f 855/1850/1416 1235/1853/1419 1379/1558/1156 1111/1627/1217
f 856/1854/1420 1106/1595/1187 1383/1594/1186 1236/1855/1421
f 856/1854/1420 1236/1855/1421 1452/1849/1415 1227/1856/1422
f 856/1854/1420 1227/1856/1422 1451/1580/1172 1234/1579/1171
f 856/1854/1420 1234/1579/1171 1382/1152/779 1106/1595/1187
f 857/1857/1423 1100/1559/1157 1379/1558/1156 1235/1853/1419
f 857/1857/1423 1235/1853/1419 1450/1852/1418 1226/1858/1424
f 857/1857/1423 1226/1858/1424 1449/1843/1409 1237/1859/1425
f 857/1857/1423 1237/1859/1425 1378/1560/1158 1100/1559/1157
f 858/1860/1426 1110/1593/1185 1378/1560/1158 1237/1859/1425
f 858/1860/1426 1237/1859/1425 1449/1843/1409 1229/1842/1408
f 858/1860/1426 1229/1842/1408 1452/1849/1415 1236/1855/1421
f 858/1860/1426 1236/1855/1421 1383/1594/1186 1110/1593/1185
f 859/1861/1427 1238/1862/1428 1456/1863/1429 1242/1864/1430
f 859/1861/1427 1242/1864/1430 1459/1865/1431 1240/1866/1432
f 859/1861/1427 1240/1866/1432 1458/1847/1413 1241/1846/1412
f 859/1861/1427 1241/1846/1412 1455/1845/1411 1238/1862/1428
f 860/1867/1433 1240/1866/1432 1459/1865/1431 1244/1868/1434
f 860/1867/1433 1244/1868/1434 1460/1839/1405 1243/1838/1404
f 860/1867/1433 1243/1838/1404 1457/1837/1403 1239/1869/1435
f 860/1867/1433 1239/1869/1435 1458/1847/1413 1240/1866/1432
f 861/1870/1436 1226/1858/1424 1450/1852/1418 1248/1871/1437
f 861/1870/1436 1248/1871/1437 1456/1863/1429 1238/1862/1428
f 861/1870/1436 1238/1862/1428 1455/1845/1411 1245/1844/1410
f 861/1870/1436 1245/1844/1410 1449/1843/1409 1226/1858/1424
f 862/1872/1438 1230/1851/1417 1453/1599/1191 1249/1873/1439
f 862/1872/1438 1249/1873/1439 1459/1865/1431 1242/1864/1430
f 862/1872/1438 1242/1864/1430 1456/1863/1429 1248/1871/1437
f 862/1872/1438 1248/1871/1437 1450/1852/1418 1230/1851/1417
f 863/1874/1440 1232/1598/1190 1454/1582/1174 1246/1840/1406
f 863/1874/1440 1246/1840/1406 1460/1839/1405 1244/1868/1434
f 863/1874/1440 1244/1868/1434 1459/1865/1431 1249/1873/1439
f 863/1874/1440 1249/1873/1439 1453/1599/1191 1232/1598/1190
f 864/1875/1441 1227/1856/1422 1452/1849/1415 1228/1848/1414
f 864/1875/1441 1228/1848/1414 1458/1847/1413 1239/1869/1435
f 864/1875/1441 1239/1869/1435 1457/1837/1403 1247/1836/1402
f 864/1875/1441 1247/1836/1402 1451/1580/1172 1227/1856/1422
f 865/1876/1442 1253/1520/1119 1461/1519/1118 1263/1877/1443
f 865/1876/1442 1263/1877/1443 1465/1878/1444 1261/1879/1445
f 865/1876/1442 1261/1879/1445 1467/1880/1446 1262/1881/1447
f 865/1876/1442 1262/1881/1447 1463/1521/1120 1253/1520/1119
f 866/1882/1448 1089/1547/1146 1368/1536/1135 1257/1883/1449
f 866/1882/1448 1257/1883/1449 1464/1884/1450 1252/1885/1451
f 866/1882/1448 1252/1885/1451 1462/1886/1452 1256/1887/1453
f 866/1882/1448 1256/1887/1453 1363/1548/1147 1089/1547/1146
f 867/1888/1454 1085/1535/1134 1367/1077/713 1254/1522/1121
f 867/1888/1454 1254/1522/1121 1463/1521/1120 1251/1889/1455
f 867/1888/1454 1251/1889/1455 1464/1884/1450 1257/1883/1449
f 867/1888/1454 1257/1883/1449 1368/1536/1135 1085/1535/1134
f 868/1890/1456 1079/1748/1328 1363/1548/1147 1256/1887/1453
f 868/1890/1456 1256/1887/1453 1462/1886/1452 1250/1891/1457
f 868/1890/1456 1250/1891/1457 1461/1519/1118 1255/1518/1117
f 868/1890/1456 1255/1518/1117 1362/1517/711 1079/1748/1328
f 869/1892/1458 1258/1893/1459 1466/1894/1460 1260/1895/1461
f 869/1892/1458 1260/1895/1461 1468/1896/1462 1259/1897/1463
f 869/1892/1458 1259/1897/1463 1467/1880/1446 1261/1879/1445
f 869/1892/1458 1261/1879/1445 1465/1878/1444 1258/1893/1459
f 870/1898/1464 1252/1885/1451 1464/1884/1450 1265/1899/1465
f 870/1898/1464 1265/1899/1465 1468/1896/1462 1260/1895/1461
f 870/1898/1464 1260/1895/1461 1466/1894/1460 1264/1900/1466
f 870/1898/1464 1264/1900/1466 1462/1886/1452 1252/1885/1451
f 871/1901/1467 1250/1891/1457 1462/1886/1452 1264/1900/1466
f 871/1901/1467 1264/1900/1466 1466/1894/1460 1258/1893/1459
f 871/1901/1467 1258/1893/1459 1465/1878/1444 1263/1877/1443
f 871/1901/1467 1263/1877/1443 1461/1519/1118 1250/1891/1457
f 872/1902/1468 1251/1889/1455 1463/1521/1120 1262/1881/1447
f 872/1902/1468 1262/1881/1447 1467/1880/1446 1259/1897/1463
f 872/1902/1468 1259/1897/1463 1468/1896/1462 1265/1899/1465
f 872/1902/1468 1265/1899/1465 1464/1884/1450 1251/1889/1455
o Eyes_Cylinder.001
v 0.111917 4.715520 2.817246
v 0.098135 4.747568 2.805043
v 0.078434 4.768579 2.786896
v 0.128335 4.704737 2.795815
v 0.128471 4.727644 2.765443
v 0.118070 4.742548 2.735156
v 0.135906 4.677790 2.787034
v 0.142461 4.677853 2.749219
v 0.136349 4.677491 2.713957
v 0.117681 4.677313 2.821648
v 0.130196 4.650463 2.796048
v 0.131911 4.627359 2.765873
v 0.122564 4.611520 2.735718
v 0.114550 4.638765 2.817575
v 0.103000 4.605744 2.805651
v 0.084790 4.583278 2.787690
v 0.098132 4.649548 2.839007
v 0.072664 4.625668 2.845251
v 0.045155 4.609309 2.839430
v 0.090561 4.676495 2.847787
v 0.058674 4.675460 2.861476
v 0.026876 4.674366 2.860629
v 0.096271 4.703821 2.838774
v 0.069225 4.725953 2.844821
v 0.040661 4.740337 2.838868
v -0.381498 4.698201 2.725278
v -0.366454 4.731261 2.718447
v -0.343014 4.753787 2.708341
v -0.388332 4.686603 2.699512
v -0.379083 4.709830 2.670838
v -0.359515 4.725785 2.646137
v -0.390392 4.659317 2.688936
v -0.382889 4.659413 2.651298
v -0.364488 4.659913 2.620605
v -0.385856 4.659639 2.727792
v -0.386471 4.632329 2.699745
v -0.375643 4.609546 2.671268
v -0.355021 4.594757 2.646699
v -0.378865 4.621447 2.725607
v -0.361589 4.589438 2.719055
v -0.336659 4.568485 2.709135
v -0.372030 4.633046 2.751372
v -0.348960 4.610869 2.766664
v -0.320158 4.596487 2.771338
v -0.369970 4.660331 2.761948
v -0.345154 4.661286 2.786205
v -0.315185 4.662360 2.796871
v -0.373892 4.687320 2.751139
v -0.352400 4.711154 2.766233
v -0.324652 4.727515 2.770777
vt 0.322795 0.498477
vt 0.328877 0.483739
vt 0.340429 0.483469
vt 0.346202 0.498423
vt 0.314290 0.515989
vt 0.352619 0.517210
vt 0.362937 0.481748
vt 0.381141 0.490559
vt 0.348291 0.475232
vt 0.362568 0.458492
vt 0.381975 0.450582
vt 0.348028 0.463970
vt 0.346634 0.441657
vt 0.353469 0.422913
vt 0.339964 0.456105
vt 0.322896 0.441289
vt 0.315327 0.423685
vt 0.328713 0.456328
vt 0.307031 0.458538
vt 0.288445 0.450852
vt 0.321218 0.464393
vt 0.306096 0.481899
vt 0.288445 0.488862
vt 0.320889 0.475457
vt 0.334553 0.469837
vt 0.229103 0.498802
vt 0.212996 0.481813
vt 0.227807 0.475681
vt 0.235580 0.484233
vt 0.222288 0.517042
vt 0.194964 0.490124
vt 0.194595 0.451084
vt 0.213531 0.458193
vt 0.228351 0.464307
vt 0.222977 0.422913
vt 0.230630 0.442423
vt 0.236689 0.456730
vt 0.262671 0.424482
vt 0.253809 0.442354
vt 0.247945 0.457146
vt 0.288408 0.452631
vt 0.270443 0.459289
vt 0.255542 0.465448
vt 0.287276 0.490827
vt 0.268894 0.482670
vt 0.254871 0.476437
vt 0.259758 0.517042
vt 0.252625 0.499459
vt 0.247086 0.484305
vt 0.241732 0.470535
vn 0.5731 0.6803 0.4567
vn 0.7329 0.3828 0.5624
vn 0.8885 0.2772 0.3657
vn 0.8704 0.4811 0.1048
vn 0.4967 0.7851 0.3699
vn 0.8401 0.5420 -0.0218
vn 0.9989 0.0341 -0.0324
vn 0.9847 0.0330 -0.1710
vn 0.9570 0.0341 0.2881
vn 0.9013 -0.4194 0.1086
vn 0.8752 -0.4834 -0.0174
vn 0.9053 -0.2125 0.3678
vn 0.6183 -0.6355 0.4624
vn 0.5492 -0.7461 0.3764
vn 0.7572 -0.3269 0.5654
vn 0.3015 -0.4640 0.8329
vn 0.1638 -0.5636 0.8097
vn 0.5944 -0.2319 0.7699
vn 0.1518 0.0094 0.9883
vn -0.0267 0.0034 0.9996
vn 0.5182 0.0214 0.8549
vn 0.2688 0.4907 0.8288
vn 0.1245 0.5804 0.8047
vn 0.5769 0.2787 0.7677
vn 0.7987 0.0300 0.6010
vn -0.7438 0.6341 0.2112
vn -0.8802 0.4196 -0.2215
vn -0.9771 0.2117 0.0179
vn -0.9103 0.3251 0.2561
vn -0.6485 0.7450 0.1564
vn -0.8106 0.4841 -0.3294
vn -0.8570 -0.0316 -0.5143
vn -0.9202 -0.0332 -0.3901
vn -0.9965 -0.0345 -0.0760
vn -0.7754 -0.5413 -0.3250
vn -0.8494 -0.4808 -0.2176
vn -0.9604 -0.2780 0.0201
vn -0.5960 -0.7863 0.1630
vn -0.6987 -0.6818 0.2169
vn -0.8860 -0.3845 0.2592
vn -0.4056 -0.5835 0.7035
vn -0.5489 -0.4938 0.6744
vn -0.8145 -0.2814 0.5073
vn -0.3350 -0.0074 0.9422
vn -0.4976 -0.0133 0.8673
vn -0.7913 -0.0245 0.6108
vn -0.4448 0.5604 0.6986
vn -0.5816 0.4608 0.6703
vn -0.8320 0.2293 0.5051
vn -0.9615 -0.0318 0.2729
usemtl Eye
s 1
f 1470/1903/1469 1469/1904/1470 1472/1905/1471 1473/1906/1472
f 1471/1907/1473 1470/1903/1469 1473/1906/1472 1474/1908/1474
f 1474/1908/1474 1473/1906/1472 1476/1909/1475 1477/1910/1476
f 1473/1906/1472 1472/1905/1471 1475/1911/1477 1476/1909/1475
f 1477/1910/1476 1476/1909/1475 1480/1912/1478 1481/1913/1479
f 1476/1909/1475 1475/1911/1477 1479/1914/1480 1480/1912/1478
f 1481/1913/1479 1480/1912/1478 1483/1915/1481 1484/1916/1482
f 1480/1912/1478 1479/1914/1480 1482/1917/1483 1483/1915/1481
f 1484/1916/1482 1483/1915/1481 1486/1918/1484 1487/1919/1485
f 1483/1915/1481 1482/1917/1483 1485/1920/1486 1486/1918/1484
f 1487/1919/1485 1486/1918/1484 1489/1921/1487 1490/1922/1488
f 1486/1918/1484 1485/1920/1486 1488/1923/1489 1489/1921/1487
f 1490/1922/1488 1489/1921/1487 1492/1924/1490 1493/1925/1491
f 1489/1921/1487 1488/1923/1489 1491/1926/1492 1492/1924/1490
f 1469/1904/1470 1478/1927/1493 1472/1905/1471
f 1472/1905/1471 1478/1927/1493 1475/1911/1477
f 1475/1911/1477 1478/1927/1493 1479/1914/1480
f 1479/1914/1480 1478/1927/1493 1482/1917/1483
f 1482/1917/1483 1478/1927/1493 1485/1920/1486
f 1485/1920/1486 1478/1927/1493 1488/1923/1489
f 1488/1923/1489 1478/1927/1493 1491/1926/1492
f 1493/1925/1491 1492/1924/1490 1470/1903/1469 1471/1907/1473
f 1492/1924/1490 1491/1926/1492 1469/1904/1470 1470/1903/1469
f 1491/1926/1492 1478/1927/1493 1469/1904/1470
f 1495/1928/1494 1498/1929/1495 1497/1930/1496 1494/1931/1497
f 1496/1932/1498 1499/1933/1499 1498/1929/1495 1495/1928/1494
f 1499/1933/1499 1502/1934/1500 1501/1935/1501 1498/1929/1495
f 1498/1929/1495 1501/1935/1501 1500/1936/1502 1497/1930/1496
f 1502/1934/1500 1506/1937/1503 1505/1938/1504 1501/1935/1501
f 1501/1935/1501 1505/1938/1504 1504/1939/1505 1500/1936/1502
f 1506/1937/1503 1509/1940/1506 1508/1941/1507 1505/1938/1504
f 1505/1938/1504 1508/1941/1507 1507/1942/1508 1504/1939/1505
f 1509/1940/1506 1512/1943/1509 1511/1944/1510 1508/1941/1507
f 1508/1941/1507 1511/1944/1510 1510/1945/1511 1507/1942/1508
f 1512/1943/1509 1515/1946/1512 1514/1947/1513 1511/1944/1510
f 1511/1944/1510 1514/1947/1513 1513/1948/1514 1510/1945/1511
f 1515/1946/1512 1518/1949/1515 1517/1950/1516 1514/1947/1513
f 1514/1947/1513 1517/1950/1516 1516/1951/1517 1513/1948/1514
f 1494/1931/1497 1497/1930/1496 1503/1952/1518
f 1497/1930/1496 1500/1936/1502 1503/1952/1518
f 1500/1936/1502 1504/1939/1505 1503/1952/1518
f 1504/1939/1505 1507/1942/1508 1503/1952/1518
f 1507/1942/1508 1510/1945/1511 1503/1952/1518
f 1510/1945/1511 1513/1948/1514 1503/1952/1518
f 1513/1948/1514 1516/1951/1517 1503/1952/1518
f 1518/1949/1515 1496/1932/1498 1495/1928/1494 1517/1950/1516
f 1517/1950/1516 1495/1928/1494 1494/1931/1497 1516/1951/1517
f 1516/1951/1517 1494/1931/1497 1503/1952/1518
o Body_Cylinder
v 0.210335 4.074937 1.041887
v 0.092428 2.684899 1.818725
v 0.490557 2.968465 1.700696
v 0.088905 2.312913 1.262918
v 0.238170 3.984293 0.570569
v 0.835713 2.821424 1.023924
v 0.678236 3.472331 0.863889
v 0.209076 3.813352 -0.020061
v 0.618579 3.232115 0.107494
v 0.631428 2.494252 0.261877
v 0.220912 2.121341 0.323229
v 0.583198 3.621942 1.373135
v 0.189208 4.069169 1.576723
v 0.098801 2.949032 2.176552
v 0.391077 3.263340 2.084035
v 0.429044 3.687637 1.838427
v 0.231522 3.753142 2.552198
v 0.338875 4.116319 2.230956
v 0.188988 4.368985 1.892018
v -0.000327 3.531916 2.741480
v -0.047059 4.133170 2.873212
v 0.189422 4.260644 2.636373
v 0.132794 2.267150 -1.553376
v 0.214072 2.349184 -1.532524
v 0.198116 3.946699 -1.642481
v 0.512406 3.660208 -1.621799
v 0.073411 3.681109 -1.961821
v 0.214429 3.519160 -2.108729
v 0.183833 3.196819 -2.230273
v 0.042816 3.031409 -2.257606
v 0.112140 3.445491 -2.295586
v 0.036858 3.388852 -2.290357
v 0.049901 3.582230 -2.308206
v 0.125183 3.525591 -2.302979
v 0.039388 3.374019 -2.470637
v 0.096814 3.346555 -2.439360
v 0.083773 3.307715 -2.395126
v 0.026347 3.280251 -2.363847
v 0.017222 3.197605 -2.459370
v 0.017222 3.197149 -2.429039
v 0.266369 0.128214 1.209203
v 0.389687 0.128281 1.045707
v 0.531068 0.118817 1.193154
v 0.407750 0.118751 1.356650
v 0.392868 0.021597 1.229168
v 0.533840 2.478633 0.644923
v 0.543860 2.685187 1.509398
v 0.245249 2.345920 1.130333
v 0.321201 2.099746 1.046444
v 0.511349 2.262464 1.276603
v 0.471077 2.135962 0.745597
v 0.661407 2.298739 0.975685
v 0.263298 1.352034 1.075836
v 0.456718 1.363289 1.221479
v 0.426905 1.342560 0.907252
v 0.620236 1.353955 1.053028
v 0.413783 0.365160 1.184138
v 0.513161 0.375675 1.017623
v 0.393865 0.285156 0.822422
v 0.291591 0.383541 1.031057
v 0.302015 1.078275 1.069332
v 0.417878 1.104318 0.939233
v 0.556714 1.069613 1.053390
v 0.440918 1.043591 1.183440
v 0.320176 2.810088 -2.166586
v 0.599217 2.561880 -0.998868
v 0.705268 3.022784 -1.632910
v 0.387665 2.428929 -2.103360
v 0.532159 2.177399 -1.429413
v 0.220070 2.206625 -1.750499
v 0.699746 2.399702 -1.782273
v 0.621112 1.924933 -2.069083
v 0.404090 1.998931 -2.268657
v 0.473396 1.760461 -1.867621
v 0.256373 1.834458 -2.067195
v 0.265722 1.596799 -2.257277
v 0.615813 1.655615 -2.277327
v 0.418853 1.678723 -2.450422
v 0.462683 1.573691 -2.084183
v 0.410277 0.377424 -2.137643
v 0.602670 0.379655 -2.168858
v 0.504088 0.248226 -2.359431
v 0.520984 0.430859 -2.020255
v 0.349731 1.189073 -2.233957
v 0.599040 1.249190 -2.268463
v 0.461686 1.214024 -2.384296
v 0.487085 1.224239 -2.118123
v 0.291427 1.655084 1.059096
v 0.443157 1.702724 1.222249
v 0.433515 1.640399 0.861316
v 0.585236 1.688349 1.024512
v 0.231884 3.974658 -0.979856
v 0.614536 3.510888 -0.766103
v 0.661661 2.535005 -0.473695
v 0.279464 1.999832 -0.434791
v 0.606188 0.681772 -2.212738
v 0.399149 0.672447 0.873191
v 0.422315 0.625716 1.168449
v 0.407705 0.659359 -2.182255
v 0.645381 0.097936 -1.986858
v 0.304752 0.652844 1.027246
v 0.516712 0.645319 1.014394
v 0.484236 0.615305 -2.327642
v 0.530025 -0.000319 -1.942908
v 0.385459 0.091909 -1.947863
v 0.531138 0.091905 -1.802166
v 0.499703 0.097940 -2.132554
v 0.529657 0.725825 -2.067350
v 0.245791 0.197331 0.823297
v 0.242896 0.306230 0.865417
v 0.313396 0.311812 0.770945
v 0.323365 0.279574 0.916894
v 0.405502 0.157782 -2.388315
v 0.393378 0.235776 -2.315130
v 0.432585 0.252538 -2.380298
v 0.464880 0.231464 -2.294263
v 0.294278 0.281576 1.122138
v 0.394676 0.287672 0.977040
v 0.513510 0.273794 1.108845
v 0.413113 0.267698 1.253942
v 0.394701 0.257525 -2.038835
v 0.494972 0.262258 -2.182377
v 0.602319 0.262254 -2.069423
v 0.502048 0.257520 -1.925880
v -0.141433 4.081601 1.033100
v -0.126769 2.690054 1.814385
v -0.502647 2.995344 1.679437
v -0.091588 2.312704 1.262547
v -0.231822 3.986188 0.570001
v -0.835693 2.821320 1.024078
v -0.673517 3.476986 0.861206
v -0.210558 3.813601 -0.020276
v -0.619879 3.232098 0.107655
v -0.632249 2.493911 0.261416
v -0.221635 2.121259 0.323014
v -0.541181 3.648769 1.339807
v -0.077965 4.075736 1.551447
v -0.175135 2.958829 2.157375
v -0.431425 3.295777 2.016038
v -0.387703 3.714730 1.764444
v -0.348876 3.751413 2.460998
v -0.352188 4.110877 2.119264
v -0.106209 4.365734 1.843792
v -0.184622 3.531083 2.712264
v -0.214242 4.127302 2.842051
v -0.357713 4.241441 2.534390
v -0.132794 2.267150 -1.553376
v -0.214072 2.349184 -1.532524
v -0.198116 3.946699 -1.642482
v -0.512406 3.660208 -1.621799
v -0.073411 3.681109 -1.961821
v -0.214429 3.519160 -2.108729
v -0.183833 3.196819 -2.230273
v -0.042816 3.031409 -2.257606
v -0.112140 3.445491 -2.295586
v -0.036858 3.388852 -2.290357
v -0.049901 3.582230 -2.308206
v -0.125183 3.525591 -2.302979
v -0.039388 3.374019 -2.470637
v -0.096814 3.346555 -2.439360
v -0.083773 3.307715 -2.395126
v -0.026347 3.280251 -2.363847
v -0.017222 3.197605 -2.459370
v -0.017222 3.197149 -2.429039
v -0.266370 0.128216 1.209203
v -0.389687 0.128283 1.045707
v -0.531068 0.118819 1.193154
v -0.407750 0.118752 1.356650
v -0.392868 0.021598 1.229168
v -0.534145 2.478438 0.644537
v -0.546857 2.689111 1.506843
v -0.245781 2.345766 1.130146
v -0.321207 2.099745 1.046446
v -0.511366 2.262464 1.276603
v -0.471078 2.135961 0.745597
v -0.661411 2.298740 0.975684
v -0.263231 1.352225 1.075900
v -0.456717 1.363274 1.221473
v -0.427060 1.342722 0.907109
v -0.620547 1.353935 1.052745
v -0.413783 0.365162 1.184138
v -0.513161 0.375676 1.017622
v -0.393865 0.285157 0.822422
v -0.291591 0.383542 1.031057
v -0.301990 1.078286 1.069332
v -0.418143 1.104430 0.939080
v -0.557045 1.069704 1.053173
v -0.440905 1.043591 1.183438
v -0.320176 2.810088 -2.166586
v -0.599217 2.561880 -0.998868
v -0.705267 3.022784 -1.632910
v -0.387665 2.428929 -2.103360
v -0.532159 2.177399 -1.429413
v -0.220070 2.206625 -1.750499
v -0.699746 2.399702 -1.782273
v -0.621112 1.924933 -2.069083
v -0.404090 1.998930 -2.268657
v -0.473396 1.760461 -1.867621
v -0.256373 1.834458 -2.067194
v -0.265723 1.596799 -2.257277
v -0.615813 1.655615 -2.277326
v -0.418853 1.678723 -2.450421
v -0.462683 1.573691 -2.084182
v -0.410277 0.377424 -2.137642
v -0.602670 0.379656 -2.168858
v -0.504088 0.248225 -2.359430
v -0.520984 0.430860 -2.020254
v -0.349731 1.189074 -2.233956
v -0.599040 1.249190 -2.268462
v -0.461686 1.214024 -2.384296
v -0.487085 1.224239 -2.118123
v -0.291427 1.655084 1.059096
v -0.443157 1.702724 1.222248
v -0.433515 1.640398 0.861315
v -0.585236 1.688349 1.024511
v -0.231884 3.974658 -0.979856
v -0.614535 3.510888 -0.766103
v -0.661340 2.535052 -0.473688
v -0.278344 2.000032 -0.434600
v -0.606188 0.681772 -2.212737
v -0.399149 0.672448 0.873191
v -0.422315 0.625716 1.168449
v -0.407705 0.659360 -2.182255
v -0.645381 0.097936 -1.986857
v -0.304752 0.652845 1.027246
v -0.516712 0.645320 1.014394
v -0.484236 0.615306 -2.327642
v -0.530025 -0.000319 -1.942908
v -0.385460 0.091909 -1.947862
v -0.531138 0.091905 -1.802166
v -0.499703 0.097940 -2.132554
v -0.529657 0.725826 -2.067350
v -0.245792 0.197332 0.823297
v -0.242896 0.306231 0.865417
v -0.313397 0.311814 0.770945
v -0.323365 0.279575 0.916894
v -0.405503 0.157782 -2.388314
v -0.393378 0.235777 -2.315130
v -0.432586 0.252537 -2.380298
v -0.464880 0.231465 -2.294262
v -0.294279 0.281578 1.122137
v -0.394676 0.287673 0.977040
v -0.513510 0.273795 1.108845
v -0.413113 0.267700 1.253942
v -0.394701 0.257525 -2.038834
v -0.494972 0.262258 -2.182376
v -0.602319 0.262254 -2.069422
v -0.502048 0.257520 -1.925880
v 0.191205 4.036622 1.333034
v 0.506645 3.618634 1.576755
v 0.471068 3.145170 1.813898
v 0.117114 2.852510 1.893531
v 0.170387 2.356772 1.206562
v 0.822572 3.065423 1.023564
v 0.466277 3.845765 0.668237
v 0.003019 3.994812 0.545416
v -0.003156 2.280470 1.281195
v 0.078016 2.497258 1.698944
v 0.502856 2.795898 1.641990
v 0.644834 3.603193 1.159528
v 0.227937 4.087855 0.767211
v 0.250028 4.053056 -1.411080
v 0.230675 3.860436 0.341004
v -0.000000 3.893744 -0.034643
v 0.443478 3.866700 -0.904870
v 0.625291 3.711647 -1.202054
v 0.672121 3.316943 0.509380
v 0.701919 3.027013 -0.607608
v 0.624159 2.610994 -0.785962
v 0.572341 2.539147 0.545122
v 0.514190 2.153033 -0.403134
v 0.210898 2.009508 -0.926425
v 0.129500 2.171390 0.728110
v 0.000476 1.980462 -0.476538
v 0.657760 3.227693 1.582009
v 0.249398 2.801214 1.771365
v -0.021713 2.640177 1.832739
v 0.033411 4.074860 1.002967
v 0.391130 3.963547 1.159407
v 0.193116 4.179925 1.771069
v 0.365669 3.846150 2.081822
v 0.294666 3.431699 2.375138
v 0.050270 3.123564 2.514770
v -0.039417 2.898960 2.174879
v 0.062375 4.155341 1.518916
v 0.309237 3.889052 1.691853
v 0.241664 3.080426 2.150409
v 0.478016 3.473694 1.980906
v 0.181855 4.564654 1.975057
v 0.317135 4.391917 2.276438
v 0.193785 4.077548 2.628130
v -0.046215 3.942391 2.849363
v 0.322036 3.925729 2.410093
v 0.109706 3.615731 2.660882
v 0.291542 4.278378 2.046808
v -0.098509 3.503000 2.767224
v 0.050163 4.395734 1.810196
v 0.180194 4.327422 2.671635
v -0.042108 4.189569 2.904169
v 0.065321 4.184389 2.756920
v -0.142114 4.112352 2.922503
v 0.283689 4.371389 2.509385
v 0.123470 3.780934 -1.788061
v 0.350545 3.536184 -1.949359
v 0.264266 2.962176 -2.213210
v 0.068893 2.648988 -2.076895
v -0.000000 2.277135 -1.600251
v 0.219520 2.277673 -1.501302
v 0.618722 3.344372 -1.615666
v 0.375746 3.888313 -1.635871
v 0.000000 3.933462 -1.643924
v 0.048650 3.622962 -2.142343
v 0.130496 3.539006 -2.194931
v 0.119588 3.396948 -2.247749
v 0.037744 3.312127 -2.270443
v 0.145372 3.618495 -2.012636
v 0.000000 3.703236 -1.947734
v 0.240582 3.379727 -2.198484
v 0.099470 3.053144 -2.238507
v -0.000000 3.051027 -2.269870
v 0.054401 3.514165 -2.428081
v 0.135091 3.465809 -2.396561
v 0.115529 3.397422 -2.351984
v 0.034838 3.349066 -2.320462
v 0.074106 3.411306 -2.292430
v 0.134612 3.485541 -2.299284
v -0.000000 3.380557 -2.289591
v 0.093672 3.559776 -2.306134
v -0.000000 3.590524 -2.308972
v 0.021463 3.241822 -2.469769
v 0.045732 3.234823 -2.453066
v 0.042471 3.224810 -2.421861
v 0.018202 3.217811 -2.405158
v 0.073439 3.363131 -2.458238
v -0.000000 3.378041 -2.475218
v 0.102572 3.327135 -2.417243
v 0.053876 3.291139 -2.376247
v -0.000000 3.276229 -2.359266
v -0.000000 3.197130 -2.427737
v -0.000000 3.197624 -2.460671
v 0.018523 3.197377 -2.444204
v 0.274879 1.251017 1.078014
v 0.306629 0.130119 1.089748
v 0.253973 0.026928 1.237481
v 0.412774 0.317335 1.201450
v 0.422394 1.267093 0.926363
v 0.477261 0.124061 1.079402
v 0.384389 0.023052 1.069327
v 0.597874 1.241527 1.056819
v 0.518700 0.115923 1.310918
v 0.532085 0.016855 1.220673
v 0.450537 1.225513 1.208354
v 0.401371 0.020541 1.388899
v 0.300497 2.265202 1.066252
v 0.764690 2.608353 0.972818
v 0.561588 2.537081 1.364801
v 0.503204 2.336446 0.674269
v 0.760617 2.813685 1.337250
v 0.761392 2.707680 0.737894
v 0.309890 2.302189 0.767801
v 0.326572 2.508013 1.466212
v 0.380587 2.165557 1.253229
v 0.346666 2.083654 0.821994
v 0.631962 2.327775 1.167174
v 0.605699 2.219928 0.801917
v 0.304728 1.360532 1.191501
v 0.311229 1.344001 0.954402
v 0.601323 1.361073 1.172933
v 0.549927 1.346297 0.938813
v 0.267012 1.460149 1.067598
v 0.452709 1.506054 1.224926
v 0.430500 1.432703 0.884578
v 0.616130 1.479257 1.042145
v 0.416757 0.453759 1.180354
v 0.371937 0.469306 0.809713
v 0.286080 0.476001 1.013886
v 0.522006 0.467625 0.999581
v 0.505291 0.325666 1.057663
v 0.376680 0.312626 0.939347
v 0.301064 0.332916 1.070046
v 0.317387 0.372093 1.149860
v 0.504475 0.365451 1.138517
v 0.292284 0.123961 1.324647
v 0.467179 0.360641 0.889558
v 0.284169 0.371066 0.909114
v 0.332991 0.669057 0.914285
v 0.471098 0.664155 0.905911
v 0.329503 0.634749 1.136994
v 0.509336 0.628365 1.126090
v 0.769995 2.891089 -1.205704
v 0.358655 2.294721 -1.083958
v 0.192323 2.572047 -2.006191
v 0.517783 2.986078 -2.035043
v 0.742230 2.704782 -1.684713
v 0.358878 2.659394 -2.120080
v 0.573178 2.409935 -1.188095
v 0.189806 2.364547 -1.623457
v 0.638974 2.131699 -1.914199
v 0.403659 2.186254 -2.143768
v 0.493217 1.936749 -1.672649
v 0.257902 1.991303 -1.902218
v 0.545486 2.460909 -2.016815
v 0.265968 2.334066 -2.021418
v 0.294096 2.127454 -1.487524
v 0.734093 2.290226 -1.539790
v 0.621583 1.769525 -2.204325
v 0.404103 1.839056 -2.397662
v 0.465584 1.641716 -2.007182
v 0.248102 1.711246 -2.200519
v 0.622614 1.834310 -1.927278
v 0.528427 1.992937 -2.210417
v 0.297080 1.945306 -2.226638
v 0.306852 1.746229 -1.908223
v 0.607183 1.507428 -2.296052
v 0.440638 1.482270 -2.441210
v 0.468564 1.464996 -2.115528
v 0.302018 1.439838 -2.260686
v 0.295145 1.643729 -2.404801
v 0.323822 1.564572 -2.114766
v 0.590586 1.609068 -2.145159
v 0.553518 1.687458 -2.404482
v 0.593301 0.326329 -2.124551
v 0.488872 0.289285 -2.229528
v 0.503053 0.335855 -1.992610
v 0.405395 0.322500 -2.095584
v 0.408517 0.313381 -2.252318
v 0.389006 1.201967 -2.133314
v 0.599224 0.416145 -2.069015
v 0.556938 1.239393 -2.358823
v 0.372784 1.191209 -2.343226
v 0.435488 0.419414 -2.037992
v 0.578814 1.243957 -2.169476
v 0.561049 0.323109 -2.279193
v 0.390939 0.907806 -2.200130
v 0.596879 0.950708 -2.229160
v 0.477663 0.912272 -2.329750
v 0.510155 0.946241 -2.099540
v 0.322859 1.671832 1.195723
v 0.333507 1.646568 0.913817
v 0.560954 1.718359 1.158590
v 0.535983 1.649944 0.899068
v 0.316244 1.884255 1.051181
v 0.453829 1.954602 1.232979
v 0.445053 1.897207 0.820535
v 0.582718 1.967626 1.002234
v 0.000000 3.966679 -1.001413
v 0.417112 3.587827 0.026344
v 0.721066 2.837986 0.193969
v 0.433837 2.241410 0.306557
v -0.000273 2.096577 0.321603
v 0.199963 3.849006 -0.474393
v 0.581146 3.277743 -0.325440
v 0.678077 2.455376 -0.108577
v 0.297152 2.087728 -0.034253
v 0.551683 -0.001285 -1.770010
v 0.507651 0.005314 -2.117005
v 0.393148 -0.001280 -1.922182
v 0.666186 0.005310 -1.964833
v 0.430265 0.836999 1.164196
v 0.409469 0.893451 0.927563
v 0.319265 0.868796 1.052085
v 0.520469 0.861654 1.039673
v 0.550308 1.047358 1.146022
v 0.499413 1.093984 0.964735
v 0.342072 1.099419 0.974889
v 0.325768 1.054998 1.159746
v 0.632815 0.092861 -1.863902
v 0.411789 0.257953 -1.941909
v 0.562196 0.265052 -2.157223
v 0.414297 0.092867 -2.082447
v 0.536349 0.556270 -2.036080
v 0.612831 0.479161 -2.199276
v 0.410621 0.472857 -2.166152
v 0.472259 0.377326 -2.352862
v 0.560573 0.639857 -2.302844
v 0.602182 0.718083 -2.115011
v 0.419253 0.618384 -2.287369
v 0.445777 0.705938 -2.084762
v 0.259393 0.215858 0.770826
v 0.268484 0.227985 0.886079
v 0.313357 0.210346 0.804306
v 0.214521 0.233497 0.852600
v 0.362338 0.276283 0.883522
v 0.387650 0.299298 0.772071
v 0.241635 0.316267 0.806306
v 0.281900 0.290924 0.913780
v 0.433566 0.162921 -2.354538
v 0.385494 0.174085 -2.351866
v 0.447126 0.183589 -2.399246
v 0.399053 0.194752 -2.396574
v 0.497131 0.238073 -2.319163
v 0.483367 0.255266 -2.388624
v 0.389877 0.244541 -2.350464
v 0.424555 0.230124 -2.290872
v 0.332370 0.287469 1.015571
v 0.461591 0.282881 1.007736
v 0.510622 0.266652 1.213277
v 0.310995 0.273738 1.225381
v 0.279844 0.217387 1.173226
v 0.393597 0.220845 1.016864
v 0.526032 0.208648 1.158298
v 0.412278 0.205190 1.314659
v 0.494732 0.186453 -2.150741
v 0.385590 0.181121 -1.984044
v 0.622190 0.186450 -2.018513
v 0.513049 0.181117 -1.851816
v 0.429517 0.258279 -2.143407
v 0.421602 0.092458 -1.823027
v 0.590537 0.258272 -1.973976
v 0.592967 0.101504 -2.100065
v -0.087155 4.045085 1.316349
v -0.453880 3.652492 1.521201
v -0.479046 3.180144 1.766544
v -0.152519 2.860997 1.883272
v -0.171387 2.356535 1.206142
v -0.821623 3.068130 1.021891
v -0.460978 3.849338 0.667284
v -0.097737 2.498748 1.697672
v -0.513825 2.810460 1.632370
v -0.623166 3.620571 1.146448
v -0.206103 4.091531 0.765486
v -0.250028 4.053056 -1.411080
v -0.232612 3.861010 0.340696
v -0.443478 3.866700 -0.904870
v -0.625291 3.711647 -1.202054
v -0.673850 3.316761 0.509830
v -0.701915 3.027015 -0.607611
v -0.624159 2.610994 -0.785962
v -0.573028 2.538674 0.544225
v -0.513167 2.153346 -0.402832
v -0.210898 2.009508 -0.926425
v -0.130412 2.170926 0.727447
v -0.647490 3.264602 1.545442
v -0.272994 2.813815 1.761852
v -0.329584 3.977994 1.140365
v -0.091081 4.183905 1.733714
v -0.353241 3.860442 1.989934
v -0.379456 3.448814 2.294144
v -0.189073 3.130388 2.487781
v -0.229011 3.904105 1.642573
v -0.306826 3.100468 2.108739
v -0.480742 3.511157 1.895702
v -0.132232 4.555573 1.918283
v -0.354316 4.373573 2.156040
v -0.345032 4.061831 2.530605
v -0.193519 3.937220 2.821907
v -0.391962 3.923235 2.297565
v -0.265833 3.614733 2.601984
v -0.250023 4.271902 1.957235
v -0.366339 4.308240 2.569766
v -0.233810 4.182840 2.868437
v -0.280441 4.172253 2.692472
v -0.407241 4.347139 2.380600
v -0.123470 3.780934 -1.788061
v -0.350545 3.536183 -1.949359
v -0.264266 2.962176 -2.213210
v -0.068893 2.648988 -2.076895
v -0.219520 2.277673 -1.501302
v -0.618722 3.344372 -1.615666
v -0.375746 3.888313 -1.635871
v -0.048650 3.622962 -2.142343
v -0.130496 3.539006 -2.194931
v -0.119588 3.396948 -2.247749
v -0.037744 3.312127 -2.270443
v -0.145372 3.618495 -2.012636
v -0.240582 3.379727 -2.198484
v -0.099470 3.053144 -2.238507
v -0.054401 3.514165 -2.428081
v -0.135091 3.465809 -2.396561
v -0.115529 3.397422 -2.351984
v -0.034838 3.349066 -2.320462
v -0.074106 3.411306 -2.292430
v -0.134612 3.485541 -2.299284
v -0.093672 3.559776 -2.306134
v -0.021463 3.241822 -2.469769
v -0.045732 3.234823 -2.453066
v -0.042471 3.224810 -2.421861
v -0.018202 3.217811 -2.405158
v -0.073439 3.363131 -2.458238
v -0.102572 3.327135 -2.417243
v -0.053876 3.291139 -2.376247
v -0.018523 3.197377 -2.444204
v -0.274833 1.251064 1.078026
v -0.306630 0.130120 1.089748
v -0.253973 0.026930 1.237481
v -0.412774 0.317337 1.201450
v -0.422917 1.267322 0.926075
v -0.477261 0.124063 1.079402
v -0.384389 0.023054 1.069327
v -0.598553 1.241691 1.056363
v -0.518700 0.115925 1.310918
v -0.532086 0.016856 1.220673
v -0.450517 1.225512 1.208349
v -0.401371 0.020543 1.388899
v -0.300504 2.265200 1.066255
v -0.764694 2.608358 0.972810
v -0.561626 2.537085 1.364797
v -0.503204 2.336446 0.674268
v -0.761441 2.817834 1.334538
v -0.761479 2.707598 0.738026
v -0.310519 2.301851 0.767271
v -0.327546 2.508422 1.465996
v -0.380607 2.165555 1.253233
v -0.346667 2.083654 0.821994
v -0.631974 2.327777 1.167170
v -0.605699 2.219928 0.801916
v -0.304716 1.360638 1.191539
v -0.311080 1.344197 0.954456
v -0.601308 1.360962 1.172888
v -0.550456 1.346449 0.938378
v -0.267013 1.460149 1.067598
v -0.452709 1.506054 1.224926
v -0.430500 1.432703 0.884577
v -0.616130 1.479258 1.042144
v -0.416757 0.453760 1.180354
v -0.371937 0.469307 0.809713
v -0.286081 0.476002 1.013885
v -0.522006 0.467626 0.999581
v -0.505291 0.325667 1.057663
v -0.376680 0.312627 0.939347
v -0.301064 0.332917 1.070046
v -0.317387 0.372094 1.149860
v -0.504475 0.365453 1.138516
v -0.292284 0.123962 1.324646
v -0.467179 0.360641 0.889557
v -0.284170 0.371067 0.909114
v -0.332991 0.669058 0.914285
v -0.471099 0.664155 0.905911
v -0.329503 0.634750 1.136994
v -0.509336 0.628366 1.126090
v -0.769995 2.891089 -1.205704
v -0.358654 2.294721 -1.083958
v -0.192323 2.572047 -2.006191
v -0.517783 2.986078 -2.035043
v -0.742230 2.704782 -1.684713
v -0.358878 2.659394 -2.120079
v -0.573178 2.409935 -1.188094
v -0.189806 2.364546 -1.623457
v -0.638974 2.131699 -1.914199
v -0.403659 2.186254 -2.143768
v -0.493217 1.936749 -1.672648
v -0.257902 1.991303 -1.902218
v -0.545486 2.460909 -2.016814
v -0.265968 2.334066 -2.021418
v -0.294096 2.127454 -1.487524
v -0.734093 2.290226 -1.539790
v -0.621583 1.769524 -2.204324
v -0.404103 1.839056 -2.397662
v -0.465584 1.641716 -2.007181
v -0.248102 1.711246 -2.200518
v -0.622614 1.834310 -1.927277
v -0.528427 1.992937 -2.210416
v -0.297080 1.945306 -2.226638
v -0.306852 1.746229 -1.908223
v -0.607183 1.507428 -2.296051
v -0.440638 1.482270 -2.441210
v -0.468564 1.464996 -2.115527
v -0.302019 1.439838 -2.260686
v -0.295145 1.643729 -2.404800
v -0.323823 1.564572 -2.114765
v -0.590586 1.609068 -2.145158
v -0.553518 1.687458 -2.404482
v -0.593301 0.326329 -2.124550
v -0.488872 0.289285 -2.229528
v -0.503053 0.335855 -1.992610
v -0.405395 0.322500 -2.095584
v -0.408518 0.313381 -2.252318
v -0.389006 1.201968 -2.133314
v -0.599225 0.416146 -2.069015
v -0.556938 1.239394 -2.358823
v -0.372784 1.191209 -2.343225
v -0.435488 0.419414 -2.037992
v -0.578814 1.243958 -2.169475
v -0.561049 0.323109 -2.279192
v -0.390939 0.907807 -2.200130
v -0.596879 0.950708 -2.229160
v -0.477663 0.912273 -2.329750
v -0.510155 0.946242 -2.099540
v -0.322860 1.671834 1.195723
v -0.333507 1.646567 0.913816
v -0.560954 1.718359 1.158590
v -0.535983 1.649944 0.899068
v -0.316244 1.884255 1.051181
v -0.453826 1.954602 1.232978
v -0.445054 1.897207 0.820534
v -0.582718 1.967626 1.002234
v -0.419745 3.588067 0.026267
v -0.721510 2.837935 0.194090
v -0.434838 2.241093 0.305981
v -0.199963 3.849006 -0.474393
v -0.581145 3.277744 -0.325441
v -0.678218 2.455334 -0.108628
v -0.296988 2.087864 -0.034065
v -0.551683 -0.001285 -1.770010
v -0.507652 0.005315 -2.117005
v -0.393148 -0.001280 -1.922182
v -0.666186 0.005310 -1.964833
v -0.430265 0.837000 1.164196
v -0.409469 0.893451 0.927562
v -0.319265 0.868796 1.052085
v -0.520469 0.861655 1.039673
v -0.550298 1.047356 1.146019
v -0.500000 1.094186 0.964357
v -0.342036 1.099431 0.974888
v -0.325753 1.055004 1.159745
v -0.632815 0.092861 -1.863902
v -0.411790 0.257953 -1.941909
v -0.562196 0.265052 -2.157222
v -0.414298 0.092867 -2.082446
v -0.536349 0.556271 -2.036079
v -0.612831 0.479161 -2.199276
v -0.410621 0.472857 -2.166152
v -0.472259 0.377326 -2.352862
v -0.560574 0.639858 -2.302843
v -0.602182 0.718083 -2.115011
v -0.419253 0.618384 -2.287368
v -0.445778 0.705938 -2.084762
v -0.259393 0.215859 0.770826
v -0.268484 0.227986 0.886079
v -0.313357 0.210347 0.804305
v -0.214521 0.233498 0.852600
v -0.362338 0.276284 0.883521
v -0.387650 0.299299 0.772071
v -0.241635 0.316268 0.806306
v -0.281900 0.290925 0.913780
v -0.433567 0.162922 -2.354538
v -0.385494 0.174085 -2.351866
v -0.447126 0.183589 -2.399246
v -0.399054 0.194752 -2.396574
v -0.497131 0.238073 -2.319162
v -0.483367 0.255266 -2.388623
v -0.389878 0.244541 -2.350463
v -0.424555 0.230124 -2.290871
v -0.332370 0.287470 1.015571
v -0.461591 0.282882 1.007735
v -0.510622 0.266653 1.213277
v -0.310995 0.273740 1.225381
v -0.279844 0.217389 1.173225
v -0.393597 0.220847 1.016864
v -0.526032 0.208649 1.158298
v -0.412279 0.205192 1.314659
v -0.494732 0.186453 -2.150741
v -0.385590 0.181121 -1.984043
v -0.622190 0.186450 -2.018512
v -0.513049 0.181117 -1.851815
v -0.429517 0.258279 -2.143406
v -0.421602 0.092458 -1.823027
v -0.590537 0.258272 -1.973976
v -0.592967 0.101504 -2.100064
v 0.334524 3.866040 1.427727
v 0.589035 3.354746 1.724383
v 0.274872 2.979389 1.868233
v 0.208524 2.574786 1.663864
v 0.756424 3.048810 1.451890
v 0.441989 4.011763 0.898408
v 0.468858 4.004078 -1.340062
v 0.457684 3.644661 0.398682
v 0.732303 3.244299 -1.031520
v 0.804829 2.923763 0.618726
v 0.405457 2.123362 -0.836383
v 0.271000 2.272046 0.679403
v 0.299176 4.027461 1.915637
v 0.371262 3.643906 2.243231
v 0.174386 3.245842 2.468006
v 0.273863 4.525917 2.104426
v 0.307506 4.246259 2.481471
v 0.061085 3.991982 2.742796
v 0.282208 4.481151 2.512800
v 0.071589 4.248404 2.795996
v 0.241976 3.699690 -1.843121
v 0.422463 3.260499 -2.110131
v 0.139360 2.637281 -2.099888
v 0.093438 3.590075 -2.161335
v 0.144364 3.473411 -2.228585
v 0.077075 3.334794 -2.259382
v 0.101773 3.494994 -2.415585
v 0.143345 3.431616 -2.374273
v 0.072430 3.368236 -2.332959
v 0.045457 3.271214 -2.461658
v 0.048798 3.229817 -2.437464
v 0.036762 3.238881 -2.402784
v 0.283528 0.025289 1.355736
v 0.293724 0.026374 1.114952
v 0.479427 0.019599 1.103612
v 0.515127 0.016893 1.341870
v 0.310688 1.234873 1.181811
v 0.320077 1.264851 0.968825
v 0.531608 1.258819 0.954633
v 0.583414 1.226517 1.164284
v 0.385741 2.392313 1.335382
v 0.722878 2.631664 1.221629
v 0.690159 2.499225 0.747376
v 0.331033 2.223847 0.773781
v 0.306302 1.487632 1.194031
v 0.315176 1.437264 0.934758
v 0.593532 1.506841 1.170998
v 0.551357 1.446752 0.919587
v 0.317358 0.323626 1.172691
v 0.503391 0.317022 1.161411
v 0.442428 0.325072 0.942062
v 0.325510 0.331109 0.953213
v 0.508310 0.454910 1.131205
v 0.474125 0.446988 0.836301
v 0.318847 0.461636 1.142693
v 0.286302 0.455541 0.851750
v 0.214128 2.514301 -1.999809
v 0.557203 2.742121 -2.007352
v 0.303604 2.299851 -1.262420
v 0.789167 2.582383 -1.346766
v 0.307154 2.116136 -2.090522
v 0.522554 2.193995 -2.079235
v 0.303919 1.901569 -1.716909
v 0.660126 2.034304 -1.746168
v 0.278741 1.796277 -2.355990
v 0.544835 1.832500 -2.341714
v 0.310835 1.640785 -2.045999
v 0.604963 1.691981 -2.065984
v 0.331460 1.453450 -2.393679
v 0.556798 1.506771 -2.407320
v 0.348868 1.443123 -2.136535
v 0.581278 1.491188 -2.175942
v 0.433092 0.302301 -2.209260
v 0.549582 0.310001 -2.225045
v 0.419880 0.333292 -2.007003
v 0.584374 0.332696 -2.036946
v 0.406316 0.898887 -2.294201
v 0.427046 0.927451 -2.113317
v 0.585140 0.956540 -2.143316
v 0.557132 0.934151 -2.307747
v 0.348919 1.900842 1.210396
v 0.349975 1.888493 0.879733
v 0.556434 1.994074 1.152348
v 0.542444 1.920307 0.864406
v 0.395224 3.665066 -0.419645
v 0.696155 2.827607 -0.214192
v 0.540718 2.196666 -0.038603
v 0.408800 0.364044 -2.308232
v 0.612642 0.535610 -2.088824
v 0.447744 0.536800 -2.056653
v 0.556265 0.376018 -2.330609
v 0.416777 0.001656 -2.063995
v 0.609208 0.010940 -2.083585
v 0.437705 0.001078 -1.792064
v 0.653864 0.001649 -1.836251
v 0.519278 0.840804 1.129035
v 0.336054 0.847308 1.140198
v 0.471359 0.884290 0.953414
v 0.352778 0.888498 0.960869
v 0.312633 0.232933 0.859224
v 0.249729 0.247388 0.889358
v 0.320950 0.234190 0.774683
v 0.228901 0.249679 0.806585
v 0.412300 0.182611 -2.332378
v 0.459647 0.188984 -2.361087
v 0.385137 0.200824 -2.367986
v 0.441779 0.208431 -2.401082
v 0.319683 0.221595 1.058712
v 0.472182 0.216182 1.049466
v 0.518335 0.203299 1.270863
v 0.301551 0.210994 1.284007
v 0.418253 0.181969 -2.105590
v 0.575789 0.189604 -2.121161
v 0.412077 0.181604 -1.871115
v 0.609441 0.181964 -1.907247
v 0.056154 4.104986 1.292508
v -0.253583 3.884827 1.394361
v -0.569975 3.400249 1.657249
v -0.300083 2.998178 1.843144
v -0.019312 2.801477 1.896287
v -0.017518 2.462175 1.720444
v -0.219808 2.578405 1.661417
v -0.756358 3.072240 1.436206
v -0.417965 4.019574 0.893500
v 0.008442 4.043779 0.731673
v 0.000000 4.016682 -1.429847
v -0.000000 3.940348 0.325146
v -0.468858 4.004078 -1.340063
v -0.461639 3.644929 0.398713
v -0.732303 3.244299 -1.031520
v -0.805317 2.923557 0.619087
v -0.405458 2.123362 -0.836383
v -0.272173 2.271315 0.678270
v -0.000000 1.993183 -0.985702
v -0.000031 2.139169 0.731995
v 0.059402 4.249417 1.694763
v -0.235734 4.036016 1.845187
v -0.411902 3.662832 2.146872
v -0.293288 3.258496 2.413660
v -0.072640 3.080142 2.520094
v 0.031466 4.588374 1.904942
v -0.261591 4.510025 2.007264
v -0.409242 4.225812 2.352161
v -0.257723 3.981418 2.683941
v -0.130188 3.925154 2.893768
v -0.414529 4.456697 2.382934
v -0.304672 4.235197 2.725864
v -0.148155 4.163515 2.945276
v 0.000000 3.800991 -1.773327
v -0.241976 3.699690 -1.843121
v -0.422463 3.260499 -2.110131
v -0.139360 2.637281 -2.099888
v -0.000000 2.680298 -2.101430
v 0.000000 3.634859 -2.136499
v -0.093438 3.590075 -2.161335
v -0.144364 3.473411 -2.228585
v -0.077075 3.334794 -2.259382
v -0.000000 3.310666 -2.275830
v -0.000000 3.521247 -2.432697
v -0.101773 3.494994 -2.415585
v -0.143345 3.431616 -2.374273
v -0.072430 3.368236 -2.332959
v -0.000000 3.341984 -2.315846
v -0.000000 3.242852 -2.472540
v -0.045457 3.271214 -2.461658
v -0.048798 3.229817 -2.437464
v -0.036762 3.238881 -2.402784
v -0.000000 3.216781 -2.402387
v -0.000000 3.197377 -2.444204
v -0.283528 0.025290 1.355736
v -0.293725 0.026375 1.114952
v -0.479427 0.019601 1.103612
v -0.515127 0.016895 1.341870
v -0.310662 1.234896 1.181816
v -0.320002 1.264906 0.968835
v -0.532777 1.259205 0.953860
v -0.583396 1.226501 1.164275
v -0.385784 2.392309 1.335391
v -0.722902 2.631675 1.221615
v -0.690159 2.499225 0.747375
v -0.331033 2.223847 0.773781
v -0.306302 1.487632 1.194030
v -0.315176 1.437264 0.934757
v -0.593532 1.506841 1.170998
v -0.551357 1.446752 0.919586
v -0.317359 0.323628 1.172691
v -0.503391 0.317024 1.161411
v -0.442428 0.325073 0.942062
v -0.325510 0.331110 0.953213
v -0.508310 0.454911 1.131204
v -0.474125 0.446989 0.836301
v -0.318847 0.461636 1.142692
v -0.286302 0.455543 0.851750
v -0.214128 2.514301 -1.999809
v -0.557203 2.742121 -2.007352
v -0.303604 2.299851 -1.262420
v -0.789167 2.582383 -1.346766
v -0.307154 2.116135 -2.090522
v -0.522555 2.193995 -2.079234
v -0.303919 1.901569 -1.716909
v -0.660126 2.034304 -1.746168
v -0.278741 1.796276 -2.355989
v -0.544835 1.832499 -2.341713
v -0.310835 1.640785 -2.045998
v -0.604963 1.691981 -2.065984
v -0.331460 1.453450 -2.393679
v -0.556798 1.506771 -2.407320
v -0.348869 1.443124 -2.136534
v -0.581278 1.491188 -2.175941
v -0.433092 0.302301 -2.209259
v -0.549582 0.310001 -2.225045
v -0.419880 0.333292 -2.007003
v -0.584374 0.332696 -2.036946
v -0.406316 0.898887 -2.294200
v -0.427047 0.927451 -2.113317
v -0.585141 0.956540 -2.143315
v -0.557132 0.934151 -2.307746
v -0.348908 1.900843 1.210393
v -0.349978 1.888492 0.879734
v -0.556436 1.994075 1.152348
v -0.542444 1.920307 0.864405
v -0.000000 3.890139 -0.491915
v -0.395224 3.665066 -0.419645
v -0.696150 2.827610 -0.214197
v -0.540734 2.196832 -0.038343
v 0.000097 2.070777 -0.048944
v -0.408800 0.364044 -2.308232
v -0.612642 0.535611 -2.088824
v -0.447744 0.536801 -2.056652
v -0.556266 0.376019 -2.330608
v -0.416778 0.001656 -2.063994
v -0.609209 0.010940 -2.083585
v -0.437706 0.001078 -1.792063
v -0.653864 0.001649 -1.836251
v -0.519278 0.840804 1.129035
v -0.336054 0.847309 1.140198
v -0.471360 0.884291 0.953414
v -0.352778 0.888499 0.960869
v -0.312633 0.232934 0.859223
v -0.249730 0.247389 0.889358
v -0.320950 0.234191 0.774683
v -0.228901 0.249681 0.806585
v -0.412300 0.182611 -2.332377
v -0.459647 0.188985 -2.361086
v -0.385137 0.200824 -2.367985
v -0.441779 0.208431 -2.401081
v -0.319683 0.221597 1.058712
v -0.472182 0.216183 1.049465
v -0.518335 0.203300 1.270863
v -0.301552 0.210996 1.284007
v -0.418254 0.181969 -2.105589
v -0.575789 0.189604 -2.121161
v -0.412077 0.181604 -1.871115
v -0.609441 0.181964 -1.907247
vt 0.289276 0.281441
vt 0.281879 0.246850
vt 0.312465 0.251275
vt 0.323826 0.285027
vt 0.330088 0.309011
vt 0.293519 0.309011
vt 0.252930 0.309011
vt 0.251551 0.275363
vt 0.249463 0.239095
vt 0.251433 0.041341
vt 0.249204 0.022682
vt 0.279149 0.010486
vt 0.281407 0.025544
vt 0.289938 0.045322
vt 0.255463 0.065656
vt 0.233198 0.085645
vt 0.229814 0.060390
vt 0.228165 0.038595
vt 0.263095 0.101282
vt 0.278755 0.078879
vt 0.297115 0.119001
vt 0.271202 0.146157
vt 0.246512 0.155579
vt 0.240052 0.117820
vt 0.343538 0.028082
vt 0.343560 0.013634
vt 0.413863 0.028212
vt 0.409656 0.043467
vt 0.394256 0.064478
vt 0.343516 0.042530
vt 0.350753 0.281614
vt 0.342987 0.246975
vt 0.376310 0.243194
vt 0.378534 0.278185
vt 0.380039 0.309010
vt 0.355107 0.309010
vt 0.347703 0.954815
vt 0.369600 0.933331
vt 0.373429 0.947781
vt 0.348007 0.970825
vt 0.315218 0.981498
vt 0.319089 0.965128
vt 0.320002 0.942024
vt 0.344702 0.933073
vt 0.363824 0.914735
vt 0.337106 0.197852
vt 0.332167 0.141487
vt 0.370056 0.139234
vt 0.375657 0.199871
vt 0.303430 0.197983
vt 0.415648 0.281728
vt 0.456292 0.287927
vt 0.457412 0.309009
vt 0.416349 0.309009
vt 0.415298 0.249176
vt 0.455275 0.259875
vt 0.417054 0.206086
vt 0.456701 0.217883
vt 0.421889 0.160365
vt 0.459740 0.173579
vt 0.430780 0.119921
vt 0.463558 0.138591
vt 0.396928 0.105138
vt 0.441442 0.087589
vt 0.470367 0.112360
vt 0.451593 0.066209
vt 0.482374 0.094327
vt 0.461488 0.050304
vt 0.496981 0.080393
vt 0.276659 0.198217
vt 0.248716 0.197585
vt 0.215098 0.271302
vt 0.213451 0.233402
vt 0.215853 0.309011
vt 0.181805 0.309012
vt 0.179938 0.271820
vt 0.175890 0.234856
vt 0.192745 0.067608
vt 0.190471 0.046597
vt 0.196257 0.091869
vt 0.153159 0.100471
vt 0.148152 0.078806
vt 0.143755 0.060795
vt 0.202243 0.122631
vt 0.208176 0.157759
vt 0.165762 0.162984
vt 0.159386 0.129444
vt 0.211527 0.195119
vt 0.171214 0.198350
vt 0.121199 0.151989
vt 0.112421 0.127594
vt 0.128842 0.181541
vt 0.096007 0.215019
vt 0.093011 0.177972
vt 0.081794 0.157979
vt 0.133898 0.214812
vt 0.138827 0.248543
vt 0.102013 0.268345
vt 0.098080 0.237889
vt 0.146089 0.279477
vt 0.150303 0.309012
vt 0.120075 0.309012
vt 0.112896 0.290703
vt 0.103956 0.109796
vt 0.095648 0.095296
vt 0.070163 0.142992
vt 0.058326 0.130507
vt 0.056778 0.160808
vt 0.043963 0.146839
vt 0.069028 0.176365
vt 0.065193 0.188750
vt 0.053596 0.170933
vt 0.041081 0.153730
vt 0.080149 0.195098
vt 0.090706 0.215419
vt 0.083790 0.227455
vt 0.074951 0.207795
vt 0.581485 0.188508
vt 0.570195 0.186261
vt 0.540093 0.173574
vt 0.548432 0.158110
vt 0.562920 0.158310
vt 0.592775 0.190756
vt 0.616949 0.219274
vt 0.609324 0.217927
vt 0.597007 0.213267
vt 0.938329 0.370123
vt 0.968714 0.355419
vt 0.982166 0.360610
vt 0.946051 0.373295
vt 0.919394 0.391328
vt 0.914291 0.387810
vt 0.907407 0.381062
vt 0.928580 0.364704
vt 0.953540 0.349381
vt 0.548960 0.297238
vt 0.548664 0.309007
vt 0.528748 0.309007
vt 0.526859 0.295519
vt 0.523478 0.278578
vt 0.550340 0.283171
vt 0.573920 0.286927
vt 0.567891 0.298783
vt 0.565509 0.309006
vt 0.553292 0.264505
vt 0.520894 0.254731
vt 0.527339 0.226935
vt 0.557031 0.243540
vt 0.590013 0.245825
vt 0.582477 0.271804
vt 0.590571 0.301308
vt 0.588438 0.309006
vt 0.595993 0.292749
vt 0.615829 0.297818
vt 0.613014 0.303538
vt 0.612000 0.309005
vt 0.603727 0.282468
vt 0.611597 0.271156
vt 0.630089 0.288430
vt 0.620220 0.291594
vt 0.617429 0.259502
vt 0.603476 0.234428
vt 0.622250 0.250529
vt 0.636451 0.279864
vt 0.631382 0.284576
vt 0.627090 0.247259
vt 0.631939 0.246841
vt 0.642336 0.273933
vt 0.639819 0.276549
vt 0.707008 0.295777
vt 0.710338 0.290722
vt 0.718848 0.297953
vt 0.713582 0.299927
vt 0.708995 0.302294
vt 0.704090 0.300588
vt 0.697632 0.300176
vt 0.699050 0.294273
vt 0.700655 0.287773
vt 0.701996 0.304915
vt 0.705764 0.305449
vt 0.704488 0.308999
vt 0.701155 0.308999
vt 0.696153 0.308999
vt 0.696584 0.304886
vt 0.631234 0.304197
vt 0.630746 0.309004
vt 0.632697 0.299315
vt 0.647271 0.300070
vt 0.646395 0.304579
vt 0.646095 0.309003
vt 0.635132 0.294281
vt 0.638053 0.289172
vt 0.650401 0.290631
vt 0.648698 0.295393
vt 0.659658 0.305975
vt 0.659468 0.309002
vt 0.660222 0.302916
vt 0.667116 0.305167
vt 0.669181 0.307288
vt 0.669082 0.309001
vt 0.661150 0.299792
vt 0.662262 0.296635
vt 0.671366 0.302942
vt 0.670091 0.304719
vt 0.688325 0.298061
vt 0.688625 0.293387
vt 0.688065 0.302351
vt 0.676420 0.305307
vt 0.676216 0.304496
vt 0.675422 0.303282
vt 0.687883 0.305868
vt 0.687812 0.309000
vt 0.679887 0.309000
vt 0.679715 0.306934
vt 0.673121 0.307417
vt 0.674391 0.307121
vt 0.674555 0.309000
vt 0.673158 0.309001
vt 0.675903 0.307156
vt 0.676133 0.309000
vt 0.675444 0.305311
vt 0.281437 0.687754
vt 0.292875 0.681727
vt 0.293936 0.689769
vt 0.282867 0.695958
vt 0.272038 0.704006
vt 0.270090 0.695618
vt 0.266899 0.685911
vt 0.279017 0.678972
vt 0.291102 0.672004
vt 0.350644 0.686057
vt 0.360138 0.684025
vt 0.360399 0.692636
vt 0.351895 0.695167
vt 0.342253 0.695689
vt 0.340405 0.686426
vt 0.339302 0.676276
vt 0.349910 0.675976
vt 0.360034 0.674457
vt 0.328675 0.683471
vt 0.330333 0.692193
vt 0.317591 0.688217
vt 0.316392 0.680138
vt 0.315678 0.670752
vt 0.327725 0.674137
vt 0.304492 0.679372
vt 0.305485 0.687299
vt 0.303400 0.671399
vt 0.302869 0.659334
vt 0.292344 0.659873
vt 0.293553 0.647712
vt 0.302339 0.647262
vt 0.311125 0.646813
vt 0.313394 0.658796
vt 0.380094 0.903938
vt 0.384887 0.870590
vt 0.387440 0.870441
vt 0.384118 0.912236
vt 0.374414 0.892512
vt 0.380737 0.868345
vt 0.288440 0.961012
vt 0.282426 0.979928
vt 0.253472 0.958496
vt 0.259765 0.939566
vt 0.265950 0.916229
vt 0.292678 0.936086
vt 0.237073 0.897890
vt 0.232194 0.909586
vt 0.214754 0.846935
vt 0.217372 0.846098
vt 0.222034 0.844144
vt 0.243038 0.883424
vt 0.251173 0.863418
vt 0.259551 0.841518
vt 0.277157 0.851802
vt 0.271917 0.884080
vt 0.230782 0.839956
vt 0.241246 0.830926
vt 0.293364 0.899138
vt 0.293363 0.861467
vt 0.309829 0.866954
vt 0.315000 0.905450
vt 0.365421 0.874827
vt 0.357026 0.853524
vt 0.366495 0.848476
vt 0.373394 0.861308
vt 0.354156 0.887847
vt 0.345089 0.858842
vt 0.336306 0.899871
vt 0.328214 0.864699
vt 0.274106 0.796905
vt 0.276756 0.788923
vt 0.288553 0.790941
vt 0.286290 0.801032
vt 0.284136 0.811595
vt 0.271133 0.805616
vt 0.258722 0.798802
vt 0.262760 0.792260
vt 0.265735 0.786997
vt 0.300149 0.804122
vt 0.301906 0.793142
vt 0.315414 0.795493
vt 0.314241 0.806195
vt 0.312835 0.818078
vt 0.298321 0.815903
vt 0.350592 0.805566
vt 0.349525 0.798828
vt 0.359728 0.797174
vt 0.361780 0.803291
vt 0.362817 0.810938
vt 0.351685 0.813440
vt 0.339904 0.815746
vt 0.339132 0.807129
vt 0.338962 0.799438
vt 0.327125 0.807268
vt 0.327679 0.797958
vt 0.326825 0.817659
vt 0.307224 0.707807
vt 0.322139 0.708287
vt 0.321849 0.718040
vt 0.307416 0.717170
vt 0.293514 0.719309
vt 0.293054 0.710300
vt 0.293113 0.704735
vt 0.306857 0.702218
vt 0.321488 0.702486
vt 0.337859 0.712707
vt 0.353981 0.719097
vt 0.357293 0.725374
vt 0.337430 0.722729
vt 0.336409 0.706391
vt 0.353874 0.712911
vt 0.651096 0.593605
vt 0.657502 0.582849
vt 0.681136 0.593019
vt 0.670783 0.601789
vt 0.660430 0.610558
vt 0.644691 0.604361
vt 0.631935 0.601263
vt 0.634210 0.589218
vt 0.636484 0.577173
vt 0.279568 0.714798
vt 0.279526 0.723651
vt 0.265494 0.729094
vt 0.266425 0.720298
vt 0.269341 0.714607
vt 0.280856 0.709187
vt 0.280677 0.775358
vt 0.283237 0.758231
vt 0.294425 0.757307
vt 0.291858 0.775874
vt 0.270217 0.775186
vt 0.272602 0.759660
vt 0.348146 0.784434
vt 0.349144 0.766244
vt 0.354810 0.767040
vt 0.355821 0.783860
vt 0.339559 0.784066
vt 0.341905 0.764714
vt 0.329145 0.781815
vt 0.331520 0.761717
vt 0.317315 0.779034
vt 0.319340 0.758771
vt 0.304479 0.777077
vt 0.306717 0.757394
vt 0.902945 0.411459
vt 0.911655 0.420053
vt 0.899459 0.452830
vt 0.887657 0.435966
vt 0.876856 0.416498
vt 0.893811 0.399492
vt 0.771534 0.456349
vt 0.808651 0.465322
vt 0.809707 0.498956
vt 0.768401 0.488984
vt 0.731306 0.466056
vt 0.737431 0.438341
vt 0.745956 0.409265
vt 0.776585 0.423737
vt 0.809156 0.432185
vt 0.851792 0.456224
vt 0.859435 0.483018
vt 0.845608 0.428584
vt 0.883827 0.380778
vt 0.896963 0.367856
vt 0.868056 0.391821
vt 0.861767 0.366773
vt 0.875229 0.360175
vt 0.886778 0.352110
vt 0.785472 0.391170
vt 0.812784 0.400041
vt 0.759283 0.377468
vt 0.773342 0.348331
vt 0.795332 0.361764
vt 0.817818 0.370905
vt 0.914774 0.354790
vt 0.934922 0.341651
vt 0.901508 0.343019
vt 0.917829 0.333417
vt 0.842344 0.399250
vt 0.841297 0.371462
vt 0.841768 0.348458
vt 0.858500 0.346189
vt 0.822543 0.346792
vt 0.826513 0.328788
vt 0.842885 0.330992
vt 0.857107 0.330279
vt 0.870256 0.342538
vt 0.880670 0.337741
vt 0.867815 0.328229
vt 0.877660 0.325394
vt 0.803306 0.338636
vt 0.784064 0.327234
vt 0.791809 0.313142
vt 0.809358 0.322089
vt 0.893375 0.332032
vt 0.907227 0.325867
vt 0.889291 0.322324
vt 0.901816 0.319137
vt 0.888171 0.314393
vt 0.900294 0.313361
vt 0.876771 0.315714
vt 0.877435 0.303044
vt 0.888696 0.302876
vt 0.900488 0.303274
vt 0.843773 0.319814
vt 0.856440 0.319253
vt 0.829286 0.317977
vt 0.832301 0.304762
vt 0.845318 0.306281
vt 0.856921 0.305760
vt 0.866816 0.317610
vt 0.867235 0.304343
vt 0.813450 0.312428
vt 0.796939 0.305023
vt 0.802416 0.293765
vt 0.817743 0.300059
vt 0.911265 0.213350
vt 0.922448 0.223915
vt 0.915898 0.234472
vt 0.906021 0.222374
vt 0.897354 0.203424
vt 0.900082 0.202785
vt 0.900455 0.200812
vt 0.917535 0.208476
vt 0.930493 0.216807
vt 0.875340 0.192101
vt 0.890659 0.197450
vt 0.891785 0.200490
vt 0.871303 0.205636
vt 0.855510 0.203961
vt 0.859391 0.187271
vt 0.861773 0.171206
vt 0.877393 0.180458
vt 0.891889 0.195744
vt 0.738110 0.057232
vt 0.748381 0.052929
vt 0.748381 0.075568
vt 0.736558 0.082507
vt 0.724734 0.089446
vt 0.727839 0.061534
vt 0.730944 0.033622
vt 0.739662 0.031956
vt 0.748381 0.030290
vt 0.842185 0.183479
vt 0.840142 0.201333
vt 0.824987 0.198229
vt 0.824351 0.180207
vt 0.822268 0.162475
vt 0.842847 0.165864
vt 0.889550 0.282411
vt 0.900225 0.283615
vt 0.879086 0.281729
vt 0.882926 0.256423
vt 0.892369 0.258893
vt 0.901954 0.262105
vt 0.848404 0.281751
vt 0.858971 0.282448
vt 0.836996 0.279548
vt 0.842901 0.250316
vt 0.853951 0.252992
vt 0.864308 0.254702
vt 0.869046 0.282091
vt 0.873770 0.255436
vt 0.824398 0.275390
vt 0.811206 0.270255
vt 0.819573 0.242570
vt 0.831359 0.246683
vt 0.266243 0.821369
vt 0.281161 0.828079
vt 0.251055 0.814449
vt 0.295537 0.834370
vt 0.310236 0.838081
vt 0.353139 0.831244
vt 0.363679 0.828843
vt 0.341114 0.833896
vt 0.326121 0.837049
vt 0.494666 0.292470
vt 0.496604 0.309008
vt 0.491563 0.270244
vt 0.490006 0.236644
vt 0.490660 0.199099
vt 0.494191 0.165038
vt 0.523750 0.195373
vt 0.501884 0.139079
vt 0.515025 0.125839
vt 0.530890 0.118959
vt 0.862879 0.226777
vt 0.874650 0.227906
vt 0.849543 0.225048
vt 0.355206 0.748118
vt 0.363798 0.730025
vt 0.371900 0.733862
vt 0.361444 0.750405
vt 0.346985 0.745081
vt 0.307472 0.735562
vt 0.320884 0.736654
vt 0.294474 0.736715
vt 0.898790 0.238218
vt 0.908122 0.246463
vt 0.890159 0.231780
vt 0.891967 0.131332
vt 0.908097 0.152394
vt 0.899055 0.165814
vt 0.884236 0.147887
vt 0.865925 0.131770
vt 0.871944 0.112659
vt 0.882971 0.087930
vt 0.901381 0.115051
vt 0.918647 0.138838
vt 0.281801 0.739562
vt 0.269290 0.743255
vt 0.334799 0.740543
vt 0.882927 0.228959
vt 0.894302 0.202570
vt 0.859292 0.050574
vt 0.866478 0.016198
vt 0.890713 0.022681
vt 0.886616 0.055446
vt 0.852147 0.084590
vt 0.831044 0.073923
vt 0.831968 0.045702
vt 0.842243 0.009714
vt 0.951921 0.195230
vt 0.969646 0.210590
vt 0.956663 0.214570
vt 0.940022 0.201291
vt 0.924633 0.188899
vt 0.935519 0.180641
vt 0.946696 0.171711
vt 0.963680 0.188032
vt 0.982167 0.204919
vt 0.846595 0.104623
vt 0.842759 0.124732
vt 0.817166 0.122233
vt 0.818583 0.101905
vt 0.921762 0.167596
vt 0.911749 0.178278
vt 0.932719 0.156518
vt 0.836571 0.222199
vt 0.823780 0.218790
vt 0.622924 0.592424
vt 0.614439 0.599428
vt 0.607533 0.588298
vt 0.620700 0.580488
vt 0.625148 0.604361
vt 0.621345 0.610558
vt 0.369243 0.702757
vt 0.365849 0.705512
vt 0.361696 0.705070
vt 0.364319 0.699009
vt 0.366942 0.692947
vt 0.372638 0.700003
vt 0.378334 0.707058
vt 0.374167 0.706506
vt 0.370001 0.705953
vt 0.633657 0.626514
vt 0.628467 0.610607
vt 0.649400 0.610607
vt 0.656960 0.627375
vt 0.664520 0.644144
vt 0.638848 0.642422
vt 0.613176 0.640700
vt 0.610355 0.625654
vt 0.607533 0.610607
vt 0.696972 0.634750
vt 0.700979 0.628546
vt 0.717796 0.630370
vt 0.711271 0.635663
vt 0.704747 0.640955
vt 0.692966 0.640955
vt 0.681185 0.640955
vt 0.682673 0.633838
vt 0.684162 0.626721
vt 0.693425 0.196837
vt 0.693224 0.215269
vt 0.677712 0.218539
vt 0.677712 0.196539
vt 0.677712 0.174540
vt 0.693626 0.178405
vt 0.709540 0.182271
vt 0.709138 0.197135
vt 0.708736 0.211999
vt 0.639163 0.066052
vt 0.641547 0.056248
vt 0.664560 0.054553
vt 0.658435 0.065820
vt 0.655136 0.077967
vt 0.638234 0.076781
vt 0.621331 0.075595
vt 0.619891 0.066284
vt 0.618535 0.057943
vt 0.641828 0.089532
vt 0.660319 0.092564
vt 0.669741 0.108387
vt 0.647683 0.103294
vt 0.625624 0.098201
vt 0.623337 0.086499
vt 0.642321 0.046272
vt 0.642288 0.036210
vt 0.669741 0.030290
vt 0.667858 0.042594
vt 0.616784 0.049950
vt 0.614834 0.042130
vt 0.282314 0.703005
vt 0.293711 0.697665
vt 0.271500 0.709756
vt 0.354180 0.702338
vt 0.360970 0.699332
vt 0.356981 0.708538
vt 0.345591 0.703179
vt 0.333406 0.699693
vt 0.319631 0.695731
vt 0.306275 0.695148
vt 0.927840 0.205082
vt 0.942755 0.215167
vt 0.914328 0.195811
vt 0.903623 0.188169
vt 0.896439 0.197665
vt 0.893033 0.178962
vt 0.879868 0.164991
vt 0.863243 0.151996
vt 0.842274 0.145713
vt 0.819133 0.142787
vt 0.289277 0.336581
vt 0.323827 0.332994
vt 0.312467 0.366747
vt 0.281880 0.371172
vt 0.249464 0.378928
vt 0.251551 0.342659
vt 0.251438 0.576684
vt 0.281412 0.592481
vt 0.279155 0.607539
vt 0.249209 0.595344
vt 0.228169 0.579431
vt 0.229817 0.557635
vt 0.233201 0.532379
vt 0.255467 0.552369
vt 0.289943 0.572703
vt 0.263098 0.516742
vt 0.278759 0.539145
vt 0.240055 0.500204
vt 0.246515 0.462444
vt 0.271205 0.471867
vt 0.297119 0.499022
vt 0.343544 0.589942
vt 0.409663 0.574555
vt 0.413871 0.589811
vt 0.343566 0.604390
vt 0.343522 0.575493
vt 0.394262 0.553544
vt 0.350754 0.336407
vt 0.378535 0.339835
vt 0.376312 0.374826
vt 0.342989 0.371046
vt 0.466081 0.950942
vt 0.464509 0.966879
vt 0.440993 0.941892
vt 0.445955 0.927791
vt 0.453187 0.909710
vt 0.470796 0.929506
vt 0.494710 0.940386
vt 0.493790 0.963491
vt 0.496351 0.980117
vt 0.337109 0.420169
vt 0.375660 0.418150
vt 0.370061 0.478788
vt 0.332171 0.476535
vt 0.303432 0.420039
vt 0.415649 0.336291
vt 0.456293 0.330091
vt 0.455277 0.358143
vt 0.415300 0.368843
vt 0.417057 0.411933
vt 0.456704 0.400135
vt 0.459744 0.444439
vt 0.421893 0.457654
vt 0.430785 0.498100
vt 0.463564 0.479428
vt 0.470374 0.505659
vt 0.441449 0.530431
vt 0.396933 0.512883
vt 0.451601 0.551812
vt 0.482382 0.523692
vt 0.496989 0.537626
vt 0.461496 0.567716
vt 0.276661 0.419805
vt 0.248718 0.420438
vt 0.215099 0.346721
vt 0.213452 0.384621
vt 0.175890 0.383167
vt 0.179938 0.346204
vt 0.192748 0.550418
vt 0.190474 0.571428
vt 0.143757 0.557231
vt 0.148154 0.539220
vt 0.153161 0.517555
vt 0.196260 0.526156
vt 0.202245 0.495393
vt 0.159388 0.488581
vt 0.165764 0.455040
vt 0.208178 0.460265
vt 0.211529 0.422905
vt 0.171215 0.419674
vt 0.121201 0.466036
vt 0.112422 0.490431
vt 0.081794 0.460046
vt 0.093011 0.440053
vt 0.096008 0.403006
vt 0.128843 0.436483
vt 0.133898 0.403213
vt 0.098080 0.380136
vt 0.102013 0.349679
vt 0.138827 0.369481
vt 0.146089 0.338547
vt 0.112896 0.327321
vt 0.103957 0.508230
vt 0.095649 0.522730
vt 0.058326 0.487519
vt 0.070164 0.475034
vt 0.056778 0.457218
vt 0.043963 0.471187
vt 0.041081 0.464296
vt 0.053596 0.447092
vt 0.065193 0.429275
vt 0.069028 0.441661
vt 0.080149 0.422927
vt 0.074951 0.410229
vt 0.083790 0.390570
vt 0.090706 0.402605
vt 0.581491 0.429505
vt 0.548439 0.459905
vt 0.540099 0.444442
vt 0.570202 0.431753
vt 0.597012 0.404745
vt 0.609329 0.400085
vt 0.616955 0.398737
vt 0.592781 0.427257
vt 0.562927 0.459705
vt 0.801512 0.831167
vt 0.793266 0.832468
vt 0.761061 0.811777
vt 0.775349 0.809836
vt 0.791508 0.807470
vt 0.812250 0.828148
vt 0.829068 0.848958
vt 0.820811 0.853931
vt 0.815032 0.856174
vt 0.548961 0.320775
vt 0.526859 0.322495
vt 0.567892 0.319230
vt 0.573922 0.331086
vt 0.550341 0.334843
vt 0.523480 0.339437
vt 0.553294 0.353508
vt 0.520896 0.363284
vt 0.582479 0.346207
vt 0.590017 0.372187
vt 0.557034 0.374474
vt 0.527343 0.391080
vt 0.590571 0.316703
vt 0.613014 0.314472
vt 0.615830 0.320191
vt 0.595994 0.325262
vt 0.603729 0.335542
vt 0.620221 0.326415
vt 0.630091 0.329578
vt 0.611600 0.346855
vt 0.617432 0.358508
vt 0.603480 0.383583
vt 0.631384 0.333433
vt 0.636455 0.338145
vt 0.622254 0.367481
vt 0.627094 0.370751
vt 0.639823 0.341460
vt 0.642339 0.344075
vt 0.631944 0.371169
vt 0.707009 0.322221
vt 0.713583 0.318071
vt 0.718849 0.320044
vt 0.710339 0.327275
vt 0.700656 0.330225
vt 0.699052 0.323725
vt 0.697632 0.317822
vt 0.704091 0.317410
vt 0.708995 0.315704
vt 0.701997 0.313083
vt 0.705764 0.312548
vt 0.696584 0.313112
vt 0.631235 0.313811
vt 0.646396 0.313427
vt 0.647272 0.317936
vt 0.632698 0.318693
vt 0.635134 0.323726
vt 0.648700 0.322613
vt 0.650404 0.327374
vt 0.638055 0.328835
vt 0.659658 0.312029
vt 0.669181 0.310714
vt 0.667117 0.312835
vt 0.660223 0.315088
vt 0.661152 0.318212
vt 0.670092 0.313282
vt 0.671367 0.315059
vt 0.662264 0.321368
vt 0.688326 0.319938
vt 0.688626 0.324613
vt 0.675423 0.314719
vt 0.676216 0.313504
vt 0.676420 0.312693
vt 0.688065 0.315649
vt 0.687883 0.312131
vt 0.679715 0.311067
vt 0.673121 0.310584
vt 0.674391 0.310880
vt 0.675903 0.310845
vt 0.675445 0.312690
vt 0.553298 0.689973
vt 0.551224 0.698037
vt 0.540681 0.690992
vt 0.542375 0.683059
vt 0.544912 0.673509
vt 0.556407 0.681411
vt 0.567936 0.689287
vt 0.563987 0.698710
vt 0.561380 0.706917
vt 0.484449 0.682798
vt 0.482481 0.691780
vt 0.474205 0.688583
vt 0.475147 0.680021
vt 0.476009 0.670492
vt 0.485980 0.672808
vt 0.496530 0.673948
vt 0.494627 0.683978
vt 0.492050 0.693065
vt 0.506553 0.681962
vt 0.504209 0.690524
vt 0.508240 0.672733
vt 0.520515 0.670314
vt 0.519061 0.679612
vt 0.517225 0.687571
vt 0.530982 0.679792
vt 0.529365 0.687614
vt 0.532703 0.671931
vt 0.534188 0.659948
vt 0.544636 0.661318
vt 0.523740 0.658577
vt 0.526951 0.646813
vt 0.535673 0.647957
vt 0.544395 0.649101
vt 0.437823 0.897658
vt 0.433154 0.905611
vt 0.433154 0.863682
vt 0.435687 0.864033
vt 0.440002 0.862123
vt 0.444391 0.886716
vt 0.524669 0.961816
vt 0.529165 0.981150
vt 0.522419 0.936632
vt 0.550638 0.918955
vt 0.554954 0.942709
vt 0.559728 0.962079
vt 0.580878 0.902961
vt 0.584815 0.915007
vt 0.576078 0.888067
vt 0.600129 0.850574
vt 0.604621 0.852891
vt 0.607165 0.853933
vt 0.569553 0.867479
vt 0.547237 0.886433
vt 0.544571 0.853840
vt 0.562936 0.844983
vt 0.582024 0.835874
vt 0.591740 0.845705
vt 0.524663 0.899745
vt 0.502594 0.904323
vt 0.510800 0.866356
vt 0.527649 0.862192
vt 0.454757 0.869799
vt 0.447880 0.855691
vt 0.455774 0.843445
vt 0.464814 0.849228
vt 0.476293 0.855475
vt 0.464955 0.883672
vt 0.481796 0.897072
vt 0.492651 0.862651
vt 0.551961 0.799356
vt 0.539489 0.802505
vt 0.538032 0.792266
vt 0.549952 0.791190
vt 0.561090 0.790143
vt 0.563640 0.795625
vt 0.567147 0.802466
vt 0.554235 0.808276
vt 0.540799 0.813206
vt 0.525428 0.804488
vt 0.511216 0.805437
vt 0.510895 0.794676
vt 0.524547 0.793403
vt 0.526317 0.816377
vt 0.511676 0.817395
vt 0.475029 0.801929
vt 0.464056 0.798775
vt 0.466587 0.792840
vt 0.476627 0.795297
vt 0.487109 0.796742
vt 0.486329 0.804396
vt 0.484877 0.812925
vt 0.473315 0.809692
vt 0.462416 0.806316
vt 0.498287 0.805486
vt 0.498473 0.796162
vt 0.497763 0.815868
vt 0.526006 0.707918
vt 0.525073 0.717236
vt 0.510618 0.716960
vt 0.511102 0.707215
vt 0.512210 0.701485
vt 0.526816 0.702377
vt 0.540315 0.705975
vt 0.539933 0.711526
vt 0.538761 0.720470
vt 0.495082 0.710375
vt 0.494715 0.720399
vt 0.474706 0.721462
vt 0.478505 0.715467
vt 0.479103 0.709311
vt 0.497028 0.704194
vt 0.633669 0.543577
vt 0.620912 0.560659
vt 0.607533 0.558398
vt 0.622672 0.537593
vt 0.637853 0.521990
vt 0.645954 0.531189
vt 0.654055 0.540388
vt 0.644665 0.549560
vt 0.634290 0.562919
vt 0.553020 0.717077
vt 0.552361 0.725906
vt 0.552181 0.711383
vt 0.563229 0.717697
vt 0.565685 0.723602
vt 0.565917 0.732442
vt 0.547117 0.777357
vt 0.535931 0.776985
vt 0.534843 0.758274
vt 0.545922 0.760081
vt 0.556410 0.762348
vt 0.557559 0.778014
vt 0.479142 0.781058
vt 0.471537 0.779878
vt 0.473879 0.763191
vt 0.479590 0.762846
vt 0.486927 0.761895
vt 0.487732 0.781372
vt 0.498291 0.779953
vt 0.497517 0.759731
vt 0.509892 0.757759
vt 0.510304 0.778119
vt 0.523255 0.777184
vt 0.522583 0.757387
vt 0.826383 0.879564
vt 0.815922 0.885911
vt 0.838036 0.870032
vt 0.850601 0.890497
vt 0.835592 0.906941
vt 0.820211 0.920620
vt 0.943860 0.953615
vt 0.939365 0.986091
vt 0.896872 0.986245
vt 0.905674 0.953766
vt 0.912842 0.921408
vt 0.946484 0.920718
vt 0.979630 0.913718
vt 0.981203 0.943978
vt 0.980755 0.972359
vt 0.865803 0.934941
vt 0.852174 0.959243
vt 0.878209 0.909479
vt 0.852076 0.854133
vt 0.842282 0.838523
vt 0.855832 0.825558
vt 0.865203 0.836074
vt 0.876776 0.845605
vt 0.864867 0.868522
vt 0.945367 0.886979
vt 0.916743 0.889296
vt 0.918580 0.859785
vt 0.942570 0.856089
vt 0.967071 0.848103
vt 0.974014 0.879702
vt 0.827974 0.821693
vt 0.811409 0.804253
vt 0.829943 0.800193
vt 0.843602 0.813309
vt 0.888166 0.881694
vt 0.895608 0.854900
vt 0.900467 0.832410
vt 0.884713 0.826334
vt 0.889746 0.811177
vt 0.903418 0.815158
vt 0.919856 0.816798
vt 0.919557 0.835233
vt 0.874119 0.820064
vt 0.865096 0.812990
vt 0.870878 0.801673
vt 0.879801 0.806707
vt 0.940158 0.831744
vt 0.938096 0.814246
vt 0.957237 0.809598
vt 0.961516 0.825098
vt 0.854054 0.804498
vt 0.842002 0.795299
vt 0.848823 0.790002
vt 0.860272 0.795998
vt 0.863195 0.788540
vt 0.851639 0.784733
vt 0.853782 0.774875
vt 0.865346 0.777214
vt 0.876263 0.779980
vt 0.873981 0.792460
vt 0.905138 0.804077
vt 0.892944 0.800604
vt 0.895595 0.787365
vt 0.906763 0.790554
vt 0.919779 0.792085
vt 0.919657 0.805638
vt 0.883228 0.796607
vt 0.885887 0.783602
vt 0.936347 0.803900
vt 0.935029 0.790874
vt 0.951396 0.788293
vt 0.954123 0.800513
vt 0.864083 0.684897
vt 0.867100 0.694888
vt 0.854693 0.704376
vt 0.850761 0.692590
vt 0.844577 0.683817
vt 0.859110 0.678706
vt 0.877498 0.675198
vt 0.877404 0.677203
vt 0.879911 0.678456
vt 0.903946 0.672526
vt 0.904745 0.686628
vt 0.886007 0.676888
vt 0.887805 0.674191
vt 0.887002 0.672246
vt 0.904639 0.660724
vt 0.921973 0.655333
vt 0.920578 0.671513
vt 0.920497 0.688648
vt 0.690797 0.130925
vt 0.669784 0.145058
vt 0.669784 0.131349
vt 0.689309 0.119889
vt 0.708833 0.108430
vt 0.711809 0.116792
vt 0.714786 0.125155
vt 0.692285 0.141961
vt 0.669784 0.158767
vt 0.938194 0.671800
vt 0.936056 0.689643
vt 0.941621 0.654509
vt 0.962426 0.655968
vt 0.956302 0.672739
vt 0.951518 0.690126
vt 0.869246 0.757106
vt 0.858582 0.755810
vt 0.861873 0.734482
vt 0.871940 0.733573
vt 0.881698 0.733353
vt 0.879584 0.758861
vt 0.909431 0.765974
vt 0.898989 0.764210
vt 0.900210 0.735982
vt 0.910681 0.736712
vt 0.922051 0.736663
vt 0.921039 0.766468
vt 0.889269 0.761534
vt 0.890835 0.734509
vt 0.934256 0.765334
vt 0.934119 0.735795
vt 0.946538 0.734518
vt 0.948279 0.763387
vt 0.557862 0.824367
vt 0.542459 0.829874
vt 0.573550 0.818672
vt 0.527629 0.835007
vt 0.512682 0.837541
vt 0.470455 0.827326
vt 0.460138 0.824097
vt 0.482232 0.830922
vt 0.496929 0.835253
vt 0.494666 0.325546
vt 0.491564 0.347772
vt 0.490009 0.381372
vt 0.490665 0.418918
vt 0.494196 0.452980
vt 0.523755 0.422643
vt 0.501890 0.478939
vt 0.515032 0.492179
vt 0.530898 0.499059
vt 0.908055 0.709143
vt 0.896341 0.707522
vt 0.921429 0.710544
vt 0.474985 0.744298
vt 0.468585 0.746083
vt 0.459474 0.728765
vt 0.467854 0.725582
vt 0.483420 0.741922
vt 0.523561 0.735565
vt 0.510105 0.735591
vt 0.536425 0.737744
vt 0.870472 0.711974
vt 0.859487 0.717839
vt 0.880357 0.707706
vt 0.901811 0.609562
vt 0.905508 0.627455
vt 0.886947 0.641471
vt 0.881252 0.626325
vt 0.874120 0.610699
vt 0.896415 0.591546
vt 0.920593 0.569414
vt 0.925608 0.596022
vt 0.927047 0.616006
vt 0.548833 0.741585
vt 0.561011 0.746258
vt 0.495926 0.738365
vt 0.888045 0.706632
vt 0.883077 0.678330
vt 0.952263 0.538542
vt 0.924554 0.536968
vt 0.928139 0.504144
vt 0.953216 0.503436
vt 0.978293 0.502728
vt 0.979973 0.540116
vt 0.974351 0.567786
vt 0.951355 0.573287
vt 0.828717 0.657872
vt 0.838893 0.666519
vt 0.819634 0.675592
vt 0.807923 0.668720
vt 0.797052 0.660310
vt 0.818940 0.648153
vt 0.839235 0.636199
vt 0.848045 0.647470
vt 0.856728 0.658019
vt 0.952127 0.594061
vt 0.951212 0.614512
vt 0.980008 0.597889
vt 0.976689 0.617995
vt 0.864444 0.637958
vt 0.871717 0.650664
vt 0.856344 0.624648
vt 0.934708 0.710770
vt 0.947940 0.710409
vt 0.657297 0.528189
vt 0.653120 0.516788
vt 0.669243 0.519207
vt 0.668977 0.531513
vt 0.665584 0.543804
vt 0.661474 0.539590
vt 0.682278 0.538096
vt 0.696388 0.546307
vt 0.690090 0.555954
vt 0.678674 0.548666
vt 0.686993 0.526462
vt 0.705557 0.536136
vt 0.702074 0.597917
vt 0.681185 0.608279
vt 0.681185 0.589885
vt 0.700268 0.581281
vt 0.719352 0.572678
vt 0.722964 0.587554
vt 0.726577 0.602431
vt 0.703881 0.614552
vt 0.681185 0.626673
vt 0.677292 0.557110
vt 0.689535 0.564553
vt 0.691851 0.572629
vt 0.677022 0.564491
vt 0.662193 0.556353
vt 0.665049 0.549666
vt 0.725670 0.196837
vt 0.741383 0.196539
vt 0.741383 0.218539
vt 0.725871 0.215269
vt 0.710359 0.211999
vt 0.709957 0.197135
vt 0.709555 0.182271
vt 0.725469 0.178405
vt 0.741383 0.174540
vt 0.700363 0.066052
vt 0.681091 0.065820
vt 0.674966 0.054553
vt 0.697978 0.056248
vt 0.720991 0.057943
vt 0.719635 0.066283
vt 0.718195 0.075594
vt 0.701292 0.076780
vt 0.684389 0.077967
vt 0.697698 0.089532
vt 0.679207 0.092564
vt 0.716189 0.086499
vt 0.713902 0.098201
vt 0.691843 0.103294
vt 0.669784 0.108387
vt 0.697205 0.046272
vt 0.671668 0.042594
vt 0.669784 0.030290
vt 0.697238 0.036210
vt 0.724691 0.042130
vt 0.722742 0.049950
vt 0.551217 0.705105
vt 0.540279 0.698880
vt 0.561461 0.712691
vt 0.479635 0.698747
vt 0.476352 0.704705
vt 0.471926 0.700875
vt 0.473105 0.695213
vt 0.488129 0.700266
vt 0.500552 0.697756
vt 0.514596 0.694899
vt 0.527956 0.695376
vt 0.849868 0.673022
vt 0.833027 0.679388
vt 0.865157 0.667126
vt 0.877337 0.662165
vt 0.882132 0.673064
vt 0.889768 0.655654
vt 0.905805 0.645105
vt 0.924983 0.636304
vt 0.946835 0.635037
vt 0.970026 0.637537
vn 0.2443 0.9652 0.0935
vn 0.6264 0.7395 0.2467
vn 0.6697 0.7411 -0.0465
vn 0.2191 0.9531 -0.2089
vn 0.0121 0.9722 -0.2338
vn 0.0081 0.9998 -0.0153
vn 0.0316 0.9978 -0.0586
vn 0.5442 0.8378 0.0433
vn 0.7388 0.6527 0.1679
vn 0.3862 -0.4534 0.8032
vn -0.0441 -0.4868 0.8724
vn -0.0315 -0.7751 0.6310
vn 0.4592 -0.6801 0.5715
vn 0.4979 -0.6219 0.6044
vn 0.4859 -0.4226 0.7650
vn 0.6270 -0.5556 0.5460
vn 0.4765 -0.6438 0.5987
vn -0.0421 -0.6885 0.7240
vn 0.6302 -0.2970 0.7173
vn 0.5768 -0.3989 0.7128
vn 0.9077 0.0014 0.4196
vn 0.8876 0.0817 0.4533
vn 0.9249 0.0918 0.3688
vn 0.7703 -0.3608 0.5258
vn 0.4607 -0.8342 0.3030
vn -0.0092 -0.9448 0.3276
vn 0.0003 -0.9807 0.1957
vn 0.4000 -0.8894 0.2211
vn 0.5790 -0.7957 0.1779
vn 0.4255 -0.8481 0.3156
vn 0.3684 0.8323 -0.4141
vn 0.7704 0.5563 -0.3113
vn 0.7992 0.5431 -0.2573
vn 0.5134 0.8095 -0.2846
vn 0.0018 0.9657 -0.2597
vn 0.0057 0.9280 -0.3724
vn 0.9833 -0.1739 0.0527
vn 0.9073 -0.3257 -0.2660
vn 0.9890 -0.0333 -0.1439
vn 0.9897 0.1421 0.0187
vn 0.8780 -0.2692 0.3957
vn 0.8539 -0.3718 0.3641
vn 0.9476 -0.3191 0.0111
vn 0.7961 -0.3106 -0.5194
vn 0.9298 0.3518 -0.1079
vn 0.9171 0.3455 -0.1986
vn 0.9043 0.4121 0.1111
vn 0.5369 0.8423 -0.0464
vn 0.3910 0.9053 0.1655
vn 0.0003 0.9926 0.1217
vn 0.0014 0.9987 -0.0512
vn 0.8125 0.5784 -0.0721
vn 0.7561 0.6287 0.1817
vn 0.9312 0.3447 -0.1186
vn 0.9291 0.3559 0.1000
vn 0.9984 -0.0319 -0.0476
vn 0.9990 0.0455 -0.0008
vn 0.8919 -0.4223 0.1615
vn 0.9520 -0.3042 0.0327
vn 0.8282 -0.5602 -0.0139
vn 0.6525 -0.7098 0.2654
vn 0.7162 -0.6845 0.1361
vn 0.3158 -0.9320 0.1780
vn 0.2823 -0.9452 0.1642
vn 0.0003 -0.9940 0.1096
vn -0.0001 -0.9884 0.1519
vn 0.8359 0.4757 0.2738
vn 0.8518 0.4801 0.2096
vn 0.7418 0.6412 -0.1965
vn 0.8665 0.4947 -0.0663
vn 0.0702 0.9424 -0.3268
vn 0.1138 0.7274 -0.6767
vn 0.7768 0.4630 -0.4270
vn 0.9314 0.2963 -0.2112
vn 0.5014 -0.7716 0.3913
vn -0.0549 -0.9186 0.3914
vn 0.7205 -0.5728 0.3907
vn 0.7291 -0.3851 0.5657
vn 0.4823 -0.5887 0.6486
vn -0.0938 -0.7342 0.6724
vn 0.8397 -0.3464 0.4181
vn 0.9475 0.0547 0.3149
vn 0.9510 0.0139 0.3088
vn 0.8437 -0.2125 0.4928
vn 0.9172 0.3881 0.0901
vn 0.9782 0.2062 0.0248
vn 0.8029 -0.0989 0.5878
vn 0.7025 -0.1637 0.6926
vn 0.9435 -0.0083 0.3311
vn 0.9130 0.0055 0.4080
vn 0.7609 -0.0475 0.6471
vn 0.7003 -0.0734 0.7100
vn 0.9958 0.0903 -0.0140
vn 0.9389 0.1765 -0.2955
vn 0.9172 0.1661 -0.3620
vn 0.9941 0.0834 -0.0691
vn 0.7216 0.3409 -0.6025
vn 0.1430 0.4892 -0.8604
vn 0.1505 0.4092 -0.8999
vn 0.6916 0.3048 -0.6548
vn 0.5035 -0.2782 0.8180
vn -0.1315 -0.3914 0.9107
vn 0.5723 -0.1251 0.8104
vn -0.1643 -0.2170 0.9622
vn 0.6227 -0.2458 0.7428
vn -0.1600 -0.3471 0.9240
vn 0.7412 -0.1971 0.6417
vn 0.7598 -0.3422 0.5528
vn 0.6123 -0.3994 0.6823
vn -0.1406 -0.5078 0.8499
vn 0.7918 -0.0957 0.6032
vn 0.8307 -0.0396 0.5553
vn 0.8491 -0.0634 0.5244
vn 0.8223 -0.1744 0.5417
vn 0.1758 -0.8521 -0.4928
vn 0.6732 -0.6092 -0.4191
vn 0.7331 -0.6454 -0.2145
vn 0.3189 -0.9218 -0.2203
vn -0.0001 -0.9678 -0.2515
vn 0.0000 -0.8456 -0.5338
vn 0.0000 -0.5592 -0.8290
vn 0.0620 -0.6583 -0.7502
vn 0.1207 -0.5589 -0.8204
vn -0.2272 -0.9530 -0.2001
vn 0.8571 -0.4950 -0.1426
vn -0.0204 -0.6097 -0.7923
vn -0.8577 -0.1276 -0.4981
vn -0.9922 -0.1170 0.0424
vn -0.5447 -0.6926 0.4728
vn 0.0997 0.8058 -0.5837
vn 0.0000 0.8172 -0.5763
vn 0.0000 0.9903 -0.1387
vn 0.1195 0.9827 -0.1411
vn 0.6279 0.7742 -0.0791
vn 0.5283 0.6426 -0.5549
vn 0.4064 0.6652 -0.6263
vn 0.1341 0.7419 -0.6569
vn 0.0000 0.7683 -0.6401
vn 0.8274 0.3801 -0.4134
vn 0.9244 0.3811 -0.0157
vn 0.9904 0.1359 0.0262
vn 0.9185 0.2585 -0.2993
vn 0.6985 0.2317 -0.6770
vn 0.6543 0.5252 -0.5441
vn 0.2579 0.8567 -0.4465
vn 0.0000 0.8986 -0.4387
vn 0.4519 0.7702 -0.4501
vn 0.5608 0.7830 -0.2691
vn 0.3368 0.8980 -0.2832
vn 0.0000 0.9553 -0.2954
vn 0.5961 0.6072 -0.5253
vn 0.5383 0.2733 -0.7971
vn 0.8472 0.1848 -0.4981
vn 0.7498 0.5860 -0.3074
vn 0.2984 -0.0175 -0.9543
vn 0.3040 -0.1537 -0.9402
vn 0.1245 -0.1914 -0.9736
vn 0.3092 -0.1729 -0.9351
vn 0.5437 -0.1781 -0.8202
vn 0.1422 -0.2638 -0.9540
vn 0.0000 -0.1726 -0.9850
vn 0.0000 -0.1281 -0.9917
vn 0.2306 -0.1338 -0.9638
vn 0.8792 -0.4764 0.0056
vn 0.9995 -0.0069 -0.0318
vn 0.7236 -0.6762 -0.1383
vn 0.5542 -0.5452 0.6289
vn 0.7465 -0.4901 0.4500
vn 0.9823 -0.1869 -0.0129
vn 0.5301 -0.8173 -0.2255
vn 0.0000 -0.9697 -0.2443
vn 0.0000 -0.5687 0.8225
vn 0.3500 -0.5578 0.7525
vn 0.3176 0.8844 -0.3420
vn 0.0000 0.9306 -0.3659
vn 0.6000 0.7507 -0.2765
vn 0.5704 0.4881 -0.6605
vn 0.2885 0.5969 -0.7486
vn 0.0000 0.6318 -0.7751
vn 0.8633 0.4762 -0.1668
vn 0.8594 0.2468 -0.4478
vn 0.2417 0.1158 -0.9634
vn 0.0000 0.1398 -0.9902
vn 0.4831 0.0387 -0.8747
vn 0.4747 -0.1250 -0.8712
vn 0.2935 -0.1626 -0.9420
vn 0.0000 -0.1299 -0.9915
vn 0.7533 -0.1281 -0.6450
vn 0.9153 -0.3913 -0.0951
vn 0.8314 -0.5496 -0.0815
vn 0.7113 -0.3706 -0.5972
vn 0.7525 -0.5017 0.4267
vn 0.5752 -0.5094 0.6400
vn 0.5749 -0.5339 0.6200
vn 0.7090 -0.6132 0.3482
vn 0.3621 -0.5399 0.7598
vn 0.0000 -0.5656 0.8247
vn 0.0000 -0.6794 0.7338
vn 0.3461 -0.6502 0.6763
vn 0.3657 -0.7315 -0.5755
vn 0.4328 -0.8997 -0.0577
vn 0.0000 -0.9999 -0.0150
vn 0.0000 -0.7708 -0.6371
vn 0.3579 -0.8856 0.2960
vn 0.0000 -0.9395 0.3426
vn -0.9918 0.1207 -0.0417
vn -0.6785 0.3284 0.6571
vn -0.6365 0.4877 0.5975
vn -0.9848 0.1677 -0.0448
vn -0.7766 -0.1716 -0.6062
vn -0.7683 -0.0885 -0.6340
vn -0.6227 -0.6353 -0.4567
vn -0.8083 -0.5888 0.0011
vn -0.6065 -0.4867 0.6287
vn -0.0683 -0.2476 -0.9664
vn -0.0707 -0.4057 -0.9113
vn 0.6735 -0.2619 -0.6913
vn 0.6731 -0.1843 -0.7162
vn 0.5011 -0.6934 -0.5178
vn -0.0735 -0.7014 -0.7090
vn 0.9869 -0.0219 -0.1596
vn 0.9846 0.0310 -0.1719
vn 0.7571 0.3963 0.5193
vn 0.7846 0.2215 0.5790
vn 0.6181 -0.5520 0.5596
vn 0.7356 -0.6719 -0.0861
vn 0.0712 0.3637 0.9288
vn 0.0738 0.5533 0.8296
vn 0.0244 -0.5237 0.8515
vn -0.0366 -0.9993 -0.0060
vn 0.6073 -0.5650 -0.5585
vn -0.1849 -0.9247 -0.3326
vn 0.0800 -0.2741 -0.9583
vn -0.7431 -0.2892 -0.6034
vn 0.6040 -0.5166 0.6069
vn 0.2754 -0.7784 0.5640
vn -0.2000 -0.6008 0.7739
vn 0.5634 -0.4751 0.6759
vn -0.2036 -0.9250 0.3207
vn -0.9343 -0.3309 0.1326
vn -0.9963 -0.0479 0.0710
vn -0.9984 0.0543 0.0108
vn -0.6990 0.0081 0.7150
vn -0.6138 -0.1532 0.7744
vn -0.8044 -0.1929 -0.5619
vn -0.8167 -0.0777 -0.5718
vn 0.4134 -0.2887 0.8636
vn 0.2423 -0.1044 0.9645
vn 0.8540 -0.1296 0.5038
vn 0.8603 -0.2874 0.4210
vn 0.0620 -0.3272 -0.9429
vn -0.0310 -0.2192 -0.9752
vn 0.7933 -0.3188 -0.5187
vn 0.7620 -0.1960 -0.6172
vn 0.9599 -0.2803 0.0054
vn 0.9911 -0.1292 -0.0326
vn -0.9984 -0.0541 -0.0164
vn -0.9910 -0.1281 -0.0390
vn -0.6637 -0.1259 0.7372
vn -0.6601 -0.0448 0.7498
vn -0.6864 0.0384 0.7262
vn -0.9982 0.0517 -0.0304
vn -0.7322 -0.0580 -0.6785
vn -0.7210 -0.1450 -0.6776
vn -0.7089 -0.1490 -0.6894
vn 0.0739 -0.0515 0.9959
vn 0.0623 -0.1208 0.9907
vn 0.7664 -0.1848 0.6152
vn 0.7735 -0.0569 0.6312
vn 0.7830 0.0875 0.6158
vn 0.0899 0.0186 0.9958
vn -0.0635 -0.2234 -0.9726
vn -0.0754 -0.1661 -0.9832
vn -0.0587 -0.1533 -0.9864
vn 0.6428 -0.0816 -0.7617
vn 0.6096 -0.1910 -0.7693
vn 0.5728 -0.2001 -0.7949
vn 0.9783 -0.0996 -0.1816
vn 0.9518 -0.2048 -0.2280
vn 0.9854 0.0565 -0.1608
vn 0.0701 0.2355 0.9693
vn 0.8606 0.0566 0.5060
vn 0.8363 0.0045 0.5481
vn 0.0651 0.0553 0.9963
vn -0.7492 0.0588 0.6597
vn -0.7749 0.1217 0.6202
vn -0.7093 0.4325 0.5566
vn 0.0718 0.5943 0.8010
vn 0.8179 0.3529 0.4544
vn 0.9480 -0.2848 -0.1419
vn 0.8441 -0.4729 -0.2527
vn 0.7339 0.0262 -0.6787
vn 0.9911 -0.0354 -0.1281
vn 0.9511 -0.2313 -0.2043
vn 0.5876 -0.7656 -0.2615
vn 0.7402 -0.6564 -0.1458
vn 0.5494 -0.2391 -0.8006
vn 0.4799 -0.8151 0.3244
vn 0.4400 -0.8116 0.3844
vn 0.4203 -0.9035 -0.0839
vn 0.3558 -0.5390 -0.7634
vn -0.9801 -0.1759 0.0920
vn -0.9936 0.0720 0.0871
vn -0.8367 0.2997 -0.4584
vn -0.9637 0.0262 0.2655
vn -0.7307 -0.6372 0.2451
vn -0.9870 -0.1603 -0.0127
vn -0.9919 -0.1012 -0.0767
vn -0.9984 0.0095 -0.0565
vn -0.7244 -0.0352 0.6884
vn -0.6951 -0.1287 0.7072
vn -0.7225 -0.0528 -0.6894
vn -0.7697 0.0954 -0.6312
vn -0.0702 -0.0300 -0.9971
vn -0.0640 0.1355 -0.9887
vn 0.5968 -0.0982 -0.7963
vn 0.6655 0.0473 -0.7449
vn 0.9482 -0.1726 -0.2666
vn 0.9694 -0.0599 -0.2380
vn 0.7905 -0.1914 0.5818
vn 0.8184 -0.0954 0.5665
vn 0.0603 -0.1259 0.9902
vn 0.0617 -0.0531 0.9967
vn 0.3186 -0.2586 -0.9119
vn 0.7649 0.0877 -0.6382
vn 0.7355 0.0333 -0.6767
vn 0.0569 -0.1586 -0.9857
vn 0.8985 -0.4186 0.1322
vn 0.9954 -0.0282 0.0915
vn 0.9566 -0.2818 -0.0736
vn 0.6155 -0.6554 0.4378
vn 0.9586 -0.2140 0.1874
vn 0.9458 0.1825 -0.2686
vn 0.9514 0.0540 -0.3031
vn -0.0455 0.0433 -0.9980
vn -0.8403 -0.0487 -0.5399
vn 0.6929 0.0568 -0.7188
vn 0.6750 0.2578 -0.6912
vn -0.1010 0.3726 -0.9225
vn -0.8595 0.1955 -0.4722
vn 0.3576 -0.6955 0.6232
vn 0.9076 -0.3752 0.1882
vn -0.5903 -0.6075 0.5314
vn -0.6055 -0.6001 0.5227
vn 0.2843 -0.7116 0.6424
vn 0.8860 -0.4078 0.2203
vn -0.9813 -0.1919 -0.0114
vn -0.9951 -0.0981 -0.0015
vn 0.9345 -0.0358 -0.3541
vn 0.9434 0.0342 -0.3297
vn 0.9636 0.1307 -0.2332
vn 0.6467 0.4627 -0.6064
vn 0.8699 -0.4001 0.2883
vn 0.8372 -0.4262 0.3427
vn 0.9785 0.0995 -0.1807
vn 0.6392 0.4198 -0.6443
vn -0.1037 0.6140 -0.7824
vn -0.8200 0.3894 -0.4194
vn -0.0682 0.4939 -0.8668
vn -0.7820 0.2829 -0.5553
vn 0.2382 -0.7395 0.6295
vn -0.6318 -0.5929 0.4992
vn -0.6425 -0.5732 0.5084
vn 0.1915 -0.7378 0.6473
vn -0.9989 -0.0253 0.0396
vn -0.9964 -0.0811 0.0233
vn -0.9803 -0.1977 -0.0007
vn -0.6624 -0.4263 0.6160
vn -0.7378 -0.0207 -0.6747
vn -0.7195 -0.2074 -0.6628
vn -0.9776 -0.2044 0.0500
vn -0.6322 -0.1839 0.7526
vn 0.9825 0.0130 -0.1856
vn 0.6436 0.1721 -0.7458
vn 0.8471 -0.3137 0.4289
vn 0.8227 -0.0948 0.5605
vn 0.9886 -0.0442 -0.1440
vn 0.6507 -0.0573 -0.7572
vn -0.0321 0.1444 -0.9890
vn -0.0189 -0.1287 -0.9915
vn 0.1826 -0.5201 0.8343
vn 0.1727 -0.1287 0.9765
vn -0.9961 -0.0051 0.0882
vn -0.7116 0.2453 0.6583
vn -0.6764 0.1283 0.7253
vn -0.9926 0.0445 0.1126
vn -0.9025 0.1553 -0.4017
vn -0.9684 -0.1385 0.2072
vn -0.7589 -0.6495 0.0467
vn -0.9998 0.0064 -0.0170
vn -0.7144 0.4302 0.5518
vn 0.9651 -0.2454 -0.0917
vn 0.8947 -0.3888 -0.2200
vn 0.7024 -0.0240 -0.7114
vn 0.9814 -0.0471 -0.1858
vn 0.8859 0.0504 0.4610
vn 0.8733 -0.0020 0.4871
vn 0.8356 0.2476 0.4904
vn 0.9742 -0.1957 -0.1119
vn 0.7154 -0.6745 -0.1820
vn 0.8398 -0.4288 -0.3329
vn 0.4298 0.0439 -0.9019
vn 0.6780 -0.7069 0.2017
vn 0.6999 -0.7108 0.0699
vn 0.4718 -0.5447 -0.6933
vn 0.1383 0.0483 -0.9892
vn 0.1779 0.1947 0.9646
vn 0.1954 0.1483 0.9694
vn 0.1335 0.4965 0.8577
vn -0.9840 -0.1531 0.0909
vn -0.6242 -0.0583 0.7791
vn -0.7504 -0.2161 -0.6246
vn -0.8088 -0.1182 -0.5761
vn -0.9880 -0.0872 0.1270
vn -0.6310 0.0119 0.7757
vn 0.9918 -0.0331 -0.1235
vn 0.6594 -0.1284 -0.7408
vn 0.8105 0.0354 0.5846
vn 0.8319 0.0912 0.5474
vn 0.9871 0.0048 -0.1599
vn 0.6578 -0.0656 -0.7503
vn -0.0317 -0.1980 -0.9796
vn -0.0724 -0.1025 -0.9921
vn 0.1671 0.0393 0.9851
vn 0.1685 0.1097 0.9796
vn -0.9954 0.0917 -0.0282
vn -0.7069 0.0584 0.7049
vn -0.7774 -0.0086 -0.6289
vn 0.1352 0.0078 0.9908
vn 0.8128 0.0613 0.5793
vn -0.0642 -0.1118 -0.9916
vn 0.6948 -0.0565 -0.7169
vn 0.9924 0.0525 -0.1109
vn 0.1677 0.9594 0.2268
vn 0.0000 0.9854 0.1700
vn 0.6372 0.7171 0.2823
vn 0.8957 0.3804 0.2302
vn 0.9963 0.0628 0.0576
vn 0.9613 -0.2551 -0.1036
vn 0.7479 -0.6616 -0.0536
vn 0.2973 -0.9530 0.0577
vn -0.0002 -0.9968 0.0800
vn 0.9765 0.0303 -0.2134
vn 0.6553 0.0244 -0.7549
vn 0.8689 0.1163 0.4811
vn -0.0546 0.2843 -0.9572
vn -0.0761 0.3188 -0.9447
vn -0.8014 0.2366 -0.5493
vn 0.7134 0.1645 -0.6812
vn 0.0646 0.0273 0.9975
vn 0.8288 -0.0003 0.5596
vn -0.7359 0.0540 0.6749
vn -0.9911 -0.0128 0.1325
vn -0.6545 0.0763 0.7522
vn -0.8559 0.0120 -0.5169
vn 0.9692 0.1944 -0.1513
vn 0.6786 -0.0267 -0.7340
vn 0.6920 -0.1252 -0.7109
vn 0.9701 0.2029 -0.1330
vn 0.7217 0.5057 0.4727
vn 0.7760 0.3875 0.4975
vn 0.7363 -0.4809 0.4760
vn 0.8175 -0.5641 -0.1159
vn 0.5719 -0.5934 -0.5664
vn -0.9940 0.1068 0.0203
vn 0.9861 0.0332 -0.1630
vn -0.1263 0.0503 -0.9907
vn -0.1901 0.2232 -0.9561
vn 0.0213 -0.9995 -0.0223
vn -0.0455 -0.6789 -0.7328
vn 0.1933 -0.5006 0.8438
vn -0.4949 -0.5297 0.6887
vn -0.7270 -0.6832 0.0688
vn -0.6090 -0.6787 -0.4104
vn -0.9987 -0.0250 0.0437
vn -0.6618 0.2336 0.7123
vn -0.6526 0.4227 0.6287
vn -0.9978 0.0662 0.0006
vn -0.7994 -0.1586 -0.5795
vn -0.8064 -0.1439 -0.5736
vn 0.1500 0.4160 0.8969
vn 0.1236 0.5876 0.7996
vn -0.0912 -0.1854 -0.9784
vn -0.0856 -0.2995 -0.9502
vn 0.1801 0.1589 0.9707
vn -0.3801 -0.9245 -0.0277
vn -0.9180 -0.2849 0.2759
vn -0.8726 0.0290 -0.4876
vn -0.3227 -0.4855 -0.8125
vn -0.0319 -0.7465 0.6646
vn -0.5498 -0.2660 0.7918
vn -0.8999 0.2325 0.3689
vn -0.5072 -0.1699 0.8448
vn -0.8161 0.3405 -0.4669
vn -0.1687 0.1942 -0.9663
vn 0.0979 -0.6765 0.7299
vn 0.0134 -0.9945 0.1032
vn -0.2904 -0.8379 -0.4622
vn -0.7911 -0.5603 0.2454
vn -0.9438 0.1091 -0.3120
vn -0.5667 0.0511 -0.8223
vn 0.2974 -0.9106 0.2868
vn -0.2235 -0.6800 0.6983
vn -0.8971 -0.1653 0.4097
vn -0.3162 -0.6210 0.7172
vn -0.9116 0.2709 -0.3092
vn -0.3504 0.3867 -0.8530
vn 0.2898 -0.7613 0.5799
vn 0.1470 -0.9841 0.0994
vn -0.9914 0.1144 -0.0637
vn -0.6165 0.6004 0.5094
vn -0.7373 -0.4435 -0.5096
vn -0.0482 -0.7203 -0.6919
vn 0.6375 -0.4454 -0.6287
vn 0.9781 0.0019 -0.2082
vn 0.7387 0.5212 0.4274
vn 0.0703 0.7090 0.7017
vn -0.9944 0.0907 -0.0535
vn -0.6595 0.5236 0.5393
vn -0.7853 -0.3341 -0.5212
vn -0.0298 -0.6825 -0.7303
vn 0.6987 -0.3771 -0.6080
vn 0.9861 0.0813 -0.1451
vn 0.7268 0.5204 0.4482
vn 0.1137 0.6769 0.7272
vn -0.1906 0.9754 0.1110
vn -0.2032 0.9587 -0.1989
vn -0.6482 0.7614 -0.0096
vn -0.5521 0.7783 0.2989
vn -0.6641 0.7243 0.1852
vn -0.4615 0.8851 0.0603
vn -0.4538 -0.4341 0.7782
vn -0.5077 -0.6696 0.5420
vn -0.5590 -0.6161 0.5549
vn -0.7062 -0.4969 0.5043
vn -0.5322 -0.3746 0.7592
vn -0.5304 -0.6076 0.5911
vn -0.6524 -0.2068 0.7291
vn -0.5935 -0.3541 0.7227
vn -0.8325 -0.2583 0.4901
vn -0.9195 0.2148 0.3291
vn -0.8639 0.1738 0.4726
vn -0.9007 0.0502 0.4316
vn -0.4784 -0.8284 0.2911
vn -0.4003 -0.8896 0.2201
vn -0.4325 -0.8455 0.3129
vn -0.5804 -0.7944 0.1788
vn -0.3638 0.8375 -0.4076
vn -0.5114 0.8117 -0.2820
vn -0.8000 0.5446 -0.2519
vn -0.7683 0.5697 -0.2917
vn -0.9837 -0.1711 0.0549
vn -0.9882 0.1517 0.0225
vn -0.9893 -0.0329 -0.1419
vn -0.9080 -0.3256 -0.2637
vn -0.7966 -0.3112 -0.5182
vn -0.9477 -0.3188 0.0116
vn -0.8540 -0.3691 0.3667
vn -0.8789 -0.2546 0.4033
vn -0.9259 0.3660 -0.0936
vn -0.9181 0.3455 -0.1943
vn -0.8800 0.4513 0.1481
vn -0.5350 0.8434 -0.0483
vn -0.3905 0.9058 0.1646
vn -0.7564 0.6289 0.1798
vn -0.8130 0.5774 -0.0751
vn -0.9319 0.3420 -0.1205
vn -0.9297 0.3550 0.0983
vn -0.9990 0.0450 -0.0020
vn -0.9983 -0.0325 -0.0485
vn -0.8923 -0.4219 0.1605
vn -0.9519 -0.3048 0.0309
vn -0.7159 -0.6851 0.1343
vn -0.6525 -0.7102 0.2643
vn -0.8288 -0.5594 -0.0115
vn -0.3152 -0.9323 0.1771
vn -0.2823 -0.9453 0.1630
vn -0.7828 0.5365 0.3152
vn -0.7959 0.5706 0.2024
vn -0.6443 0.7260 -0.2403
vn -0.7947 0.5896 -0.1442
vn -0.8380 0.3612 -0.4088
vn -0.6293 0.5248 -0.5731
vn -0.5993 -0.7428 0.2983
vn -0.6442 -0.5592 0.5217
vn -0.8563 -0.3379 0.3905
vn -0.8100 -0.5221 0.2671
vn -0.9203 -0.2655 0.2875
vn -0.9413 -0.1501 0.3022
vn -0.9911 0.0892 0.0988
vn -0.9705 0.1614 0.1787
vn -0.8722 0.4885 -0.0229
vn -0.9401 0.2801 -0.1940
vn -0.9380 -0.0783 0.3376
vn -0.8751 -0.1498 0.4600
vn -0.8980 -0.1090 0.4261
vn -0.9329 -0.0822 0.3507
vn -0.9971 -0.0385 0.0660
vn -0.9989 0.0072 0.0452
vn -0.9430 0.0915 -0.3199
vn -0.9122 0.0424 -0.4075
vn -0.7431 0.1241 -0.6575
vn -0.8006 0.1694 -0.5748
vn -0.4977 0.3424 -0.7969
vn -0.4380 0.2777 -0.8550
vn -0.7210 -0.2758 0.6356
vn -0.8103 -0.1611 0.5633
vn -0.8303 -0.2971 0.4716
vn -0.7882 -0.4485 0.4212
vn -0.8828 -0.3998 0.2466
vn -0.9072 -0.2557 0.3340
vn -0.9476 -0.1582 0.2776
vn -0.9483 -0.2365 0.2116
vn -0.9745 -0.1274 0.1845
vn -0.9703 -0.1045 0.2181
vn -0.1758 -0.8521 -0.4928
vn -0.3192 -0.9218 -0.2199
vn -0.7331 -0.6457 -0.2135
vn -0.6732 -0.6092 -0.4191
vn -0.1207 -0.5589 -0.8204
vn -0.0620 -0.6583 -0.7502
vn 0.2272 -0.9530 -0.2001
vn -0.8571 -0.4950 -0.1426
vn 0.5447 -0.6926 0.4728
vn 0.9922 -0.1170 0.0424
vn 0.8577 -0.1276 -0.4981
vn 0.0204 -0.6097 -0.7923
vn -0.0997 0.8058 -0.5837
vn -0.1195 0.9827 -0.1411
vn -0.1341 0.7419 -0.6569
vn -0.4064 0.6652 -0.6263
vn -0.5283 0.6426 -0.5549
vn -0.6279 0.7742 -0.0791
vn -0.8274 0.3801 -0.4134
vn -0.9244 0.3811 -0.0157
vn -0.6543 0.5252 -0.5441
vn -0.6985 0.2317 -0.6770
vn -0.9185 0.2585 -0.2993
vn -0.9904 0.1359 0.0263
vn -0.2579 0.8567 -0.4465
vn -0.3368 0.8980 -0.2832
vn -0.5608 0.7830 -0.2691
vn -0.4519 0.7702 -0.4501
vn -0.5961 0.6072 -0.5253
vn -0.7498 0.5860 -0.3074
vn -0.8472 0.1848 -0.4981
vn -0.5383 0.2733 -0.7971
vn -0.2984 -0.0175 -0.9543
vn -0.3040 -0.1537 -0.9402
vn -0.5437 -0.1781 -0.8202
vn -0.3092 -0.1729 -0.9351
vn -0.1245 -0.1914 -0.9736
vn -0.1422 -0.2638 -0.9540
vn -0.2306 -0.1338 -0.9638
vn -0.8792 -0.4764 0.0056
vn -0.9995 -0.0069 -0.0318
vn -0.9823 -0.1869 -0.0129
vn -0.7465 -0.4901 0.4500
vn -0.5542 -0.5452 0.6289
vn -0.7236 -0.6762 -0.1383
vn -0.5301 -0.8173 -0.2255
vn -0.3500 -0.5578 0.7525
vn -0.3176 0.8844 -0.3420
vn -0.2885 0.5969 -0.7486
vn -0.5704 0.4881 -0.6605
vn -0.6000 0.7507 -0.2765
vn -0.8633 0.4762 -0.1668
vn -0.8594 0.2468 -0.4478
vn -0.2417 0.1158 -0.9634
vn -0.2935 -0.1626 -0.9420
vn -0.4747 -0.1250 -0.8712
vn -0.4831 0.0387 -0.8747
vn -0.7533 -0.1281 -0.6450
vn -0.7113 -0.3706 -0.5972
vn -0.8314 -0.5496 -0.0815
vn -0.9153 -0.3913 -0.0950
vn -0.7525 -0.5017 0.4267
vn -0.7090 -0.6132 0.3482
vn -0.5749 -0.5339 0.6200
vn -0.5752 -0.5094 0.6400
vn -0.3621 -0.5399 0.7598
vn -0.3461 -0.6502 0.6763
vn -0.3657 -0.7315 -0.5755
vn -0.4328 -0.8997 -0.0577
vn -0.3579 -0.8856 0.2960
vn 0.9918 0.1207 -0.0417
vn 0.9848 0.1677 -0.0448
vn 0.6365 0.4877 0.5975
vn 0.6785 0.3284 0.6571
vn 0.6065 -0.4867 0.6287
vn 0.8083 -0.5888 0.0011
vn 0.6227 -0.6353 -0.4567
vn 0.7683 -0.0885 -0.6340
vn 0.7766 -0.1716 -0.6062
vn 0.0683 -0.2476 -0.9664
vn 0.0707 -0.4057 -0.9113
vn 0.0735 -0.7014 -0.7090
vn -0.5011 -0.6934 -0.5178
vn -0.6731 -0.1843 -0.7162
vn -0.6735 -0.2619 -0.6913
vn -0.9869 -0.0219 -0.1596
vn -0.9846 0.0310 -0.1719
vn -0.7356 -0.6719 -0.0861
vn -0.6181 -0.5520 0.5596
vn -0.7846 0.2215 0.5790
vn -0.7571 0.3963 0.5193
vn -0.0712 0.3637 0.9288
vn -0.0738 0.5533 0.8296
vn -0.0244 -0.5237 0.8515
vn 0.0366 -0.9993 -0.0060
vn -0.6112 -0.5657 -0.5535
vn 0.1819 -0.9255 -0.3322
vn 0.7440 -0.2889 -0.6024
vn -0.0807 -0.2753 -0.9579
vn -0.6102 -0.4996 0.6149
vn -0.5631 -0.4709 0.6791
vn 0.2018 -0.5983 0.7754
vn -0.2766 -0.7736 0.5700
vn 0.2042 -0.9242 0.3225
vn 0.9351 -0.3286 0.1322
vn 0.9963 -0.0479 0.0710
vn 0.6138 -0.1532 0.7744
vn 0.6990 0.0082 0.7150
vn 0.9984 0.0543 0.0108
vn 0.8167 -0.0777 -0.5718
vn 0.8044 -0.1929 -0.5619
vn -0.4135 -0.2887 0.8635
vn -0.8603 -0.2874 0.4209
vn -0.8540 -0.1297 0.5038
vn -0.2423 -0.1044 0.9645
vn -0.0620 -0.3272 -0.9429
vn 0.0310 -0.2192 -0.9752
vn -0.7620 -0.1960 -0.6172
vn -0.7933 -0.3188 -0.5187
vn -0.9599 -0.2803 0.0054
vn -0.9911 -0.1292 -0.0326
vn 0.9984 -0.0537 -0.0160
vn 0.6600 -0.0447 0.7500
vn 0.6637 -0.1260 0.7373
vn 0.9910 -0.1282 -0.0388
vn 0.7090 -0.1490 -0.6893
vn 0.7215 -0.1446 -0.6771
vn 0.7322 -0.0578 -0.6786
vn 0.9982 0.0520 -0.0304
vn 0.6864 0.0385 0.7262
vn -0.0740 -0.0515 0.9959
vn -0.7729 -0.0563 0.6320
vn -0.7651 -0.1846 0.6168
vn -0.0624 -0.1208 0.9907
vn -0.0900 0.0186 0.9958
vn -0.7828 0.0877 0.6160
vn 0.0652 -0.2214 -0.9730
vn 0.0769 -0.1653 -0.9832
vn -0.5729 -0.1992 -0.7950
vn -0.6096 -0.1866 -0.7704
vn -0.6424 -0.0795 -0.7622
vn 0.0594 -0.1523 -0.9865
vn -0.9789 -0.0966 -0.1799
vn -0.9527 -0.2044 -0.2248
vn -0.9854 0.0580 -0.1603
vn -0.0701 0.2355 0.9693
vn -0.0651 0.0553 0.9963
vn -0.8363 0.0045 0.5481
vn -0.8606 0.0566 0.5060
vn -0.8179 0.3529 0.4544
vn -0.0718 0.5943 0.8010
vn 0.7093 0.4325 0.5566
vn 0.7749 0.1217 0.6202
vn 0.7492 0.0588 0.6597
vn -0.9480 -0.2848 -0.1419
vn -0.9911 -0.0354 -0.1281
vn -0.7339 0.0262 -0.6787
vn -0.8441 -0.4729 -0.2527
vn -0.5876 -0.7656 -0.2615
vn -0.9511 -0.2313 -0.2043
vn -0.7402 -0.6564 -0.1458
vn -0.5494 -0.2391 -0.8006
vn -0.3558 -0.5390 -0.7634
vn -0.4203 -0.9035 -0.0839
vn -0.4400 -0.8116 0.3844
vn -0.4799 -0.8151 0.3244
vn 0.9801 -0.1759 0.0920
vn 0.9936 0.0720 0.0871
vn 0.9870 -0.1603 -0.0127
vn 0.7307 -0.6372 0.2451
vn 0.9637 0.0262 0.2655
vn 0.8367 0.2997 -0.4584
vn 0.9919 -0.1013 -0.0766
vn 0.6951 -0.1288 0.7073
vn 0.7244 -0.0352 0.6885
vn 0.9984 0.0094 -0.0565
vn 0.7697 0.0953 -0.6312
vn 0.7225 -0.0529 -0.6893
vn 0.0720 -0.0309 -0.9969
vn 0.0648 0.1350 -0.9887
vn -0.6652 0.0461 -0.7453
vn -0.5959 -0.1009 -0.7967
vn -0.9485 -0.1746 -0.2640
vn -0.9695 -0.0608 -0.2373
vn -0.8182 -0.0956 0.5669
vn -0.7895 -0.1918 0.5829
vn -0.0603 -0.1259 0.9902
vn -0.0617 -0.0531 0.9967
vn -0.3186 -0.2586 -0.9119
vn -0.0569 -0.1586 -0.9857
vn -0.7355 0.0333 -0.6767
vn -0.7649 0.0877 -0.6382
vn -0.8985 -0.4186 0.1322
vn -0.9566 -0.2820 -0.0730
vn -0.9954 -0.0282 0.0915
vn -0.9586 -0.2140 0.1874
vn -0.6155 -0.6553 0.4378
vn -0.9458 0.1825 -0.2686
vn -0.9514 0.0540 -0.3031
vn 0.0455 0.0433 -0.9980
vn 0.8403 -0.0487 -0.5399
vn 0.8595 0.1955 -0.4722
vn 0.1010 0.3726 -0.9225
vn -0.6750 0.2578 -0.6912
vn -0.6929 0.0568 -0.7188
vn -0.3576 -0.6955 0.6232
vn -0.9076 -0.3752 0.1882
vn -0.8860 -0.4078 0.2203
vn -0.2843 -0.7116 0.6424
vn 0.6055 -0.6001 0.5227
vn 0.5903 -0.6075 0.5314
vn 0.9813 -0.1919 -0.0114
vn 0.9951 -0.0981 -0.0015
vn -0.9345 -0.0358 -0.3541
vn -0.9434 0.0342 -0.3297
vn -0.9636 0.1307 -0.2332
vn -0.6467 0.4627 -0.6064
vn -0.6392 0.4198 -0.6443
vn -0.9785 0.0995 -0.1807
vn -0.8372 -0.4262 0.3427
vn -0.8699 -0.4001 0.2883
vn 0.1037 0.6140 -0.7824
vn 0.8200 0.3894 -0.4194
vn 0.7820 0.2829 -0.5553
vn 0.0682 0.4939 -0.8668
vn -0.2382 -0.7395 0.6295
vn -0.1915 -0.7378 0.6473
vn 0.6425 -0.5732 0.5084
vn 0.6318 -0.5929 0.4992
vn 0.9989 -0.0253 0.0396
vn 0.9964 -0.0811 0.0233
vn 0.9803 -0.1977 -0.0007
vn 0.6624 -0.4263 0.6160
vn 0.6322 -0.1839 0.7526
vn 0.9776 -0.2044 0.0500
vn 0.7195 -0.2074 -0.6628
vn 0.7378 -0.0207 -0.6747
vn -0.9825 0.0130 -0.1856
vn -0.6436 0.1721 -0.7458
vn -0.6507 -0.0572 -0.7572
vn -0.9886 -0.0442 -0.1440
vn -0.8227 -0.0948 0.5605
vn -0.8471 -0.3137 0.4289
vn 0.0321 0.1444 -0.9890
vn 0.0189 -0.1287 -0.9915
vn -0.1826 -0.5201 0.8343
vn -0.1727 -0.1287 0.9765
vn 0.9961 -0.0051 0.0882
vn 0.9926 0.0445 0.1126
vn 0.6764 0.1283 0.7253
vn 0.7116 0.2453 0.6583
vn 0.7144 0.4302 0.5518
vn 0.9998 0.0064 -0.0170
vn 0.7589 -0.6495 0.0467
vn 0.9684 -0.1385 0.2072
vn 0.9025 0.1553 -0.4017
vn -0.9651 -0.2454 -0.0917
vn -0.9814 -0.0471 -0.1858
vn -0.7024 -0.0240 -0.7114
vn -0.8947 -0.3888 -0.2200
vn -0.7154 -0.6745 -0.1820
vn -0.9742 -0.1957 -0.1119
vn -0.8356 0.2476 0.4904
vn -0.8733 -0.0020 0.4871
vn -0.8859 0.0504 0.4610
vn -0.8398 -0.4288 -0.3329
vn -0.4298 0.0439 -0.9019
vn -0.1383 0.0483 -0.9892
vn -0.4718 -0.5447 -0.6933
vn -0.6999 -0.7108 0.0699
vn -0.6779 -0.7069 0.2017
vn -0.1779 0.1947 0.9646
vn -0.1954 0.1483 0.9694
vn -0.1335 0.4965 0.8577
vn 0.9840 -0.1531 0.0909
vn 0.6242 -0.0583 0.7791
vn 0.6310 0.0119 0.7757
vn 0.9880 -0.0872 0.1270
vn 0.8088 -0.1182 -0.5761
vn 0.7504 -0.2161 -0.6246
vn -0.9918 -0.0331 -0.1235
vn -0.6594 -0.1284 -0.7408
vn -0.6578 -0.0656 -0.7503
vn -0.9871 0.0048 -0.1599
vn -0.8319 0.0912 0.5474
vn -0.8105 0.0354 0.5846
vn 0.0317 -0.1980 -0.9796
vn 0.0724 -0.1025 -0.9921
vn -0.1671 0.0393 0.9851
vn -0.1685 0.1097 0.9796
vn 0.9954 0.0917 -0.0282
vn 0.7069 0.0584 0.7049
vn 0.7774 -0.0086 -0.6289
vn -0.1352 0.0078 0.9908
vn -0.8128 0.0613 0.5793
vn 0.0643 -0.1118 -0.9916
vn -0.6948 -0.0565 -0.7169
vn -0.9924 0.0525 -0.1109
vn -0.1677 0.9594 0.2268
vn -0.6372 0.7171 0.2823
vn -0.8957 0.3804 0.2302
vn -0.9963 0.0627 0.0576
vn -0.9611 -0.2558 -0.1036
vn -0.7472 -0.6624 -0.0536
vn -0.2971 -0.9531 0.0580
vn -0.9765 0.0303 -0.2134
vn -0.6553 0.0244 -0.7549
vn -0.8689 0.1163 0.4811
vn 0.0546 0.2843 -0.9572
vn 0.8014 0.2366 -0.5493
vn 0.0761 0.3188 -0.9447
vn -0.7134 0.1645 -0.6812
vn -0.0646 0.0273 0.9975
vn -0.8288 -0.0003 0.5596
vn 0.7359 0.0540 0.6749
vn 0.9911 -0.0128 0.1325
vn 0.6545 0.0763 0.7522
vn 0.8560 0.0120 -0.5169
vn -0.9692 0.1944 -0.1513
vn -0.9701 0.2029 -0.1330
vn -0.6920 -0.1252 -0.7109
vn -0.6786 -0.0267 -0.7340
vn -0.5719 -0.5934 -0.5664
vn -0.8175 -0.5641 -0.1159
vn -0.7363 -0.4809 0.4760
vn -0.7760 0.3875 0.4975
vn -0.7217 0.5057 0.4727
vn 0.9940 0.1068 0.0203
vn -0.9861 0.0332 -0.1630
vn 0.1263 0.0503 -0.9907
vn 0.1901 0.2232 -0.9561
vn -0.0213 -0.9995 -0.0223
vn 0.0455 -0.6789 -0.7328
vn 0.6090 -0.6787 -0.4104
vn 0.7270 -0.6832 0.0688
vn 0.4949 -0.5297 0.6887
vn -0.1933 -0.5006 0.8438
vn 0.9987 -0.0250 0.0437
vn 0.9978 0.0662 0.0006
vn 0.6526 0.4227 0.6287
vn 0.6618 0.2336 0.7123
vn 0.8064 -0.1439 -0.5736
vn 0.7994 -0.1586 -0.5795
vn -0.1500 0.4160 0.8969
vn -0.1236 0.5876 0.7996
vn 0.0912 -0.1854 -0.9784
vn 0.0856 -0.2995 -0.9502
vn -0.1801 0.1589 0.9707
vn 0.3801 -0.9245 -0.0277
vn 0.3227 -0.4855 -0.8125
vn 0.8726 0.0290 -0.4876
vn 0.9180 -0.2849 0.2759
vn 0.5498 -0.2660 0.7918
vn 0.0319 -0.7465 0.6646
vn 0.8999 0.2325 0.3689
vn 0.5072 -0.1699 0.8448
vn 0.8161 0.3405 -0.4669
vn 0.1687 0.1942 -0.9663
vn -0.0979 -0.6765 0.7299
vn -0.0134 -0.9945 0.1032
vn 0.2904 -0.8379 -0.4622
vn 0.5667 0.0511 -0.8223
vn 0.9438 0.1091 -0.3120
vn 0.7911 -0.5603 0.2454
vn 0.2235 -0.6800 0.6983
vn -0.2974 -0.9106 0.2868
vn 0.8971 -0.1653 0.4097
vn 0.3162 -0.6210 0.7172
vn 0.9116 0.2709 -0.3092
vn 0.3504 0.3868 -0.8530
vn -0.2898 -0.7613 0.5799
vn -0.1470 -0.9841 0.0994
vn 0.9914 0.1144 -0.0637
vn 0.6165 0.6004 0.5094
vn 0.7373 -0.4435 -0.5096
vn 0.0482 -0.7203 -0.6919
vn -0.6375 -0.4454 -0.6287
vn -0.9781 0.0019 -0.2082
vn -0.7387 0.5212 0.4274
vn -0.0703 0.7090 0.7017
vn 0.9944 0.0907 -0.0535
vn 0.6595 0.5236 0.5393
vn 0.7853 -0.3341 -0.5212
vn 0.0298 -0.6825 -0.7303
vn -0.6987 -0.3771 -0.6080
vn -0.9861 0.0813 -0.1451
vn -0.7268 0.5204 0.4482
vn -0.1137 0.6769 0.7272
usemtl Body
s 1
f 1519/1953/1519 1797/1954/1520 2273/1955/1521 1779/1956/1522
f 1519/1953/1519 1779/1956/1522 2392/1957/1523 1796/1958/1524
f 1519/1953/1519 1796/1958/1524 2383/1959/1525 1767/1960/1526
f 1519/1953/1519 1767/1960/1526 2268/1961/1527 1797/1954/1520
f 1520/1962/1528 1795/1963/1529 2388/1964/1530 1776/1965/1531
f 1520/1962/1528 1776/1965/1531 2271/1966/1532 1794/1967/1533
f 1520/1962/1528 1794/1967/1533 2270/1968/1534 1770/1969/1535
f 1520/1962/1528 1770/1969/1535 2387/1970/1536 1795/1963/1529
f 1521/1971/1537 1794/1967/1533 2271/1966/1532 1777/1972/1538
f 1521/1971/1537 1777/1972/1538 2272/1973/1539 1793/1974/1540
f 1521/1971/1537 1793/1974/1540 2269/1975/1541 1769/1976/1542
f 1521/1971/1537 1769/1976/1542 2270/1968/1534 1794/1967/1533
f 1522/1977/1543 1775/1978/1544 2402/1979/1545 1791/1980/1546
f 1522/1977/1543 1791/1980/1546 2279/1981/1547 1771/1982/1548
f 1522/1977/1543 1771/1982/1548 2271/1966/1532 1776/1965/1531
f 1522/1977/1543 1776/1965/1531 2388/1964/1530 1775/1978/1544
f 1523/1983/1549 1773/1984/1550 2275/1985/1551 1781/1986/1552
f 1523/1983/1549 1781/1986/1552 2394/1987/1553 1774/1988/1554
f 1523/1983/1549 1774/1988/1554 2392/1957/1523 1779/1956/1522
f 1523/1983/1549 1779/1956/1522 2273/1955/1521 1773/1984/1550
f 1524/1989/1555 1877/1990/1556 2277/1991/1557 1772/1992/1558
f 1524/1989/1555 1772/1992/1558 2272/1993/1539 1876/1994/1559
f 1524/1989/1555 1876/1994/1559 2309/1995/1560 1873/1996/1561
f 1524/1989/1555 1873/1996/1561 2310/1997/1562 1877/1990/1556
f 1525/1998/1563 1772/1999/1558 2277/2000/1557 1785/2001/1564
f 1525/1998/1563 1785/2001/1564 2275/1985/1551 1773/1984/1550
f 1525/1998/1563 1773/1984/1550 2273/1955/1521 1778/2002/1565
f 1525/1998/1563 1778/2002/1565 2272/1973/1539 1772/1999/1558
f 1526/2003/1566 1969/2004/1567 2489/2005/1568 1782/2006/1569
f 1526/2003/1566 1782/2006/1569 2394/1987/1553 1781/1986/1552
f 1526/2003/1566 1781/1986/1552 2275/1985/1551 1965/2007/1570
f 1526/2003/1566 1965/2007/1570 2352/2008/1571 1969/2004/1567
f 1527/2009/1572 1970/2010/1573 2352/2008/1571 1965/2007/1570
f 1527/2009/1572 1965/2007/1570 2275/1985/1551 1785/2001/1564
f 1527/2009/1572 1785/2001/1564 2277/2000/1557 1966/2011/1574
f 1527/2009/1572 1966/2011/1574 2353/2012/1575 1970/2010/1573
f 1528/2013/1576 1971/2014/1577 2353/2012/1575 1966/2011/1574
f 1528/2013/1576 1966/2011/1574 2277/2000/1557 1788/2015/1578
f 1528/2013/1576 1788/2015/1578 2279/1981/1547 1967/2016/1579
f 1528/2013/1576 1967/2016/1579 2354/2017/1580 1971/2014/1577
f 1529/2018/1581 1972/2019/1582 2354/2017/1580 1967/2016/1579
f 1529/2018/1581 1967/2016/1579 2279/1981/1547 1791/1980/1546
f 1529/2018/1581 1791/1980/1546 2402/1979/1545 1968/2020/1583
f 1529/2018/1581 1968/2020/1583 2493/2021/1584 1972/2019/1582
f 1530/2022/1585 1793/1974/1540 2272/1973/1539 1778/2002/1565
f 1530/2022/1585 1778/2002/1565 2273/1955/1521 1797/1954/1520
f 1530/2022/1585 1797/1954/1520 2268/1961/1527 1768/2023/1586
f 1530/2022/1585 1768/2023/1586 2269/1975/1541 1793/1974/1540
f 1531/2024/1587 1804/2025/1588 2268/1961/1527 1767/1960/1526
f 1531/2024/1587 1767/1960/1526 2383/1959/1525 1803/2026/1589
f 1531/2024/1587 1803/2026/1589 2403/2027/1590 1798/2028/1591
f 1531/2024/1587 1798/2028/1591 2280/2029/1592 1804/2025/1588
f 1532/2030/1593 1802/2031/1594 2387/1970/1536 1770/1969/1535
f 1532/2030/1593 1770/1969/1535 2270/1968/1534 1805/2032/1595
f 1532/2030/1593 1805/2032/1595 2282/2033/1596 1801/2034/1597
f 1532/2030/1593 1801/2034/1597 2407/2035/1598 1802/2031/1594
f 1533/2036/1599 1805/2032/1595 2270/1968/1534 1769/1976/1542
f 1533/2036/1599 1769/1976/1542 2269/1975/1541 1806/2037/1600
f 1533/2036/1599 1806/2037/1600 2281/2038/1601 1800/2039/1602
f 1533/2036/1599 1800/2039/1602 2282/2033/1596 1805/2032/1595
f 1534/2040/1603 1806/2037/1600 2269/1975/1541 1768/2023/1586
f 1534/2040/1603 1768/2023/1586 2268/1961/1527 1804/2025/1588
f 1534/2040/1603 1804/2025/1588 2280/2029/1592 1799/2041/1604
f 1534/2040/1603 1799/2041/1604 2281/2038/1601 1806/2037/1600
f 1535/2042/1605 1812/2043/1606 2282/2033/1596 1800/2039/1602
f 1535/2042/1605 1800/2039/1602 2281/2038/1601 1811/2044/1607
f 1535/2042/1605 1811/2044/1607 2284/2045/1608 1809/2046/1609
f 1535/2042/1605 1809/2046/1609 2285/2047/1610 1812/2043/1606
f 1536/2048/1611 1811/2044/1607 2281/2038/1601 1799/2041/1604
f 1536/2048/1611 1799/2041/1604 2280/2029/1592 1813/2049/1612
f 1536/2048/1611 1813/2049/1612 2283/2050/1613 1808/2051/1614
f 1536/2048/1611 1808/2051/1614 2284/2045/1608 1811/2044/1607
f 1537/2052/1615 1813/2049/1612 2280/2029/1592 1798/2028/1591
f 1537/2052/1615 1798/2028/1591 2403/2027/1590 1815/2053/1616
f 1537/2052/1615 1815/2053/1616 2408/2054/1617 1807/2055/1618
f 1537/2052/1615 1807/2055/1618 2283/2050/1613 1813/2049/1612
f 1538/2056/1619 1814/2057/1620 2407/2035/1598 1801/2034/1597
f 1538/2056/1619 1801/2034/1597 2282/2033/1596 1812/2043/1606
f 1538/2056/1619 1812/2043/1606 2285/2047/1610 1810/2058/1621
f 1538/2056/1619 1810/2058/1621 2412/2059/1622 1814/2057/1620
f 1539/2060/1623 1819/2061/1624 2412/2059/1622 1810/2058/1621
f 1539/2060/1623 1810/2058/1621 2285/2047/1610 1818/2062/1625
f 1539/2060/1623 1818/2062/1625 2287/2063/1626 1817/2064/1627
f 1539/2060/1623 1817/2064/1627 2415/2065/1628 1819/2061/1624
f 1540/2066/1629 1818/2062/1625 2285/2047/1610 1809/2046/1609
f 1540/2066/1629 1809/2046/1609 2284/2045/1608 1820/2067/1630
f 1540/2066/1629 1820/2067/1630 2286/2068/1631 1816/2069/1632
f 1540/2066/1629 1816/2069/1632 2287/2063/1626 1818/2062/1625
f 1541/2070/1633 1826/2071/1634 2278/2072/1635 1790/2073/1636
f 1541/2070/1633 1790/2073/1636 2401/2074/1637 1825/2075/1638
f 1541/2070/1633 1825/2075/1638 2420/2076/1639 1824/2077/1640
f 1541/2070/1633 1824/2077/1640 2290/2078/1641 1826/2071/1634
f 1542/2079/1642 1909/2080/1643 2278/2081/1635 1826/2082/1634
f 1542/2079/1642 1826/2082/1634 2290/2083/1641 1910/2084/1644
f 1542/2079/1642 1910/2084/1644 2324/2085/1645 1915/2086/1646
f 1542/2079/1642 1915/2086/1646 2326/2087/1647 1909/2080/1643
f 1543/2088/1648 1829/2089/1649 2393/2090/1650 1780/2091/1651
f 1543/2088/1648 1780/2091/1651 2274/2092/1652 1828/2093/1653
f 1543/2088/1648 1828/2093/1653 2288/2094/1654 1821/2095/1655
f 1543/2088/1648 1821/2095/1655 2416/2096/1656 1829/2089/1649
f 1544/2097/1657 1828/2093/1653 2274/2092/1652 1784/2098/1658
f 1544/2097/1657 1784/2098/1658 2276/2099/1659 1827/2100/1660
f 1544/2097/1657 1827/2100/1660 2289/2101/1661 1822/2102/1662
f 1544/2097/1657 1822/2102/1662 2288/2094/1654 1828/2093/1653
f 1545/2103/1663 1835/2104/1664 2416/2096/1656 1821/2095/1655
f 1545/2103/1663 1821/2095/1655 2288/2094/1654 1834/2105/1665
f 1545/2103/1663 1834/2105/1665 2291/2106/1666 1830/2107/1667
f 1545/2103/1663 1830/2107/1667 2421/2108/1668 1835/2104/1664
f 1546/2109/1669 1834/2105/1665 2288/2094/1654 1822/2102/1662
f 1546/2109/1669 1822/2102/1662 2289/2101/1661 1836/2110/1670
f 1546/2109/1669 1836/2110/1670 2292/2111/1671 1831/2112/1672
f 1546/2109/1669 1831/2112/1672 2291/2106/1666 1834/2105/1665
f 1547/2113/1673 1836/2110/1670 2289/2101/1661 1823/2114/1674
f 1547/2113/1673 1823/2114/1674 2290/2078/1641 1837/2115/1675
f 1547/2113/1673 1837/2115/1675 2293/2116/1676 1832/2117/1677
f 1547/2113/1673 1832/2117/1677 2292/2111/1671 1836/2110/1670
f 1548/2118/1678 1837/2115/1675 2290/2078/1641 1824/2077/1640
f 1548/2118/1678 1824/2077/1640 2420/2076/1639 1838/2119/1679
f 1548/2118/1678 1838/2119/1679 2425/2120/1680 1833/2121/1681
f 1548/2118/1678 1833/2121/1681 2293/2116/1676 1837/2115/1675
f 1549/2122/1682 1844/2123/1683 2292/2124/1671 1832/2125/1677
f 1549/2122/1682 1832/2125/1677 2293/2126/1676 1843/2127/1684
f 1549/2122/1682 1843/2127/1684 2296/2128/1685 1841/2129/1686
f 1549/2122/1682 1841/2129/1686 2295/2130/1687 1844/2123/1683
f 1550/2131/1688 1843/2127/1684 2293/2126/1676 1833/2132/1681
f 1550/2131/1688 1833/2132/1681 2425/2133/1680 1845/2134/1689
f 1550/2131/1688 1845/2134/1689 2430/2135/1690 1842/2136/1691
f 1550/2131/1688 1842/2136/1691 2296/2128/1685 1843/2127/1684
f 1551/2137/1692 1847/2138/1693 2421/2108/1668 1830/2107/1667
f 1551/2137/1692 1830/2107/1667 2291/2106/1666 1846/2139/1694
f 1551/2137/1692 1846/2139/1694 2294/2140/1695 1839/2141/1696
f 1551/2137/1692 1839/2141/1696 2426/2142/1697 1847/2138/1693
f 1552/2143/1698 1846/2139/1694 2291/2106/1666 1831/2112/1672
f 1552/2143/1698 1831/2112/1672 2292/2111/1671 1844/2144/1683
f 1552/2143/1698 1844/2144/1683 2295/2145/1687 1840/2146/1699
f 1552/2143/1698 1840/2146/1699 2294/2140/1695 1846/2139/1694
f 1553/2147/1700 1853/2148/1701 2426/2142/1697 1839/2141/1696
f 1553/2147/1700 1839/2141/1696 2294/2140/1695 1852/2149/1702
f 1553/2147/1700 1852/2149/1702 2297/2150/1703 1848/2151/1704
f 1553/2147/1700 1848/2151/1704 2431/2152/1705 1853/2148/1701
f 1554/2153/1706 1852/2149/1702 2294/2140/1695 1840/2146/1699
f 1554/2153/1706 1840/2146/1699 2295/2145/1687 1854/2154/1707
f 1554/2153/1706 1854/2154/1707 2298/2155/1708 1849/2156/1709
f 1554/2153/1706 1849/2156/1709 2297/2150/1703 1852/2149/1702
f 1555/2157/1710 1854/2158/1707 2295/2130/1687 1841/2129/1686
f 1555/2157/1710 1841/2129/1686 2296/2128/1685 1855/2159/1711
f 1555/2157/1710 1855/2159/1711 2299/2160/1712 1850/2161/1713
f 1555/2157/1710 1850/2161/1713 2298/2162/1708 1854/2158/1707
f 1556/2163/1714 1855/2159/1711 2296/2128/1685 1842/2136/1691
f 1556/2163/1714 1842/2136/1691 2430/2135/1690 1856/2164/1715
f 1556/2163/1714 1856/2164/1715 2435/2165/1716 1851/2166/1717
f 1556/2163/1714 1851/2166/1717 2299/2160/1712 1855/2159/1711
f 1557/2167/1718 1859/2168/1719 2436/2169/1720 1858/2170/1721
f 1557/2167/1718 1858/2170/1721 2431/2152/1705 1848/2151/1704
f 1557/2167/1718 1848/2151/1704 2297/2150/1703 1849/2156/1709
f 1557/2167/1718 1849/2156/1709 2298/2155/1708 1859/2168/1719
f 1558/2171/1722 1857/2172/1723 2436/2169/1720 1859/2168/1719
f 1558/2171/1722 1859/2168/1719 2298/2155/1708 1850/2173/1713
f 1558/2171/1722 1850/2173/1713 2299/2160/1712 1851/2166/1717
f 1558/2171/1722 1851/2166/1717 2435/2165/1716 1857/2172/1723
f 1559/2174/1724 1901/2175/1725 2378/2176/1726 2017/2177/1727
f 1559/2174/1724 2017/2177/1727 2375/2178/1728 1861/2179/1729
f 1559/2174/1724 1861/2179/1729 2301/2180/1730 1862/2181/1731
f 1559/2174/1724 1862/2181/1731 2300/2182/1732 1901/2175/1725
f 1560/2183/1733 1861/2184/1729 2375/2185/1728 2018/2186/1734
f 1560/2183/1733 2018/2186/1734 2376/2187/1735 1865/2188/1736
f 1560/2183/1733 1865/2188/1736 2302/2189/1737 1866/2190/1738
f 1560/2183/1733 1866/2190/1738 2301/2191/1730 1861/2184/1729
f 1561/2192/1739 1865/2188/1736 2376/2187/1735 2019/2193/1740
f 1561/2192/1739 2019/2193/1740 2377/2194/1741 1868/2195/1742
f 1561/2192/1739 1868/2195/1742 2303/2196/1743 1869/2197/1744
f 1561/2192/1739 1869/2197/1744 2302/2189/1737 1865/2188/1736
f 1562/2198/1745 1868/2195/1742 2377/2194/1741 2020/2199/1746
f 1562/2198/1745 2020/2199/1746 2378/2176/1726 1901/2175/1725
f 1562/2198/1745 1901/2175/1725 2300/2182/1732 1871/2200/1747
f 1562/2198/1745 1871/2200/1747 2303/2196/1743 1868/2195/1742
f 1563/2201/1748 1871/2200/1747 2300/2182/1732 1862/2202/1731
f 1563/2201/1748 1862/2202/1731 2301/2203/1730 1866/2204/1738
f 1563/2201/1748 1866/2204/1738 2302/2205/1737 1869/2206/1744
f 1563/2201/1748 1869/2206/1744 2303/2196/1743 1871/2200/1747
f 1564/2207/1749 1878/2208/1750 2279/2209/1547 1788/2210/1578
f 1564/2207/1749 1788/2210/1578 2277/1991/1557 1877/1990/1556
f 1564/2207/1749 1877/1990/1556 2310/1997/1562 1875/2211/1751
f 1564/2207/1749 1875/2211/1751 2311/2212/1752 1878/2208/1750
f 1565/2213/1753 1876/1994/1559 2272/1993/1539 1777/2214/1538
f 1565/2213/1753 1777/2214/1538 2271/2215/1532 1879/2216/1754
f 1565/2213/1753 1879/2216/1754 2308/2217/1755 1874/2218/1756
f 1565/2213/1753 1874/2218/1756 2309/1995/1560 1876/1994/1559
f 1566/2219/1757 1879/2216/1754 2271/2215/1532 1771/2220/1548
f 1566/2219/1757 1771/2220/1548 2279/2221/1547 1878/2222/1750
f 1566/2219/1757 1878/2222/1750 2311/2223/1752 1872/2224/1758
f 1566/2219/1757 1872/2224/1758 2308/2217/1755 1879/2216/1754
f 1567/2225/1759 1960/2226/1760 2348/2227/1761 1880/2228/1762
f 1567/2225/1759 1880/2228/1762 2308/2217/1755 1872/2224/1758
f 1567/2225/1759 1872/2224/1758 2311/2223/1752 1881/2229/1763
f 1567/2225/1759 1881/2229/1763 2349/2230/1764 1960/2226/1760
f 1568/2231/1765 1961/2232/1766 2350/2233/1767 1882/2234/1768
f 1568/2231/1765 1882/2234/1768 2309/1995/1560 1874/2218/1756
f 1568/2231/1765 1874/2218/1756 2308/2217/1755 1880/2228/1762
f 1568/2231/1765 1880/2228/1762 2348/2227/1761 1961/2232/1766
f 1569/2235/1769 1962/2236/1770 2349/2237/1764 1881/2238/1763
f 1569/2235/1769 1881/2238/1763 2311/2212/1752 1875/2211/1751
f 1569/2235/1769 1875/2211/1751 2310/1997/1562 1883/2239/1771
f 1569/2235/1769 1883/2239/1771 2351/2240/1772 1962/2236/1770
f 1570/2241/1773 1963/2242/1774 2351/2240/1772 1883/2239/1771
f 1570/2241/1773 1883/2239/1771 2310/1997/1562 1873/1996/1561
f 1570/2241/1773 1873/1996/1561 2309/1995/1560 1882/2234/1768
f 1570/2241/1773 1882/2234/1768 2350/2233/1767 1963/2242/1774
f 1571/2243/1775 1860/2244/1776 2304/2245/1777 1884/2246/1778
f 1571/2243/1775 1884/2246/1778 2312/2247/1779 1888/2248/1780
f 1571/2243/1775 1888/2248/1780 2313/2249/1781 1885/2250/1782
f 1571/2243/1775 1885/2250/1782 2305/2251/1783 1860/2244/1776
f 1572/2252/1784 1870/2253/1785 2307/2254/1786 1886/2255/1787
f 1572/2252/1784 1886/2255/1787 2314/2256/1788 1889/2257/1789
f 1572/2252/1784 1889/2257/1789 2312/2247/1779 1884/2246/1778
f 1572/2252/1784 1884/2246/1778 2304/2245/1777 1870/2253/1785
f 1573/2258/1790 1864/2259/1791 2305/2260/1783 1885/2261/1782
f 1573/2258/1790 1885/2261/1782 2313/2262/1781 1890/2263/1792
f 1573/2258/1790 1890/2263/1792 2315/2264/1793 1887/2265/1794
f 1573/2258/1790 1887/2265/1794 2306/2266/1795 1864/2259/1791
f 1574/2267/1796 1867/2268/1797 2306/2266/1795 1887/2265/1794
f 1574/2267/1796 1887/2265/1794 2315/2264/1793 1891/2269/1798
f 1574/2267/1796 1891/2269/1798 2314/2256/1788 1886/2255/1787
f 1574/2267/1796 1886/2255/1787 2307/2254/1786 1867/2268/1797
f 1575/2270/1799 1900/2271/1800 2320/2272/1801 1892/2273/1802
f 1575/2270/1799 1892/2273/1802 2322/2274/1803 1899/2275/1804
f 1575/2270/1799 1899/2275/1804 2316/2276/1805 1863/2277/1806
f 1575/2270/1799 1863/2277/1806 2317/2278/1807 1900/2271/1800
f 1576/2279/1808 1902/2280/1809 2321/2281/1810 1895/2282/1811
f 1576/2279/1808 1895/2282/1811 2320/2272/1801 1900/2271/1800
f 1576/2279/1808 1900/2271/1800 2317/2278/1807 1896/2283/1812
f 1576/2279/1808 1896/2283/1812 2318/2284/1813 1902/2280/1809
f 1577/2285/1814 2002/2286/1815 2321/2287/1810 1902/2288/1809
f 1577/2285/1814 1902/2288/1809 2318/2289/1813 2001/2290/1816
f 1577/2285/1814 2001/2290/1816 2367/2291/1817 1999/2292/1818
f 1577/2285/1814 1999/2292/1818 2369/2293/1819 2002/2286/1815
f 1578/2294/1820 1899/2275/1804 2322/2274/1803 1894/2295/1821
f 1578/2294/1820 1894/2295/1821 2323/2296/1822 1903/2297/1823
f 1578/2294/1820 1903/2297/1823 2319/2298/1824 1898/2299/1825
f 1578/2294/1820 1898/2299/1825 2316/2276/1805 1899/2275/1804
f 1579/2300/1826 1979/2301/1827 2364/2302/1828 1984/2303/1829
f 1579/2300/1826 1984/2303/1829 2304/2245/1777 1860/2244/1776
f 1579/2300/1826 1860/2244/1776 2305/2251/1783 1983/2304/1830
f 1579/2300/1826 1983/2304/1830 2366/2305/1831 1979/2301/1827
f 1580/2306/1832 1978/2307/1833 2366/2308/1831 1983/2309/1830
f 1580/2306/1832 1983/2309/1830 2305/2260/1783 1864/2259/1791
f 1580/2306/1832 1864/2259/1791 2306/2266/1795 1982/2310/1834
f 1580/2306/1832 1982/2310/1834 2365/2311/1835 1978/2307/1833
f 1581/2312/1836 1980/2313/1837 2365/2311/1835 1982/2310/1834
f 1581/2312/1836 1982/2310/1834 2306/2266/1795 1867/2268/1797
f 1581/2312/1836 1867/2268/1797 2307/2254/1786 1981/2314/1838
f 1581/2312/1836 1981/2314/1838 2363/2315/1839 1980/2313/1837
f 1582/2316/1840 1977/2317/1841 2363/2315/1839 1981/2314/1838
f 1582/2316/1840 1981/2314/1838 2307/2254/1786 1870/2253/1785
f 1582/2316/1840 1870/2253/1785 2304/2245/1777 1984/2303/1829
f 1582/2316/1840 1984/2303/1829 2364/2302/1828 1977/2317/1841
f 1583/2318/1842 1910/2084/1644 2290/2083/1641 1823/2319/1674
f 1583/2318/1842 1823/2319/1674 2289/2320/1661 1911/2321/1843
f 1583/2318/1842 1911/2321/1843 2325/2322/1844 1913/2323/1845
f 1583/2318/1842 1913/2323/1845 2324/2085/1645 1910/2084/1644
f 1584/2324/1846 1908/2325/1847 2276/2326/1659 1787/2327/1848
f 1584/2324/1846 1787/2327/1848 2278/2328/1635 1909/2329/1643
f 1584/2324/1846 1909/2329/1643 2326/2330/1647 1914/2331/1849
f 1584/2324/1846 1914/2331/1849 2327/2332/1850 1908/2325/1847
f 1585/2333/1851 1911/2321/1843 2289/2320/1661 1827/2334/1660
f 1585/2333/1851 1827/2334/1660 2276/2326/1659 1908/2325/1847
f 1585/2333/1851 1908/2325/1847 2327/2332/1850 1912/2335/1852
f 1585/2333/1851 1912/2335/1852 2325/2322/1844 1911/2321/1843
f 1586/2336/1853 1921/2337/1854 2324/2085/1645 1913/2323/1845
f 1586/2336/1853 1913/2323/1845 2325/2322/1844 1920/2338/1855
f 1586/2336/1853 1920/2338/1855 2329/2339/1856 1917/2340/1857
f 1586/2336/1853 1917/2340/1857 2328/2341/1858 1921/2337/1854
f 1587/2342/1859 1923/2343/1860 2327/2332/1850 1914/2331/1849
f 1587/2342/1859 1914/2331/1849 2326/2330/1647 1922/2344/1861
f 1587/2342/1859 1922/2344/1861 2330/2345/1862 1918/2346/1863
f 1587/2342/1859 1918/2346/1863 2331/2347/1864 1923/2343/1860
f 1588/2348/1865 1922/2349/1861 2326/2087/1647 1915/2086/1646
f 1588/2348/1865 1915/2086/1646 2324/2085/1645 1921/2337/1854
f 1588/2348/1865 1921/2337/1854 2328/2341/1858 1919/2350/1866
f 1588/2348/1865 1919/2350/1866 2330/2351/1862 1922/2349/1861
f 1589/2352/1867 1920/2338/1855 2325/2322/1844 1912/2335/1852
f 1589/2352/1867 1912/2335/1852 2327/2332/1850 1923/2343/1860
f 1589/2352/1867 1923/2343/1860 2331/2347/1864 1916/2353/1868
f 1589/2352/1867 1916/2353/1868 2329/2339/1856 1920/2338/1855
f 1590/2354/1869 1929/2355/1870 2329/2339/1856 1916/2353/1868
f 1590/2354/1869 1916/2353/1868 2331/2347/1864 1928/2356/1871
f 1590/2354/1869 1928/2356/1871 2335/2357/1872 1924/2358/1873
f 1590/2354/1869 1924/2358/1873 2333/2359/1874 1929/2355/1870
f 1591/2360/1875 1930/2361/1876 2328/2341/1858 1917/2340/1857
f 1591/2360/1875 1917/2340/1857 2329/2339/1856 1929/2355/1870
f 1591/2360/1875 1929/2355/1870 2333/2359/1874 1925/2362/1877
f 1591/2360/1875 1925/2362/1877 2332/2363/1878 1930/2361/1876
f 1592/2364/1879 1928/2356/1871 2331/2347/1864 1918/2346/1863
f 1592/2364/1879 1918/2346/1863 2330/2345/1862 1931/2365/1880
f 1592/2364/1879 1931/2365/1880 2334/2366/1881 1926/2367/1882
f 1592/2364/1879 1926/2367/1882 2335/2357/1872 1928/2356/1871
f 1593/2368/1883 1931/2369/1880 2330/2351/1862 1919/2350/1866
f 1593/2368/1883 1919/2350/1866 2328/2341/1858 1930/2361/1876
f 1593/2368/1883 1930/2361/1876 2332/2363/1878 1927/2370/1884
f 1593/2368/1883 1927/2370/1884 2334/2371/1881 1931/2369/1880
f 1594/2372/1885 1937/2373/1886 2334/2371/1881 1927/2370/1884
f 1594/2372/1885 1927/2370/1884 2332/2363/1878 1936/2374/1887
f 1594/2372/1885 1936/2374/1887 2336/2375/1888 1935/2376/1889
f 1594/2372/1885 1935/2376/1889 2338/2377/1890 1937/2373/1886
f 1595/2378/1891 1939/2379/1892 2333/2359/1874 1924/2358/1873
f 1595/2378/1891 1924/2358/1873 2335/2357/1872 1938/2380/1893
f 1595/2378/1891 1938/2380/1893 2339/2381/1894 1932/2382/1895
f 1595/2378/1891 1932/2382/1895 2337/2383/1896 1939/2379/1892
f 1596/2384/1897 1936/2374/1887 2332/2363/1878 1925/2362/1877
f 1596/2384/1897 1925/2362/1877 2333/2359/1874 1939/2379/1892
f 1596/2384/1897 1939/2379/1892 2337/2383/1896 1933/2385/1898
f 1596/2384/1897 1933/2385/1898 2336/2375/1888 1936/2374/1887
f 1597/2386/1899 1938/2380/1893 2335/2357/1872 1926/2367/1882
f 1597/2386/1899 1926/2367/1882 2334/2366/1881 1937/2387/1886
f 1597/2386/1899 1937/2387/1886 2338/2388/1890 1934/2389/1900
f 1597/2386/1899 1934/2389/1900 2339/2381/1894 1938/2380/1893
f 1598/2390/1901 1949/2391/1902 2357/2392/1903 1991/2393/1904
f 1598/2390/1901 1991/2393/1904 2355/2394/1905 1944/2395/1906
f 1598/2390/1901 1944/2395/1906 2340/2396/1907 1943/2397/1908
f 1598/2390/1901 1943/2397/1908 2342/2398/1909 1949/2391/1902
f 1599/2399/1910 1951/2400/1911 2358/2401/1912 1990/2402/1913
f 1599/2399/1910 1990/2402/1913 2356/2403/1914 1946/2404/1915
f 1599/2399/1910 1946/2404/1915 2343/2405/1916 1940/2406/1917
f 1599/2399/1910 1940/2406/1917 2341/2407/1918 1951/2400/1911
f 1600/2408/1919 2010/2409/1920 2358/2410/1912 1951/2411/1911
f 1600/2408/1919 1951/2411/1911 2341/2412/1918 2009/2413/1921
f 1600/2408/1919 2009/2413/1921 2372/2414/1922 2007/2415/1923
f 1600/2408/1919 2007/2415/1923 2374/2416/1924 2010/2409/1920
f 1601/2417/1925 1946/2404/1915 2356/2403/1914 1989/2418/1926
f 1601/2417/1925 1989/2418/1926 2357/2419/1903 1949/2420/1902
f 1601/2417/1925 1949/2420/1902 2342/2421/1909 1942/2422/1927
f 1601/2417/1925 1942/2422/1927 2343/2405/1916 1946/2404/1915
f 1602/2423/1928 1945/2424/1929 2338/2377/1890 1935/2376/1889
f 1602/2423/1928 1935/2376/1889 2336/2375/1888 1948/2425/1930
f 1602/2423/1928 1948/2425/1930 2344/2426/1931 1952/2427/1932
f 1602/2423/1928 1952/2427/1932 2345/2428/1933 1945/2424/1929
f 1603/2429/1934 1947/2430/1935 2337/2383/1896 1932/2382/1895
f 1603/2429/1934 1932/2382/1895 2339/2381/1894 1950/2431/1936
f 1603/2429/1934 1950/2431/1936 2346/2432/1937 1953/2433/1938
f 1603/2429/1934 1953/2433/1938 2347/2434/1939 1947/2430/1935
f 1604/2435/1940 1948/2425/1930 2336/2375/1888 1933/2385/1898
f 1604/2435/1940 1933/2385/1898 2337/2383/1896 1947/2430/1935
f 1604/2435/1940 1947/2430/1935 2347/2434/1939 1954/2436/1941
f 1604/2435/1940 1954/2436/1941 2344/2426/1931 1948/2425/1930
f 1605/2437/1942 1950/2431/1936 2339/2381/1894 1934/2389/1900
f 1605/2437/1942 1934/2389/1900 2338/2388/1890 1945/2438/1929
f 1605/2437/1942 1945/2438/1929 2345/2439/1933 1955/2440/1943
f 1605/2437/1942 1955/2440/1943 2346/2432/1937 1950/2431/1936
f 1606/2441/1944 1888/2248/1780 2312/2247/1779 1956/2442/1945
f 1606/2441/1944 1956/2442/1945 2348/2227/1761 1960/2226/1760
f 1606/2441/1944 1960/2226/1760 2349/2230/1764 1957/2443/1946
f 1606/2441/1944 1957/2443/1946 2313/2249/1781 1888/2248/1780
f 1607/2444/1947 1889/2257/1789 2314/2256/1788 1958/2445/1948
f 1607/2444/1947 1958/2445/1948 2350/2233/1767 1961/2232/1766
f 1607/2444/1947 1961/2232/1766 2348/2227/1761 1956/2442/1945
f 1607/2444/1947 1956/2442/1945 2312/2247/1779 1889/2257/1789
f 1608/2446/1949 1890/2263/1792 2313/2262/1781 1957/2447/1946
f 1608/2446/1949 1957/2447/1946 2349/2237/1764 1962/2236/1770
f 1608/2446/1949 1962/2236/1770 2351/2240/1772 1959/2448/1950
f 1608/2446/1949 1959/2448/1950 2315/2264/1793 1890/2263/1792
f 1609/2449/1951 1891/2269/1798 2315/2264/1793 1959/2448/1950
f 1609/2449/1951 1959/2448/1950 2351/2240/1772 1963/2242/1774
f 1609/2449/1951 1963/2242/1774 2350/2233/1767 1958/2445/1948
f 1609/2449/1951 1958/2445/1948 2314/2256/1788 1891/2269/1798
f 1610/2450/1952 1780/2091/1651 2393/2090/1650 1964/2451/1953
f 1610/2450/1952 1964/2451/1953 2489/2005/1568 1969/2004/1567
f 1610/2450/1952 1969/2004/1567 2352/2008/1571 1783/2452/1954
f 1610/2450/1952 1783/2452/1954 2274/2092/1652 1780/2091/1651
f 1611/2453/1955 1784/2098/1658 2274/2092/1652 1783/2452/1954
f 1611/2453/1955 1783/2452/1954 2352/2008/1571 1970/2010/1573
f 1611/2453/1955 1970/2010/1573 2353/2012/1575 1786/2454/1956
f 1611/2453/1955 1786/2454/1956 2276/2099/1659 1784/2098/1658
f 1612/2455/1957 1787/2456/1848 2276/2099/1659 1786/2454/1956
f 1612/2455/1957 1786/2454/1956 2353/2012/1575 1971/2014/1577
f 1612/2455/1957 1971/2014/1577 2354/2017/1580 1789/2457/1958
f 1612/2455/1957 1789/2457/1958 2278/2072/1635 1787/2456/1848
f 1613/2458/1959 1790/2073/1636 2278/2072/1635 1789/2457/1958
f 1613/2458/1959 1789/2457/1958 2354/2017/1580 1972/2019/1582
f 1613/2458/1959 1972/2019/1582 2493/2021/1584 1792/2459/1960
f 1613/2458/1959 1792/2459/1960 2401/2074/1637 1790/2073/1636
f 1614/2460/1961 1993/2461/1962 2347/2434/1939 1953/2433/1938
f 1614/2460/1961 1953/2433/1938 2346/2432/1937 1994/2462/1963
f 1614/2460/1961 1994/2462/1963 2356/2403/1914 1990/2402/1913
f 1614/2460/1961 1990/2402/1913 2358/2401/1912 1993/2461/1962
f 1615/2463/1964 1893/2464/1965 2323/2465/1822 1904/2466/1966
f 1615/2463/1964 1904/2466/1966 2366/2308/1831 1978/2307/1833
f 1615/2463/1964 1978/2307/1833 2365/2311/1835 1905/2467/1967
f 1615/2463/1964 1905/2467/1967 2321/2281/1810 1893/2464/1965
f 1616/2468/1968 1892/2273/1802 2320/2272/1801 1907/2469/1969
f 1616/2468/1968 1907/2469/1969 2363/2315/1839 1977/2317/1841
f 1616/2468/1968 1977/2317/1841 2364/2302/1828 1906/2470/1970
f 1616/2468/1968 1906/2470/1970 2322/2274/1803 1892/2273/1802
f 1617/2471/1971 1996/2472/1972 2345/2428/1933 1952/2427/1932
f 1617/2471/1971 1952/2427/1932 2344/2426/1931 1995/2473/1973
f 1617/2471/1971 1995/2473/1973 2355/2394/1905 1991/2393/1904
f 1617/2471/1971 1991/2393/1904 2357/2392/1903 1996/2472/1972
f 1618/2474/1974 2028/2475/1975 2380/2476/1976 2023/2477/1977
f 1618/2474/1974 2023/2477/1977 2382/2478/1978 1985/2479/1979
f 1618/2474/1974 1985/2479/1979 2362/2480/1980 1976/2481/1981
f 1618/2474/1974 1976/2481/1981 2360/2482/1982 2028/2475/1975
f 1619/2483/1983 1894/2295/1821 2322/2274/1803 1906/2470/1970
f 1619/2483/1983 1906/2470/1970 2364/2302/1828 1979/2301/1827
f 1619/2483/1983 1979/2301/1827 2366/2305/1831 1904/2484/1966
f 1619/2483/1983 1904/2484/1966 2323/2296/1822 1894/2295/1821
f 1620/2485/1984 1895/2282/1811 2321/2281/1810 1905/2467/1967
f 1620/2485/1984 1905/2467/1967 2365/2311/1835 1980/2313/1837
f 1620/2485/1984 1980/2313/1837 2363/2315/1839 1907/2469/1969
f 1620/2485/1984 1907/2469/1969 2320/2272/1801 1895/2282/1811
f 1621/2486/1985 1995/2473/1973 2344/2426/1931 1954/2436/1941
f 1621/2486/1985 1954/2436/1941 2347/2434/1939 1993/2461/1962
f 1621/2486/1985 1993/2461/1962 2358/2401/1912 1992/2487/1986
f 1621/2486/1985 1992/2487/1986 2355/2394/1905 1995/2473/1973
f 1622/2488/1987 1974/2489/1988 2360/2490/1982 1976/2491/1981
f 1622/2488/1987 1976/2491/1981 2362/2480/1980 1973/2492/1989
f 1622/2488/1987 1973/2492/1989 2361/2493/1990 1975/2494/1991
f 1622/2488/1987 1975/2494/1991 2359/2495/1992 1974/2489/1988
f 1623/2496/1993 2026/2497/1994 2381/2498/1995 2022/2499/1996
f 1623/2496/1993 2022/2499/1996 2379/2500/1997 1988/2501/1998
f 1623/2496/1993 1988/2501/1998 2359/2502/1992 1975/2503/1991
f 1623/2496/1993 1975/2503/1991 2361/2504/1990 2026/2497/1994
f 1624/2505/1999 1985/2479/1979 2382/2478/1978 2024/2506/2000
f 1624/2505/1999 2024/2506/2000 2381/2507/1995 2026/2508/1994
f 1624/2505/1999 2026/2508/1994 2361/2493/1990 1973/2492/1989
f 1624/2505/1999 1973/2492/1989 2362/2480/1980 1985/2479/1979
f 1625/2509/2001 1988/2501/1998 2379/2500/1997 2021/2510/2002
f 1625/2509/2001 2021/2510/2002 2380/2476/1976 2028/2475/1975
f 1625/2509/2001 2028/2475/1975 2360/2482/1982 1974/2511/1988
f 1625/2509/2001 1974/2511/1988 2359/2502/1992 1988/2501/1998
f 1626/2512/2003 1994/2462/1963 2346/2432/1937 1955/2440/1943
f 1626/2512/2003 1955/2440/1943 2345/2439/1933 1996/2513/1972
f 1626/2512/2003 1996/2513/1972 2357/2419/1903 1989/2418/1926
f 1626/2512/2003 1989/2418/1926 2356/2403/1914 1994/2462/1963
f 1627/2514/2004 2000/2515/2005 2370/2516/2006 1997/2517/2007
f 1627/2514/2004 1997/2517/2007 2369/2293/1819 1999/2292/1818
f 1627/2514/2004 1999/2292/1818 2367/2291/1817 1998/2518/2008
f 1627/2514/2004 1998/2518/2008 2368/2519/2009 2000/2515/2005
f 1628/2520/2010 2004/2521/2011 2319/2522/1824 1903/2523/1823
f 1628/2520/2010 1903/2523/1823 2323/2524/1822 2003/2525/2012
f 1628/2520/2010 2003/2525/2012 2370/2526/2006 2000/2527/2005
f 1628/2520/2010 2000/2527/2005 2368/2528/2009 2004/2521/2011
f 1629/2529/2013 2003/2530/2012 2323/2531/1822 1893/2532/1965
f 1629/2529/2013 1893/2532/1965 2321/2533/1810 2002/2534/1815
f 1629/2529/2013 2002/2534/1815 2369/2535/1819 1997/2536/2007
f 1629/2529/2013 1997/2536/2007 2370/2537/2006 2003/2530/2012
f 1630/2538/2014 2001/2539/1816 2318/2540/1813 1897/2541/2015
f 1630/2538/2014 1897/2541/2015 2319/2542/1824 2004/2543/2011
f 1630/2538/2014 2004/2543/2011 2368/2544/2009 1998/2545/2008
f 1630/2538/2014 1998/2545/2008 2367/2546/1817 2001/2539/1816
f 1631/2547/2016 2006/2548/2017 2373/2549/2018 2008/2550/2019
f 1631/2547/2016 2008/2550/2019 2374/2551/1924 2007/2552/1923
f 1631/2547/2016 2007/2552/1923 2372/2553/1922 2005/2554/2020
f 1631/2547/2016 2005/2554/2020 2371/2555/2021 2006/2548/2017
f 1632/2556/2022 2012/2557/2023 2340/2558/1907 1944/2559/1906
f 1632/2556/2022 1944/2559/1906 2355/2560/1905 2011/2561/2024
f 1632/2556/2022 2011/2561/2024 2373/2562/2018 2006/2563/2017
f 1632/2556/2022 2006/2563/2017 2371/2564/2021 2012/2557/2023
f 1633/2565/2025 2011/2561/2024 2355/2560/1905 1992/2566/1986
f 1633/2565/2025 1992/2566/1986 2358/2567/1912 2010/2568/1920
f 1633/2565/2025 2010/2568/1920 2374/2569/1924 2008/2570/2019
f 1633/2565/2025 2008/2570/2019 2373/2562/2018 2011/2561/2024
f 1634/2571/2026 2009/2572/1921 2341/2573/1918 1941/2574/2027
f 1634/2571/2026 1941/2574/2027 2340/2558/1907 2012/2557/2023
f 1634/2571/2026 2012/2557/2023 2371/2564/2021 2005/2575/2020
f 1634/2571/2026 2005/2575/2020 2372/2576/1922 2009/2572/1921
f 1635/2577/2028 2016/2578/2029 2316/2276/1805 1898/2299/1825
f 1635/2577/2028 1898/2299/1825 2319/2298/1824 2013/2579/2030
f 1635/2577/2028 2013/2579/2030 2375/2178/1728 2017/2177/1727
f 1635/2577/2028 2017/2177/1727 2378/2176/1726 2016/2578/2029
f 1636/2580/2031 2013/2581/2030 2319/2522/1824 1897/2582/2015
f 1636/2580/2031 1897/2582/2015 2318/2284/1813 2014/2583/2032
f 1636/2580/2031 2014/2583/2032 2376/2187/1735 2018/2186/1734
f 1636/2580/2031 2018/2186/1734 2375/2185/1728 2013/2581/2030
f 1637/2584/2033 2014/2583/2032 2318/2284/1813 1896/2283/1812
f 1637/2584/2033 1896/2283/1812 2317/2278/1807 2015/2585/2034
f 1637/2584/2033 2015/2585/2034 2377/2194/1741 2019/2193/1740
f 1637/2584/2033 2019/2193/1740 2376/2187/1735 2014/2583/2032
f 1638/2586/2035 2015/2585/2034 2317/2278/1807 1863/2277/1806
f 1638/2586/2035 1863/2277/1806 2316/2276/1805 2016/2578/2029
f 1638/2586/2035 2016/2578/2029 2378/2176/1726 2020/2199/1746
f 1638/2586/2035 2020/2199/1746 2377/2194/1741 2015/2585/2034
f 1639/2587/2036 1986/2588/2037 2342/2398/1909 1943/2397/1908
f 1639/2587/2036 1943/2397/1908 2340/2396/1907 2025/2589/2038
f 1639/2587/2036 2025/2589/2038 2379/2500/1997 2022/2499/1996
f 1639/2587/2036 2022/2499/1996 2381/2498/1995 1986/2588/2037
f 1640/2590/2039 2025/2589/2038 2340/2396/1907 1941/2591/2027
f 1640/2590/2039 1941/2591/2027 2341/2407/1918 1987/2592/2040
f 1640/2590/2039 1987/2592/2040 2380/2476/1976 2021/2510/2002
f 1640/2590/2039 2021/2510/2002 2379/2500/1997 2025/2589/2038
f 1641/2593/2041 1987/2592/2040 2341/2407/1918 1940/2406/1917
f 1641/2593/2041 1940/2406/1917 2343/2405/1916 2027/2594/2042
f 1641/2593/2041 2027/2594/2042 2382/2478/1978 2023/2477/1977
f 1641/2593/2041 2023/2477/1977 2380/2476/1976 1987/2592/2040
f 1642/2595/2043 2027/2594/2042 2343/2405/1916 1942/2422/1927
f 1642/2595/2043 1942/2422/1927 2342/2421/1909 1986/2596/2037
f 1642/2595/2043 1986/2596/2037 2381/2507/1995 2024/2506/2000
f 1642/2595/2043 2024/2506/2000 2382/2478/1978 2027/2594/2042
f 1643/2597/2044 2039/2598/2045 2391/2599/2046 2053/2600/2047
f 1643/2597/2044 2053/2600/2047 2384/2601/2048 2029/2602/2049
f 1643/2597/2044 2029/2602/2049 2383/1959/1525 1796/1958/1524
f 1643/2597/2044 1796/1958/1524 2392/1957/1523 2039/2598/2045
f 1644/2603/2050 2036/2604/2051 2388/2605/1530 1795/2606/1529
f 1644/2603/2050 1795/2606/1529 2387/2607/1536 2032/2608/2052
f 1644/2603/2050 2032/2608/2052 2386/2609/2053 2052/2610/2054
f 1644/2603/2050 2052/2610/2054 2389/2611/2055 2036/2604/2051
f 1645/2612/2056 2037/2613/2057 2389/2611/2055 2052/2610/2054
f 1645/2612/2056 2052/2610/2054 2386/2609/2053 2031/2614/2058
f 1645/2612/2056 2031/2614/2058 2385/2615/2059 2051/2616/2060
f 1645/2612/2056 2051/2616/2060 2390/2617/2061 2037/2613/2057
f 1646/2618/2062 2050/2619/2063 2402/2620/1545 1775/2621/1544
f 1646/2618/2062 1775/2621/1544 2388/2605/1530 2036/2604/2051
f 1646/2618/2062 2036/2604/2051 2389/2611/2055 2033/2622/2064
f 1646/2618/2062 2033/2622/2064 2400/2623/2065 2050/2619/2063
f 1647/2624/2066 2041/2625/2067 2396/2626/2068 2035/2627/2069
f 1647/2624/2066 2035/2627/2069 2391/2599/2046 2039/2598/2045
f 1647/2624/2066 2039/2598/2045 2392/1957/1523 1774/1988/1554
f 1647/2624/2066 1774/1988/1554 2394/1987/1553 2041/2625/2067
f 1648/2628/2070 2034/2629/2071 2398/2630/2072 2118/2631/2073
f 1648/2628/2070 2118/2631/2073 2447/2632/2074 2114/2633/2075
f 1648/2628/2070 2114/2633/2075 2446/2634/2076 2117/2635/2077
f 1648/2628/2070 2117/2635/2077 2390/2636/2061 2034/2629/2071
f 1649/2637/2078 2044/2638/2079 2398/2639/2072 2034/2640/2071
f 1649/2637/2078 2034/2640/2071 2390/2617/2061 2038/2641/2080
f 1649/2637/2078 2038/2641/2080 2391/2599/2046 2035/2627/2069
f 1649/2637/2078 2035/2627/2069 2396/2626/2068 2044/2638/2079
f 1650/2642/2081 1782/2006/1569 2489/2005/1568 2208/2643/2082
f 1650/2642/2081 2208/2643/2082 2490/2644/2083 2205/2645/2084
f 1650/2642/2081 2205/2645/2084 2396/2626/2068 2041/2625/2067
f 1650/2642/2081 2041/2625/2067 2394/1987/1553 1782/2006/1569
f 1651/2646/2085 2205/2645/2084 2490/2644/2083 2209/2647/2086
f 1651/2646/2085 2209/2647/2086 2491/2648/2087 2206/2649/2088
f 1651/2646/2085 2206/2649/2088 2398/2639/2072 2044/2638/2079
f 1651/2646/2085 2044/2638/2079 2396/2626/2068 2205/2645/2084
f 1652/2650/2089 2206/2649/2088 2491/2648/2087 2210/2651/2090
f 1652/2650/2089 2210/2651/2090 2492/2652/2091 2207/2653/2092
f 1652/2650/2089 2207/2653/2092 2400/2623/2065 2047/2654/2093
f 1652/2650/2089 2047/2654/2093 2398/2639/2072 2206/2649/2088
f 1653/2655/2094 2207/2653/2092 2492/2652/2091 2211/2656/2095
f 1653/2655/2094 2211/2656/2095 2493/2657/1584 1968/2658/1583
f 1653/2655/2094 1968/2658/1583 2402/2620/1545 2050/2619/2063
f 1653/2655/2094 2050/2619/2063 2400/2623/2065 2207/2653/2092
f 1654/2659/2096 2038/2641/2080 2390/2617/2061 2051/2616/2060
f 1654/2659/2096 2051/2616/2060 2385/2615/2059 2030/2660/2097
f 1654/2659/2096 2030/2660/2097 2384/2601/2048 2053/2600/2047
f 1654/2659/2096 2053/2600/2047 2391/2599/2046 2038/2641/2080
f 1655/2661/2098 2029/2602/2049 2384/2601/2048 2058/2662/2099
f 1655/2661/2098 2058/2662/2099 2404/2663/2100 2054/2664/2101
f 1655/2661/2098 2054/2664/2101 2403/2027/1590 1803/2026/1589
f 1655/2661/2098 1803/2026/1589 2383/1959/1525 2029/2602/2049
f 1656/2665/2102 2032/2608/2052 2387/2607/1536 1802/2666/1594
f 1656/2665/2102 1802/2666/1594 2407/2667/1598 2057/2668/2103
f 1656/2665/2102 2057/2668/2103 2406/2669/2104 2059/2670/2105
f 1656/2665/2102 2059/2670/2105 2386/2609/2053 2032/2608/2052
f 1657/2671/2106 2031/2614/2058 2386/2609/2053 2059/2670/2105
f 1657/2671/2106 2059/2670/2105 2406/2669/2104 2056/2672/2107
f 1657/2671/2106 2056/2672/2107 2405/2673/2108 2060/2674/2109
f 1657/2671/2106 2060/2674/2109 2385/2615/2059 2031/2614/2058
f 1658/2675/2110 2030/2660/2097 2385/2615/2059 2060/2674/2109
f 1658/2675/2110 2060/2674/2109 2405/2673/2108 2055/2676/2111
f 1658/2675/2110 2055/2676/2111 2404/2663/2100 2058/2662/2099
f 1658/2675/2110 2058/2662/2099 2384/2601/2048 2030/2660/2097
f 1659/2677/2112 2056/2672/2107 2406/2669/2104 2066/2678/2113
f 1659/2677/2112 2066/2678/2113 2411/2679/2114 2063/2680/2115
f 1659/2677/2112 2063/2680/2115 2410/2681/2116 2065/2682/2117
f 1659/2677/2112 2065/2682/2117 2405/2673/2108 2056/2672/2107
f 1660/2683/2118 2055/2676/2111 2405/2673/2108 2065/2682/2117
f 1660/2683/2118 2065/2682/2117 2410/2681/2116 2062/2684/2119
f 1660/2683/2118 2062/2684/2119 2409/2685/2120 2067/2686/2121
f 1660/2683/2118 2067/2686/2121 2404/2663/2100 2055/2676/2111
f 1661/2687/2122 2054/2664/2101 2404/2663/2100 2067/2686/2121
f 1661/2687/2122 2067/2686/2121 2409/2685/2120 2061/2688/2123
f 1661/2687/2122 2061/2688/2123 2408/2054/1617 1815/2053/1616
f 1661/2687/2122 1815/2053/1616 2403/2027/1590 2054/2664/2101
f 1662/2689/2124 2057/2668/2103 2407/2667/1598 1814/2690/1620
f 1662/2689/2124 1814/2690/1620 2412/2691/1622 2064/2692/2125
f 1662/2689/2124 2064/2692/2125 2411/2679/2114 2066/2678/2113
f 1662/2689/2124 2066/2678/2113 2406/2669/2104 2057/2668/2103
f 1663/2693/2126 2064/2692/2125 2412/2691/1622 1819/2694/1624
f 1663/2693/2126 1819/2694/1624 2415/2695/1628 2069/2696/2127
f 1663/2693/2126 2069/2696/2127 2414/2697/2128 2070/2698/2129
f 1663/2693/2126 2070/2698/2129 2411/2679/2114 2064/2692/2125
f 1664/2699/2130 2063/2680/2115 2411/2679/2114 2070/2698/2129
f 1664/2699/2130 2070/2698/2129 2414/2697/2128 2068/2700/2131
f 1664/2699/2130 2068/2700/2131 2413/2701/2132 2071/2702/2133
f 1664/2699/2130 2071/2702/2133 2410/2681/2116 2063/2680/2115
f 1665/2703/2134 2049/2704/2135 2399/2705/2136 2076/2706/2137
f 1665/2703/2134 2076/2706/2137 2419/2707/2138 2075/2708/2139
f 1665/2703/2134 2075/2708/2139 2420/2709/1639 1825/2710/1638
f 1665/2703/2134 1825/2710/1638 2401/2711/1637 2049/2704/2135
f 1666/2712/2140 2076/2713/2137 2399/2714/2136 2150/2715/2141
f 1666/2712/2140 2150/2715/2141 2463/2716/2142 2156/2717/2143
f 1666/2712/2140 2156/2717/2143 2461/2718/2144 2151/2719/2145
f 1666/2712/2140 2151/2719/2145 2419/2720/2138 2076/2713/2137
f 1667/2721/2146 2040/2722/2147 2393/2090/1650 1829/2089/1649
f 1667/2721/2146 1829/2089/1649 2416/2096/1656 2072/2723/2148
f 1667/2721/2146 2072/2723/2148 2417/2724/2149 2078/2725/2150
f 1667/2721/2146 2078/2725/2150 2395/2726/2151 2040/2722/2147
f 1668/2727/2152 2043/2728/2153 2395/2726/2151 2078/2725/2150
f 1668/2727/2152 2078/2725/2150 2417/2724/2149 2073/2729/2154
f 1668/2727/2152 2073/2729/2154 2418/2730/2155 2077/2731/2156
f 1668/2727/2152 2077/2731/2156 2397/2732/2157 2043/2728/2153
f 1669/2733/2158 2072/2723/2148 2416/2096/1656 1835/2104/1664
f 1669/2733/2158 1835/2104/1664 2421/2108/1668 2079/2734/2159
f 1669/2733/2158 2079/2734/2159 2422/2735/2160 2083/2736/2161
f 1669/2733/2158 2083/2736/2161 2417/2724/2149 2072/2723/2148
f 1670/2737/2162 2073/2729/2154 2417/2724/2149 2083/2736/2161
f 1670/2737/2162 2083/2736/2161 2422/2735/2160 2080/2738/2163
f 1670/2737/2162 2080/2738/2163 2423/2739/2164 2084/2740/2165
f 1670/2737/2162 2084/2740/2165 2418/2730/2155 2073/2729/2154
f 1671/2741/2166 2074/2742/2167 2418/2730/2155 2084/2740/2165
f 1671/2741/2166 2084/2740/2165 2423/2739/2164 2081/2743/2168
f 1671/2741/2166 2081/2743/2168 2424/2744/2169 2085/2745/2170
f 1671/2741/2166 2085/2745/2170 2419/2707/2138 2074/2742/2167
f 1672/2746/2171 2075/2708/2139 2419/2707/2138 2085/2745/2170
f 1672/2746/2171 2085/2745/2170 2424/2744/2169 2082/2747/2172
f 1672/2746/2171 2082/2747/2172 2425/2748/1680 1838/2749/1679
f 1672/2746/2171 1838/2749/1679 2420/2709/1639 2075/2708/2139
f 1673/2750/2173 2081/2751/2168 2423/2752/2164 2091/2753/2174
f 1673/2750/2173 2091/2753/2174 2428/2754/2175 2088/2755/2176
f 1673/2750/2173 2088/2755/2176 2429/2756/2177 2090/2757/2178
f 1673/2750/2173 2090/2757/2178 2424/2758/2169 2081/2751/2168
f 1674/2759/2179 2082/2760/2172 2424/2758/2169 2090/2757/2178
f 1674/2759/2179 2090/2757/2178 2429/2756/2177 2089/2761/2180
f 1674/2759/2179 2089/2761/2180 2430/2135/1690 1845/2134/1689
f 1674/2759/2179 1845/2134/1689 2425/2133/1680 2082/2760/2172
f 1675/2762/2181 2079/2734/2159 2421/2108/1668 1847/2138/1693
f 1675/2762/2181 1847/2138/1693 2426/2142/1697 2086/2763/2182
f 1675/2762/2181 2086/2763/2182 2427/2764/2183 2092/2765/2184
f 1675/2762/2181 2092/2765/2184 2422/2735/2160 2079/2734/2159
f 1676/2766/2185 2080/2738/2163 2422/2735/2160 2092/2765/2184
f 1676/2766/2185 2092/2765/2184 2427/2764/2183 2087/2767/2186
f 1676/2766/2185 2087/2767/2186 2428/2768/2175 2091/2769/2174
f 1676/2766/2185 2091/2769/2174 2423/2739/2164 2080/2738/2163
f 1677/2770/2187 2086/2763/2182 2426/2142/1697 1853/2148/1701
f 1677/2770/2187 1853/2148/1701 2431/2152/1705 2093/2771/2188
f 1677/2770/2187 2093/2771/2188 2432/2772/2189 2097/2773/2190
f 1677/2770/2187 2097/2773/2190 2427/2764/2183 2086/2763/2182
f 1678/2774/2191 2087/2767/2186 2427/2764/2183 2097/2773/2190
f 1678/2774/2191 2097/2773/2190 2432/2772/2189 2094/2775/2192
f 1678/2774/2191 2094/2775/2192 2433/2776/2193 2098/2777/2194
f 1678/2774/2191 2098/2777/2194 2428/2768/2175 2087/2767/2186
f 1679/2778/2195 2088/2755/2176 2428/2754/2175 2098/2779/2194
f 1679/2778/2195 2098/2779/2194 2433/2780/2193 2095/2781/2196
f 1679/2778/2195 2095/2781/2196 2434/2782/2197 2099/2783/2198
f 1679/2778/2195 2099/2783/2198 2429/2756/2177 2088/2755/2176
f 1680/2784/2199 2089/2761/2180 2429/2756/2177 2099/2783/2198
f 1680/2784/2199 2099/2783/2198 2434/2782/2197 2096/2785/2200
f 1680/2784/2199 2096/2785/2200 2435/2165/1716 1856/2164/1715
f 1680/2784/2199 1856/2164/1715 2430/2135/1690 2089/2761/2180
f 1681/2786/2201 1858/2170/1721 2436/2169/1720 2100/2787/2202
f 1681/2786/2201 2100/2787/2202 2433/2776/2193 2094/2775/2192
f 1681/2786/2201 2094/2775/2192 2432/2772/2189 2093/2771/2188
f 1681/2786/2201 2093/2771/2188 2431/2152/1705 1858/2170/1721
f 1682/2788/2203 2100/2787/2202 2436/2169/1720 1857/2172/1723
f 1682/2788/2203 1857/2172/1723 2435/2165/1716 2096/2785/2200
f 1682/2788/2203 2096/2785/2200 2434/2782/2197 2095/2789/2196
f 1682/2788/2203 2095/2789/2196 2433/2776/2193 2100/2787/2202
f 1683/2790/2204 2256/2791/2205 2517/2792/2206 2142/2793/2207
f 1683/2790/2204 2142/2793/2207 2437/2794/2208 2103/2795/2209
f 1683/2790/2204 2103/2795/2209 2438/2796/2210 2102/2797/2211
f 1683/2790/2204 2102/2797/2211 2514/2798/2212 2256/2791/2205
f 1684/2799/2213 2257/2800/2214 2514/2801/2212 2102/2802/2211
f 1684/2799/2213 2102/2802/2211 2438/2803/2210 2107/2804/2215
f 1684/2799/2213 2107/2804/2215 2439/2805/2216 2106/2806/2217
f 1684/2799/2213 2106/2806/2217 2515/2807/2218 2257/2800/2214
f 1685/2808/2219 2258/2809/2220 2515/2807/2218 2106/2806/2217
f 1685/2808/2219 2106/2806/2217 2439/2805/2216 2110/2810/2221
f 1685/2808/2219 2110/2810/2221 2440/2811/2222 2109/2812/2223
f 1685/2808/2219 2109/2812/2223 2516/2813/2224 2258/2809/2220
f 1686/2814/2225 2259/2815/2226 2516/2813/2224 2109/2812/2223
f 1686/2814/2225 2109/2812/2223 2440/2811/2222 2112/2816/2227
f 1686/2814/2225 2112/2816/2227 2437/2794/2208 2142/2793/2207
f 1686/2814/2225 2142/2793/2207 2517/2792/2206 2259/2815/2226
f 1687/2817/2228 2103/2818/2209 2437/2794/2208 2112/2816/2227
f 1687/2817/2228 2112/2816/2227 2440/2811/2222 2110/2819/2221
f 1687/2817/2228 2110/2819/2221 2439/2820/2216 2107/2821/2215
f 1687/2817/2228 2107/2821/2215 2438/2822/2210 2103/2818/2209
f 1688/2823/2229 2047/2824/2093 2400/2825/2065 2119/2826/2230
f 1688/2823/2229 2119/2826/2230 2448/2827/2231 2116/2828/2232
f 1688/2823/2229 2116/2828/2232 2447/2632/2074 2118/2631/2073
f 1688/2823/2229 2118/2631/2073 2398/2630/2072 2047/2824/2093
f 1689/2829/2233 2037/2830/2057 2390/2636/2061 2117/2635/2077
f 1689/2829/2233 2117/2635/2077 2446/2634/2076 2115/2831/2234
f 1689/2829/2233 2115/2831/2234 2445/2832/2235 2120/2833/2236
f 1689/2829/2233 2120/2833/2236 2389/2834/2055 2037/2830/2057
f 1690/2835/2237 2033/2836/2064 2389/2834/2055 2120/2833/2236
f 1690/2835/2237 2120/2833/2236 2445/2832/2235 2113/2837/2238
f 1690/2835/2237 2113/2837/2238 2448/2838/2231 2119/2839/2230
f 1690/2835/2237 2119/2839/2230 2400/2840/2065 2033/2836/2064
f 1691/2841/2239 2121/2842/2240 2485/2843/2241 2201/2844/2242
f 1691/2841/2239 2201/2844/2242 2486/2845/2243 2122/2846/2244
f 1691/2841/2239 2122/2846/2244 2448/2838/2231 2113/2837/2238
f 1691/2841/2239 2113/2837/2238 2445/2832/2235 2121/2842/2240
f 1692/2847/2245 2123/2848/2246 2487/2849/2247 2202/2850/2248
f 1692/2847/2245 2202/2850/2248 2485/2843/2241 2121/2842/2240
f 1692/2847/2245 2121/2842/2240 2445/2832/2235 2115/2831/2234
f 1692/2847/2245 2115/2831/2234 2446/2634/2076 2123/2848/2246
f 1693/2851/2249 2122/2852/2244 2486/2853/2243 2203/2854/2250
f 1693/2851/2249 2203/2854/2250 2488/2855/2251 2124/2856/2252
f 1693/2851/2249 2124/2856/2252 2447/2632/2074 2116/2828/2232
f 1693/2851/2249 2116/2828/2232 2448/2827/2231 2122/2852/2244
f 1694/2857/2253 2124/2856/2252 2488/2855/2251 2204/2858/2254
f 1694/2857/2253 2204/2858/2254 2487/2849/2247 2123/2848/2246
f 1694/2857/2253 2123/2848/2246 2446/2634/2076 2114/2633/2075
f 1694/2857/2253 2114/2633/2075 2447/2632/2074 2124/2856/2252
f 1695/2859/2255 2125/2860/2256 2441/2861/2257 2101/2862/2258
f 1695/2859/2255 2101/2862/2258 2442/2863/2259 2126/2864/2260
f 1695/2859/2255 2126/2864/2260 2450/2865/2261 2129/2866/2262
f 1695/2859/2255 2129/2866/2262 2449/2867/2263 2125/2860/2256
f 1696/2868/2264 2127/2869/2265 2444/2870/2266 2111/2871/2267
f 1696/2868/2264 2111/2871/2267 2441/2861/2257 2125/2860/2256
f 1696/2868/2264 2125/2860/2256 2449/2867/2263 2130/2872/2268
f 1696/2868/2264 2130/2872/2268 2451/2873/2269 2127/2869/2265
f 1697/2874/2270 2126/2875/2260 2442/2876/2259 2105/2877/2271
f 1697/2874/2270 2105/2877/2271 2443/2878/2272 2128/2879/2273
f 1697/2874/2270 2128/2879/2273 2452/2880/2274 2131/2881/2275
f 1697/2874/2270 2131/2881/2275 2450/2882/2261 2126/2875/2260
f 1698/2883/2276 2128/2879/2273 2443/2878/2272 2108/2884/2277
f 1698/2883/2276 2108/2884/2277 2444/2870/2266 2127/2869/2265
f 1698/2883/2276 2127/2869/2265 2451/2873/2269 2132/2885/2278
f 1698/2883/2276 2132/2885/2278 2452/2880/2274 2128/2879/2273
f 1699/2886/2279 2133/2887/2280 2457/2888/2281 2141/2889/2282
f 1699/2886/2279 2141/2889/2282 2454/2890/2283 2104/2891/2284
f 1699/2886/2279 2104/2891/2284 2453/2892/2285 2140/2893/2286
f 1699/2886/2279 2140/2893/2286 2459/2894/2287 2133/2887/2280
f 1700/2895/2288 2136/2896/2289 2458/2897/2290 2143/2898/2291
f 1700/2895/2288 2143/2898/2291 2455/2899/2292 2137/2900/2293
f 1700/2895/2288 2137/2900/2293 2454/2890/2283 2141/2889/2282
f 1700/2895/2288 2141/2889/2282 2457/2888/2281 2136/2896/2289
f 1701/2901/2294 2143/2902/2291 2458/2903/2290 2241/2904/2295
f 1701/2901/2294 2241/2904/2295 2508/2905/2296 2238/2906/2297
f 1701/2901/2294 2238/2906/2297 2506/2907/2298 2240/2908/2299
f 1701/2901/2294 2240/2908/2299 2455/2909/2292 2143/2902/2291
f 1702/2910/2300 2135/2911/2301 2459/2894/2287 2140/2893/2286
f 1702/2910/2300 2140/2893/2286 2453/2892/2285 2139/2912/2302
f 1702/2910/2300 2139/2912/2302 2456/2913/2303 2144/2914/2304
f 1702/2910/2300 2144/2914/2304 2460/2915/2305 2135/2911/2301
f 1703/2916/2306 2223/2917/2307 2503/2918/2308 2218/2919/2309
f 1703/2916/2306 2218/2919/2309 2505/2920/2310 2222/2921/2311
f 1703/2916/2306 2222/2921/2311 2442/2863/2259 2101/2862/2258
f 1703/2916/2306 2101/2862/2258 2441/2861/2257 2223/2917/2307
f 1704/2922/2312 2222/2923/2311 2505/2924/2310 2217/2925/2313
f 1704/2922/2312 2217/2925/2313 2504/2926/2314 2221/2927/2315
f 1704/2922/2312 2221/2927/2315 2443/2878/2272 2105/2877/2271
f 1704/2922/2312 2105/2877/2271 2442/2876/2259 2222/2923/2311
f 1705/2928/2316 2221/2927/2315 2504/2926/2314 2219/2929/2317
f 1705/2928/2316 2219/2929/2317 2502/2930/2318 2220/2931/2319
f 1705/2928/2316 2220/2931/2319 2444/2870/2266 2108/2884/2277
f 1705/2928/2316 2108/2884/2277 2443/2878/2272 2221/2927/2315
f 1706/2932/2320 2220/2931/2319 2502/2930/2318 2216/2933/2321
f 1706/2932/2320 2216/2933/2321 2503/2918/2308 2223/2917/2307
f 1706/2932/2320 2223/2917/2307 2441/2861/2257 2111/2871/2267
f 1706/2932/2320 2111/2871/2267 2444/2870/2266 2220/2931/2319
f 1707/2934/2322 2074/2935/2167 2419/2720/2138 2151/2719/2145
f 1707/2934/2322 2151/2719/2145 2461/2718/2144 2154/2936/2323
f 1707/2934/2322 2154/2936/2323 2462/2937/2324 2152/2938/2325
f 1707/2934/2322 2152/2938/2325 2418/2939/2155 2074/2935/2167
f 1708/2940/2326 2046/2941/2327 2397/2942/2157 2149/2943/2328
f 1708/2940/2326 2149/2943/2328 2464/2944/2329 2155/2945/2330
f 1708/2940/2326 2155/2945/2330 2463/2946/2142 2150/2947/2141
f 1708/2940/2326 2150/2947/2141 2399/2948/2136 2046/2941/2327
f 1709/2949/2331 2077/2950/2156 2418/2939/2155 2152/2938/2325
f 1709/2949/2331 2152/2938/2325 2462/2937/2324 2153/2951/2332
f 1709/2949/2331 2153/2951/2332 2464/2944/2329 2149/2943/2328
f 1709/2949/2331 2149/2943/2328 2397/2942/2157 2077/2950/2156
f 1710/2952/2333 2154/2936/2323 2461/2718/2144 2162/2953/2334
f 1710/2952/2333 2162/2953/2334 2465/2954/2335 2158/2955/2336
f 1710/2952/2333 2158/2955/2336 2466/2956/2337 2161/2957/2338
f 1710/2952/2333 2161/2957/2338 2462/2937/2324 2154/2936/2323
f 1711/2958/2339 2155/2945/2330 2464/2944/2329 2164/2959/2340
f 1711/2958/2339 2164/2959/2340 2468/2960/2341 2159/2961/2342
f 1711/2958/2339 2159/2961/2342 2467/2962/2343 2163/2963/2344
f 1711/2958/2339 2163/2963/2344 2463/2946/2142 2155/2945/2330
f 1712/2964/2345 2156/2717/2143 2463/2716/2142 2163/2965/2344
f 1712/2964/2345 2163/2965/2344 2467/2966/2343 2160/2967/2346
f 1712/2964/2345 2160/2967/2346 2465/2954/2335 2162/2953/2334
f 1712/2964/2345 2162/2953/2334 2461/2718/2144 2156/2717/2143
f 1713/2968/2347 2153/2951/2332 2462/2937/2324 2161/2957/2338
f 1713/2968/2347 2161/2957/2338 2466/2956/2337 2157/2969/2348
f 1713/2968/2347 2157/2969/2348 2468/2960/2341 2164/2959/2340
f 1713/2968/2347 2164/2959/2340 2464/2944/2329 2153/2951/2332
f 1714/2970/2349 2157/2969/2348 2466/2956/2337 2170/2971/2350
f 1714/2970/2349 2170/2971/2350 2470/2972/2351 2165/2973/2352
f 1714/2970/2349 2165/2973/2352 2472/2974/2353 2169/2975/2354
f 1714/2970/2349 2169/2975/2354 2468/2960/2341 2157/2969/2348
f 1715/2976/2355 2158/2955/2336 2465/2954/2335 2171/2977/2356
f 1715/2976/2355 2171/2977/2356 2469/2978/2357 2166/2979/2358
f 1715/2976/2355 2166/2979/2358 2470/2972/2351 2170/2971/2350
f 1715/2976/2355 2170/2971/2350 2466/2956/2337 2158/2955/2336
f 1716/2980/2359 2159/2961/2342 2468/2960/2341 2169/2975/2354
f 1716/2980/2359 2169/2975/2354 2472/2974/2353 2167/2981/2360
f 1716/2980/2359 2167/2981/2360 2471/2982/2361 2172/2983/2362
f 1716/2980/2359 2172/2983/2362 2467/2962/2343 2159/2961/2342
f 1717/2984/2363 2160/2967/2346 2467/2966/2343 2172/2985/2362
f 1717/2984/2363 2172/2985/2362 2471/2986/2361 2168/2987/2364
f 1717/2984/2363 2168/2987/2364 2469/2978/2357 2171/2977/2356
f 1717/2984/2363 2171/2977/2356 2465/2954/2335 2160/2967/2346
f 1718/2988/2365 2168/2987/2364 2471/2986/2361 2178/2989/2366
f 1718/2988/2365 2178/2989/2366 2475/2990/2367 2176/2991/2368
f 1718/2988/2365 2176/2991/2368 2473/2992/2369 2177/2993/2370
f 1718/2988/2365 2177/2993/2370 2469/2978/2357 2168/2987/2364
f 1719/2994/2371 2165/2973/2352 2470/2972/2351 2180/2995/2372
f 1719/2994/2371 2180/2995/2372 2474/2996/2373 2173/2997/2374
f 1719/2994/2371 2173/2997/2374 2476/2998/2375 2179/2999/2376
f 1719/2994/2371 2179/2999/2376 2472/2974/2353 2165/2973/2352
f 1720/3000/2377 2166/2979/2358 2469/2978/2357 2177/2993/2370
f 1720/3000/2377 2177/2993/2370 2473/2992/2369 2174/3001/2378
f 1720/3000/2377 2174/3001/2378 2474/2996/2373 2180/2995/2372
f 1720/3000/2377 2180/2995/2372 2470/2972/2351 2166/2979/2358
f 1721/3002/2379 2167/2981/2360 2472/2974/2353 2179/2999/2376
f 1721/3002/2379 2179/2999/2376 2476/2998/2375 2175/3003/2380
f 1721/3002/2379 2175/3003/2380 2475/3004/2367 2178/3005/2366
f 1721/3002/2379 2178/3005/2366 2471/2982/2361 2167/2981/2360
f 1722/3006/2381 2230/3007/2382 2496/3008/2383 2190/3009/2384
f 1722/3006/2381 2190/3009/2384 2479/3010/2385 2184/3011/2386
f 1722/3006/2381 2184/3011/2386 2477/3012/2387 2185/3013/2388
f 1722/3006/2381 2185/3013/2388 2494/3014/2389 2230/3007/2382
f 1723/3015/2390 2229/3016/2391 2497/3017/2392 2192/3018/2393
f 1723/3015/2390 2192/3018/2393 2478/3019/2394 2181/3020/2395
f 1723/3015/2390 2181/3020/2395 2480/3021/2396 2187/3022/2397
f 1723/3015/2390 2187/3022/2397 2495/3023/2398 2229/3016/2391
f 1724/3024/2399 2192/3025/2393 2497/3026/2392 2249/3027/2400
f 1724/3024/2399 2249/3027/2400 2513/3028/2401 2246/3029/2402
f 1724/3024/2399 2246/3029/2402 2511/3030/2403 2248/3031/2404
f 1724/3024/2399 2248/3031/2404 2478/3032/2394 2192/3025/2393
f 1725/3033/2405 2228/3034/2406 2495/3023/2398 2187/3022/2397
f 1725/3033/2405 2187/3022/2397 2480/3021/2396 2183/3035/2407
f 1725/3033/2405 2183/3035/2407 2479/3036/2385 2190/3037/2384
f 1725/3033/2405 2190/3037/2384 2496/3038/2383 2228/3034/2406
f 1726/3039/2408 2176/2991/2368 2475/2990/2367 2186/3040/2409
f 1726/3039/2408 2186/3040/2409 2482/3041/2410 2193/3042/2411
f 1726/3039/2408 2193/3042/2411 2481/3043/2412 2189/3044/2413
f 1726/3039/2408 2189/3044/2413 2473/2992/2369 2176/2991/2368
f 1727/3045/2414 2173/2997/2374 2474/2996/2373 2188/3046/2415
f 1727/3045/2414 2188/3046/2415 2484/3047/2416 2194/3048/2417
f 1727/3045/2414 2194/3048/2417 2483/3049/2418 2191/3050/2419
f 1727/3045/2414 2191/3050/2419 2476/2998/2375 2173/2997/2374
f 1728/3051/2420 2174/3001/2378 2473/2992/2369 2189/3044/2413
f 1728/3051/2420 2189/3044/2413 2481/3043/2412 2195/3052/2421
f 1728/3051/2420 2195/3052/2421 2484/3047/2416 2188/3046/2415
f 1728/3051/2420 2188/3046/2415 2474/2996/2373 2174/3001/2378
f 1729/3053/2422 2175/3003/2380 2476/2998/2375 2191/3050/2419
f 1729/3053/2422 2191/3050/2419 2483/3049/2418 2196/3054/2423
f 1729/3053/2422 2196/3054/2423 2482/3055/2410 2186/3056/2409
f 1729/3053/2422 2186/3056/2409 2475/3004/2367 2175/3003/2380
f 1730/3057/2424 2197/3058/2425 2449/2867/2263 2129/2866/2262
f 1730/3057/2424 2129/2866/2262 2450/2865/2261 2198/3059/2426
f 1730/3057/2424 2198/3059/2426 2486/2845/2243 2201/2844/2242
f 1730/3057/2424 2201/2844/2242 2485/2843/2241 2197/3058/2425
f 1731/3060/2427 2199/3061/2428 2451/2873/2269 2130/2872/2268
f 1731/3060/2427 2130/2872/2268 2449/2867/2263 2197/3058/2425
f 1731/3060/2427 2197/3058/2425 2485/2843/2241 2202/2850/2248
f 1731/3060/2427 2202/2850/2248 2487/2849/2247 2199/3061/2428
f 1732/3062/2429 2198/3063/2426 2450/2882/2261 2131/2881/2275
f 1732/3062/2429 2131/2881/2275 2452/2880/2274 2200/3064/2430
f 1732/3062/2429 2200/3064/2430 2488/2855/2251 2203/2854/2250
f 1732/3062/2429 2203/2854/2250 2486/2853/2243 2198/3063/2426
f 1733/3065/2431 2200/3064/2430 2452/2880/2274 2132/2885/2278
f 1733/3065/2431 2132/2885/2278 2451/2873/2269 2199/3061/2428
f 1733/3065/2431 2199/3061/2428 2487/2849/2247 2204/2858/2254
f 1733/3065/2431 2204/2858/2254 2488/2855/2251 2200/3064/2430
f 1734/3066/2432 1964/2451/1953 2393/2090/1650 2040/2722/2147
f 1734/3066/2432 2040/2722/2147 2395/2726/2151 2042/3067/2433
f 1734/3066/2432 2042/3067/2433 2490/2644/2083 2208/2643/2082
f 1734/3066/2432 2208/2643/2082 2489/2005/1568 1964/2451/1953
f 1735/3068/2434 2042/3067/2433 2395/2726/2151 2043/2728/2153
f 1735/3068/2434 2043/2728/2153 2397/2732/2157 2045/3069/2435
f 1735/3068/2434 2045/3069/2435 2491/2648/2087 2209/2647/2086
f 1735/3068/2434 2209/2647/2086 2490/2644/2083 2042/3067/2433
f 1736/3070/2436 2045/3069/2435 2397/2732/2157 2046/3071/2327
f 1736/3070/2436 2046/3071/2327 2399/2705/2136 2048/3072/2437
f 1736/3070/2436 2048/3072/2437 2492/2652/2091 2210/2651/2090
f 1736/3070/2436 2210/2651/2090 2491/2648/2087 2045/3069/2435
f 1737/3073/2438 2048/3072/2437 2399/2705/2136 2049/2704/2135
f 1737/3073/2438 2049/2704/2135 2401/2711/1637 1792/3074/1960
f 1737/3073/2438 1792/3074/1960 2493/2657/1584 2211/2656/2095
f 1737/3073/2438 2211/2656/2095 2492/2652/2091 2048/3072/2437
f 1738/3075/2439 2194/3048/2417 2484/3047/2416 2232/3076/2440
f 1738/3075/2439 2232/3076/2440 2497/3017/2392 2229/3016/2391
f 1738/3075/2439 2229/3016/2391 2495/3023/2398 2233/3077/2441
f 1738/3075/2439 2233/3077/2441 2483/3049/2418 2194/3048/2417
f 1739/3078/2442 2145/3079/2443 2460/3080/2305 2134/3081/2444
f 1739/3078/2442 2134/3081/2444 2458/2897/2290 2146/3082/2445
f 1739/3078/2442 2146/3082/2445 2504/2926/2314 2217/2925/2313
f 1739/3078/2442 2217/2925/2313 2505/2924/2310 2145/3079/2443
f 1740/3083/2446 2148/3084/2447 2457/2888/2281 2133/2887/2280
f 1740/3083/2446 2133/2887/2280 2459/2894/2287 2147/3085/2448
f 1740/3083/2446 2147/3085/2448 2503/2918/2308 2216/2933/2321
f 1740/3083/2446 2216/2933/2321 2502/2930/2318 2148/3084/2447
f 1741/3086/2449 2193/3042/2411 2482/3041/2410 2235/3087/2450
f 1741/3086/2449 2235/3087/2450 2496/3008/2383 2230/3007/2382
f 1741/3086/2449 2230/3007/2382 2494/3014/2389 2234/3088/2451
f 1741/3086/2449 2234/3088/2451 2481/3043/2412 2193/3042/2411
f 1742/3089/2452 2262/3090/2453 2519/3091/2454 2267/3092/2455
f 1742/3089/2452 2267/3092/2455 2499/3093/2456 2215/3094/2457
f 1742/3089/2452 2215/3094/2457 2501/3095/2458 2224/3096/2459
f 1742/3089/2452 2224/3096/2459 2521/3097/2460 2262/3090/2453
f 1743/3098/2461 2147/3085/2448 2459/2894/2287 2135/2911/2301
f 1743/3098/2461 2135/2911/2301 2460/2915/2305 2145/3099/2443
f 1743/3098/2461 2145/3099/2443 2505/2920/2310 2218/2919/2309
f 1743/3098/2461 2218/2919/2309 2503/2918/2308 2147/3085/2448
f 1744/3100/2462 2146/3082/2445 2458/2897/2290 2136/2896/2289
f 1744/3100/2462 2136/2896/2289 2457/2888/2281 2148/3084/2447
f 1744/3100/2462 2148/3084/2447 2502/2930/2318 2219/2929/2317
f 1744/3100/2462 2219/2929/2317 2504/2926/2314 2146/3082/2445
f 1745/3101/2463 2195/3052/2421 2481/3043/2412 2234/3088/2451
f 1745/3101/2463 2234/3088/2451 2494/3014/2389 2231/3102/2464
f 1745/3101/2463 2231/3102/2464 2497/3017/2392 2232/3076/2440
f 1745/3101/2463 2232/3076/2440 2484/3047/2416 2195/3052/2421
f 1746/3103/2465 2215/3104/2457 2499/3105/2456 2213/3106/2466
f 1746/3103/2465 2213/3106/2466 2498/3107/2467 2214/3108/2468
f 1746/3103/2465 2214/3108/2468 2500/3109/2469 2212/3110/2470
f 1746/3103/2465 2212/3110/2470 2501/3095/2458 2215/3104/2457
f 1747/3111/2471 2261/3112/2472 2520/3113/2473 2265/3114/2474
f 1747/3111/2471 2265/3114/2474 2500/3115/2469 2214/3116/2468
f 1747/3111/2471 2214/3116/2468 2498/3117/2467 2227/3118/2475
f 1747/3111/2471 2227/3118/2475 2518/3119/2476 2261/3112/2472
f 1748/3120/2477 2263/3121/2478 2521/3097/2460 2224/3096/2459
f 1748/3120/2477 2224/3096/2459 2501/3095/2458 2212/3110/2470
f 1748/3120/2477 2212/3110/2470 2500/3109/2469 2265/3122/2474
f 1748/3120/2477 2265/3122/2474 2520/3123/2473 2263/3121/2478
f 1749/3124/2479 2260/3125/2480 2518/3119/2476 2227/3118/2475
f 1749/3124/2479 2227/3118/2475 2498/3117/2467 2213/3126/2466
f 1749/3124/2479 2213/3126/2466 2499/3093/2456 2267/3092/2455
f 1749/3124/2479 2267/3092/2455 2519/3091/2454 2260/3125/2480
f 1750/3127/2481 2196/3054/2423 2483/3049/2418 2233/3077/2441
f 1750/3127/2481 2233/3077/2441 2495/3023/2398 2228/3034/2406
f 1750/3127/2481 2228/3034/2406 2496/3038/2383 2235/3128/2450
f 1750/3127/2481 2235/3128/2450 2482/3055/2410 2196/3054/2423
f 1751/3129/2482 2236/3130/2483 2509/3131/2484 2239/3132/2485
f 1751/3129/2482 2239/3132/2485 2507/3133/2486 2237/3134/2487
f 1751/3129/2482 2237/3134/2487 2506/2907/2298 2238/2906/2297
f 1751/3129/2482 2238/2906/2297 2508/2905/2296 2236/3130/2483
f 1752/3135/2488 2144/3136/2304 2456/3137/2303 2243/3138/2489
f 1752/3135/2488 2243/3138/2489 2507/3133/2486 2239/3132/2485
f 1752/3135/2488 2239/3132/2485 2509/3131/2484 2242/3139/2490
f 1752/3135/2488 2242/3139/2490 2460/3140/2305 2144/3136/2304
f 1753/3141/2491 2134/3142/2444 2460/3143/2305 2242/3144/2490
f 1753/3141/2491 2242/3144/2490 2509/3145/2484 2236/3146/2483
f 1753/3141/2491 2236/3146/2483 2508/3147/2296 2241/3148/2295
f 1753/3141/2491 2241/3148/2295 2458/3149/2290 2134/3142/2444
f 1754/3150/2492 2138/3151/2493 2455/3152/2292 2240/3153/2299
f 1754/3150/2492 2240/3153/2299 2506/3154/2298 2237/3155/2487
f 1754/3150/2492 2237/3155/2487 2507/3133/2486 2243/3138/2489
f 1754/3150/2492 2243/3138/2489 2456/3137/2303 2138/3151/2493
f 1755/3156/2494 2247/3157/2495 2512/3158/2496 2245/3159/2497
f 1755/3156/2494 2245/3159/2497 2510/3160/2498 2244/3161/2499
f 1755/3156/2494 2244/3161/2499 2511/3162/2403 2246/3163/2402
f 1755/3156/2494 2246/3163/2402 2513/3164/2401 2247/3157/2495
f 1756/3165/2500 2185/3166/2388 2477/3167/2387 2251/3168/2501
f 1756/3165/2500 2251/3168/2501 2510/3169/2498 2245/3170/2497
f 1756/3165/2500 2245/3170/2497 2512/3171/2496 2250/3172/2502
f 1756/3165/2500 2250/3172/2502 2494/3173/2389 2185/3166/2388
f 1757/3174/2503 2231/3175/2464 2494/3173/2389 2250/3172/2502
f 1757/3174/2503 2250/3172/2502 2512/3171/2496 2247/3176/2495
f 1757/3174/2503 2247/3176/2495 2513/3177/2401 2249/3178/2400
f 1757/3174/2503 2249/3178/2400 2497/3179/2392 2231/3175/2464
f 1758/3180/2504 2182/3181/2505 2478/3182/2394 2248/3183/2404
f 1758/3180/2504 2248/3183/2404 2511/3184/2403 2244/3185/2499
f 1758/3180/2504 2244/3185/2499 2510/3169/2498 2251/3168/2501
f 1758/3180/2504 2251/3168/2501 2477/3167/2387 2182/3181/2505
f 1759/3186/2506 2139/2912/2302 2453/2892/2285 2255/3187/2507
f 1759/3186/2506 2255/3187/2507 2517/2792/2206 2256/2791/2205
f 1759/3186/2506 2256/2791/2205 2514/2798/2212 2252/3188/2508
f 1759/3186/2506 2252/3188/2508 2456/2913/2303 2139/2912/2302
f 1760/3189/2509 2138/3190/2493 2456/3191/2303 2252/3192/2508
f 1760/3189/2509 2252/3192/2508 2514/2801/2212 2257/2800/2214
f 1760/3189/2509 2257/2800/2214 2515/2807/2218 2253/3193/2510
f 1760/3189/2509 2253/3193/2510 2455/2899/2292 2138/3190/2493
f 1761/3194/2511 2137/2900/2293 2455/2899/2292 2253/3193/2510
f 1761/3194/2511 2253/3193/2510 2515/2807/2218 2258/2809/2220
f 1761/3194/2511 2258/2809/2220 2516/2813/2224 2254/3195/2512
f 1761/3194/2511 2254/3195/2512 2454/2890/2283 2137/2900/2293
f 1762/3196/2513 2104/2891/2284 2454/2890/2283 2254/3195/2512
f 1762/3196/2513 2254/3195/2512 2516/2813/2224 2259/2815/2226
f 1762/3196/2513 2259/2815/2226 2517/2792/2206 2255/3187/2507
f 1762/3196/2513 2255/3187/2507 2453/2892/2285 2104/2891/2284
f 1763/3197/2514 2184/3011/2386 2479/3010/2385 2225/3198/2515
f 1763/3197/2514 2225/3198/2515 2520/3113/2473 2261/3112/2472
f 1763/3197/2514 2261/3112/2472 2518/3119/2476 2264/3199/2516
f 1763/3197/2514 2264/3199/2516 2477/3012/2387 2184/3011/2386
f 1764/3200/2517 2182/3201/2505 2477/3012/2387 2264/3199/2516
f 1764/3200/2517 2264/3199/2516 2518/3119/2476 2260/3125/2480
f 1764/3200/2517 2260/3125/2480 2519/3091/2454 2226/3202/2518
f 1764/3200/2517 2226/3202/2518 2478/3019/2394 2182/3201/2505
f 1765/3203/2519 2181/3020/2395 2478/3019/2394 2226/3202/2518
f 1765/3203/2519 2226/3202/2518 2519/3091/2454 2262/3090/2453
f 1765/3203/2519 2262/3090/2453 2521/3097/2460 2266/3204/2520
f 1765/3203/2519 2266/3204/2520 2480/3021/2396 2181/3020/2395
f 1766/3205/2521 2183/3035/2407 2480/3021/2396 2266/3204/2520
f 1766/3205/2521 2266/3204/2520 2521/3097/2460 2263/3121/2478
f 1766/3205/2521 2263/3121/2478 2520/3123/2473 2225/3206/2515
f 1766/3205/2521 2225/3206/2515 2479/3036/2385 2183/3035/2407
o Plane.001
v 16.017570 0.000000 16.017570
v -16.017570 0.000000 16.017570
v 16.017570 0.000000 -16.017570
v -16.017570 0.000000 -16.017570
vn 0.0000 1.0000 0.0000
usemtl Material.001
s off
f 2523//2522 2522//2522 2524//2522 2525//2522
